k15 v80 0 0 2070430972 269001 0 3218430549
k6 v62 0 0 2070430971 269002 0 2147028003
k12 v18 0 0 2070430971 269003 0 1378286528
k6 v26 0 0 2070430972 269004 0 4214768548
k3 v91 0 0 2070430972 269005 0 3332641956
k2 v67 0 0 2070430972 269006 0 3201089352
k11 v82 0 0 2070430971 269007 0 2912038191
k9 v20 0 0 2070430972 269008 0 2779663093
k16 v59 0 0 2070430972 269009 0 1367640775
k12 v91 0 0 2070430972 269010 0 721953109
k7 v71 0 0 2070430972 269011 0 1889081012
k15 v78 0 0 2070430972 269012 0 1156856381
k0 v87 0 0 2070430971 269013 0 1924135296
k15 v35 0 0 2070430972 269014 0 3053887405
k14 v18 0 0 2070430972 269015 0 1727742952
k1 v2 0 0 2070430972 269016 0 3556252837
k4 v29 0 0 2070430972 269017 0 1088346520
k15 v37 0 0 2070430972 269018 0 3497895469
k6 v38 0 0 2070430972 269019 0 3379994407
k6 v68 0 0 2070430972 269020 0 2547064082
k7 v1 0 0 2070430972 269021 0 1135027057
k12 v1 0 0 2070430972 269022 0 1240266748
k1 v57 0 0 2070430972 269023 0 3452183741
k13 v68 0 0 2070430972 269024 0 1660473862
k17 v19 0 0 2070431456 269025 0 3925052870
k6 v22 0 0 2070431456 269026 0 447441949
k7 v66 0 0 2070430971 269027 0 3566480773
k8 v99 0 0 2070431456 269028 0 96821282
k6 v87 0 0 2070430972 269029 0 3913538250
k19 v80 0 0 2070431456 269030 0 983647732
k12 v3 0 0 2070431456 269031 0 922864264
k3 v80 0 0 2070430972 269032 0 1897825506
k4 v67 0 0 2070431456 269033 0 3002856738
k4 v94 0 0 2070431456 269034 0 503750913
k19 v43 0 0 2070431456 269035 0 3748983222
k0 v96 0 0 2070430972 269036 0 2020501136
k3 v96 0 0 2070431456 269037 0 2304515296
k14 v75 0 0 2070430972 269038 0 2428365472
k10 v5 0 0 2070431456 269039 0 1437275349
k16 v57 0 0 2070430972 269040 0 2662847029
k1 v85 0 0 2070431456 269041 0 128757854
k18 v79 0 0 2070430972 269042 0 3167669233
k18 v95 0 0 2070430972 269043 0 2771176427
k7 v63 0 0 2070431456 269044 0 3237848836
k19 v61 0 0 2070431456 269045 0 4096889026
k12 v86 0 0 2070431456 269046 0 2613777209
k0 v34 0 0 2070430971 269047 0 3779934256
k10 v90 0 0 2070430972 269048 0 1844150553
k17 v76 0 0 2070431456 269049 0 3412708255
k18 v87 0 0 2070431456 269050 0 1142650113
k9 v81 0 0 2070431456 269051 0 1211789846
k12 v85 0 0 2070431456 269052 0 1372385728
k12 v91 0 0 2070430972 269053 0 120379978
k6 v57 0 0 2070431456 269054 0 1874808413
k9 v79 0 0 2070431456 269055 0 4254658190
k2 v29 0 0 2070431456 269056 0 768229491
k11 v79 0 0 2070430972 269057 0 1538391153
k10 v96 0 0 2070431456 269058 0 1992688887
k5 v40 0 0 2070431456 269059 0 3530173472
k13 v81 0 0 2070431456 269060 0 3022138518
k17 v68 0 0 2070431456 269061 0 2249612544
k3 v22 0 0 2070431456 269062 0 3806415490
k1 v7 0 0 2070431456 269063 0 512121974
k16 v58 0 0 2070431457 269064 0 3618030060
k0 v81 0 0 2070431457 269065 0 2037424167
k17 v1 0 0 2070431457 269066 0 862330742
k1 v97 0 0 2070431457 269067 0 3419158074
k17 v84 0 0 2070431456 269068 0 1462621970
k17 v12 0 0 2070431456 269069 0 1883107694
k14 v48 0 0 2070431456 269070 0 216940086
k17 v62 0 0 2070431456 269071 0 3502348041
k9 v65 0 0 2070431456 269072 0 4256240210
k3 v64 0 0 2070431456 269073 0 1826785434
k18 v47 0 0 2070431456 269074 0 351824294
k1 v15 0 0 2070431456 269075 0 3685630443
k10 v99 0 0 2070431456 269076 0 2539556150
k11 v27 0 0 2070431456 269077 0 1377998417
k9 v10 0 0 2070431457 269078 0 2308549633
k9 v80 0 0 2070431457 269079 0 715790248
k2 v46 0 0 2070431456 269080 0 4192862529
k17 v84 0 0 2070431457 269081 0 1088111055
k18 v22 0 0 2070431457 269082 0 1491295322
k19 v15 0 0 2070431457 269083 0 1087480767
k10 v2 0 0 2070431456 269084 0 219423722
k16 v99 0 0 2070431456 269085 0 1525017522
k11 v56 0 0 2070431457 269086 0 2152684973
k11 v57 0 0 2070431457 269087 0 4231223210
k15 v84 0 0 2070431457 269088 0 2089757039
k15 v49 0 0 2070431457 269089 0 3838710606
k6 v57 0 0 2070431457 269090 0 3462623907
k14 v4 0 0 2070431457 269091 0 1703523283
k18 v7 0 0 2070431457 269092 0 82778330
k11 v15 0 0 2070431457 269093 0 1101695662
k6 v28 0 0 2070431457 269094 0 3212263902
k10 v92 0 0 2070431457 269095 0 1211459609
k7 v71 0 0 2070431457 269096 0 1672323929
k8 v78 0 0 2070431456 269097 0 950052090
k8 v43 0 0 2070431457 269098 0 989765936
k12 v32 0 0 2070431457 269099 0 3357605111
k14 v22 0 0 2070431457 269100 0 3701467824
k8 v77 0 0 2070431457 269101 0 1772236585
k4 v84 0 0 2070431457 269102 0 2715180219
k7 v49 0 0 2070431457 269103 0 1332895655
k16 v7 0 0 2070431457 269104 0 778739510
k3 v9 0 0 2070431457 269105 0 267346526
k8 v22 0 0 2070431457 269106 0 2152394452
k16 v71 0 0 2070431457 269107 0 1556243825
k15 v79 0 0 2070431457 269108 0 811898417
k18 v14 0 0 2070431457 269109 0 4068846714
k5 v21 0 0 2070431457 269110 0 3823986382
k9 v94 0 0 2070430971 269111 0 1402772417
k5 v96 0 0 2070431457 269112 0 1853040970
k3 v97 0 0 2070431457 269113 0 4291121463
k11 v65 0 0 2070431457 269114 0 3517164780
k5 v44 0 0 2070431457 269115 0 1127040850
k13 v5 0 0 2070431457 269116 0 2631472847
k10 v57 0 0 2070431457 269117 0 3492667796
k6 v60 0 0 2070431457 269118 0 709880326
k6 v42 0 0 2070431457 269119 0 492743862
k1 v71 0 0 2070431457 269120 0 1825898017
k16 v61 0 0 2070431457 269121 0 2529596679
k11 v97 0 0 2070431457 269122 0 56904849
k14 v44 0 0 2070431457 269123 0 2250831118
k0 v98 0 0 2070431458 269124 0 1637360153
k12 v44 0 0 2070431457 269125 0 1035477234
k18 v89 0 0 2070431457 269126 0 2061559966
k12 v73 0 0 2070431457 269127 0 2513724928
k13 v74 0 0 2070431457 269128 0 1752905352
k4 v83 0 0 2070431457 269129 0 2699229069
k15 v77 0 0 2070431458 269130 0 975436715
k15 v26 0 0 2070431458 269131 0 3413931657
k1 v64 0 0 2070431457 269132 0 3950028053
k9 v91 0 0 2070431457 269133 0 2504886339
k2 v79 0 0 2070431457 269134 0 3796156061
k17 v76 0 0 2070431457 269135 0 377877997
k14 v9 0 0 2070431457 269136 0 699580682
k10 v21 0 0 2070431458 269137 0 3880598747
k2 v98 0 0 2070431457 269138 0 4166633063
k2 v75 0 0 2070431458 269139 0 1576857495
k6 v36 0 0 2070431457 269140 0 3982342165
k13 v33 0 0 2070431458 269141 0 2544452087
k12 v65 0 0 2070431458 269142 0 787997200
k19 v32 0 0 2070431458 269143 0 769100028
k17 v80 0 0 2070431458 269144 0 466080382
k3 v65 0 0 2070431458 269145 0 4038057812
k11 v71 0 0 2070431457 269146 0 879322178
k8 v4 0 0 2070431458 269147 0 3583653697
k18 v38 0 0 2070431458 269148 0 38083549
k16 v16 0 0 2070431458 269149 0 185684442
k14 v51 0 0 2070431458 269150 0 3308974437
k10 v66 0 0 2070431458 269151 0 1176978887
k5 v35 0 0 2070431458 269152 0 3737507579
k6 v68 0 0 2070431458 269153 0 2320064271
k10 v90 0 0 2070431457 269154 0 709276117
k3 v32 0 0 2070431458 269155 0 2634716373
k16 v8 0 0 2070431458 269156 0 3207093714
k4 v40 0 0 2070431457 269157 0 2743897217
k3 v56 0 0 2070431458 269158 0 2423522311
k14 v87 0 0 2070431458 269159 0 940202410
k15 v36 0 0 2070431457 269160 0 2455114769
k4 v86 0 0 2070431458 269161 0 2643990506
k4 v71 0 0 2070431458 269162 0 467955092
k11 v91 0 0 2070431458 269163 0 1081432693
k19 v99 0 0 2070431458 269164 0 2455132454
k6 v96 0 0 2070431458 269165 0 2344125081
k0 v63 0 0 2070431458 269166 0 717290513
k5 v90 0 0 2070431458 269167 0 1263027443
k1 v98 0 0 2070431458 269168 0 1364668189
k12 v11 0 0 2070431458 269169 0 3918365364
k14 v64 0 0 2070431458 269170 0 2519365623
k7 v36 0 0 2070431457 269171 0 1836309977
k12 v92 0 0 2070431458 269172 0 2178971124
k14 v24 0 0 2070431458 269173 0 2952667279
k13 v97 0 0 2070431458 269174 0 1732503737
k2 v48 0 0 2070431458 269175 0 990874633
k19 v63 0 0 2070431458 269176 0 3131211395
k9 v50 0 0 2070431458 269177 0 2103755196
k3 v38 0 0 2070431458 269178 0 2083888840
k15 v14 0 0 2070431458 269179 0 3044843570
k14 v61 0 0 2070431458 269180 0 3070025941
k14 v90 0 0 2070431458 269181 0 2257937916
k3 v5 0 0 2070431458 269182 0 1152092774
k7 v96 0 0 2070431458 269183 0 1276109505
k3 v15 0 0 2070431458 269184 0 2303299881
k17 v14 0 0 2070431458 269185 0 4278418410
k8 v93 0 0 2070430972 269186 0 3887365421
k3 v26 0 0 2070431458 269187 0 1993543107
k18 v96 0 0 2070431459 269188 0 524001611
k8 v94 0 0 2070431458 269189 0 170829647
k18 v83 0 0 2070431458 269190 0 2933527147
k12 v57 0 0 2070431458 269191 0 3167934191
k2 v48 0 0 2070431458 269192 0 2127574980
k1 v6 0 0 2070431458 269193 0 3716896090
k13 v87 0 0 2070431458 269194 0 4060562989
k3 v18 0 0 2070431459 269195 0 3949710444
k5 v59 0 0 2070431459 269196 0 1511182888
k1 v37 0 0 2070431459 269197 0 2895121499
k3 v38 0 0 2070431458 269198 0 1990964162
k2 v6 0 0 2070431458 269199 0 505155728
k19 v51 0 0 2070430962 269200 0 3606044796
k3 v88 0 0 2070431459 269201 0 676009953
k9 v92 0 0 2070431458 269202 0 3928815571
k15 v84 0 0 2070431458 269203 0 3795942203
k15 v20 0 0 2070431459 269204 0 4000386608
k0 v97 0 0 2070431459 269205 0 3649509479
k10 v67 0 0 2070431459 269206 0 3033892317
k6 v52 0 0 2070431458 269207 0 3595621843
k5 v43 0 0 2070431458 269208 0 3717220601
k13 v99 0 0 2070431458 269209 0 3706676472
k8 v20 0 0 2070431459 269210 0 438560821
k18 v95 0 0 2070431459 269211 0 2083832745
k19 v80 0 0 2070431459 269212 0 2017077567
k12 v33 0 0 2070431459 269213 0 3862471738
k15 v59 0 0 2070431459 269214 0 2129137579
k16 v42 0 0 2070431459 269215 0 3166576433
k1 v78 0 0 2070431458 269216 0 199341896
k0 v81 0 0 2070431459 269217 0 4052356761
k19 v38 0 0 2070431459 269218 0 1105370258
k18 v92 0 0 2070431458 269219 0 2567172012
k12 v5 0 0 2070431459 269220 0 3637696012
k14 v73 0 0 2070431459 269221 0 695930400
k5 v71 0 0 2070431459 269222 0 1501659372
k11 v16 0 0 2070431459 269223 0 1574302268
k11 v15 0 0 2070431458 269224 0 1905732015
k15 v28 0 0 2070431459 269225 0 1765096877
k12 v42 0 0 2070431459 269226 0 2508804920
k2 v49 0 0 2070431459 269227 0 3028990038
k11 v52 0 0 2070431459 269228 0 3795174421
k11 v65 0 0 2070431459 269229 0 1635045668
k4 v9 0 0 2070431459 269230 0 305703902
k0 v10 0 0 2070431459 269231 0 2065419487
k0 v60 0 0 2070431459 269232 0 970004804
k11 v76 0 0 2070431459 269233 0 2854919629
k4 v30 0 0 2070431459 269234 0 3807680628
k19 v96 0 0 2070431459 269235 0 788952541
k9 v32 0 0 2070431458 269236 0 1295025285
k6 v60 0 0 2070431459 269237 0 2842468219
k8 v85 0 0 2070431459 269238 0 1002597959
k12 v91 0 0 2070431459 269239 0 346809945
k0 v99 0 0 2070431459 269240 0 3120631705
k12 v67 0 0 2070431459 269241 0 285960239
k7 v80 0 0 2070431459 269242 0 2582158303
k19 v85 0 0 2070431459 269243 0 1281362570
k1 v64 0 0 2070431459 269244 0 3210389962
k8 v42 0 0 2070431459 269245 0 1567403473
k2 v18 0 0 2070431460 269246 0 1738173992
k16 v53 0 0 2070431459 269247 0 1929250688
k10 v3 0 0 2070431459 269248 0 3203757283
k19 v14 0 0 2070431459 269249 0 1774212014
k1 v8 0 0 2070431459 269250 0 945495018
k6 v93 0 0 2070430961 269251 0 3323983275
k7 v29 0 0 2070431459 269252 0 2711622679
k6 v6 0 0 2070431460 269253 0 1234508512
k14 v5 0 0 2070431459 269254 0 3405799181
k3 v40 0 0 2070431460 269255 0 3338595487
k7 v42 0 0 2070431458 269256 0 3442036531
k18 v91 0 0 2070431459 269257 0 1669998506
k1 v4 0 0 2070431460 269258 0 91655143
k16 v71 0 0 2070431460 269259 0 3849785382
k13 v5 0 0 2070431460 269260 0 3996204542
k3 v5 0 0 2070431460 269261 0 2646965297
k17 v51 0 0 2070431460 269262 0 2071108637
k10 v42 0 0 2070431460 269263 0 614726566
k4 v19 0 0 2070431459 269264 0 4165449238
k0 v34 0 0 2070431460 269265 0 2505508602
k19 v1 0 0 2070431459 269266 0 1196931407
k2 v40 0 0 2070431460 269267 0 1845353104
k3 v32 0 0 2070431460 269268 0 3527400543
k19 v57 0 0 2070431460 269269 0 4057393503
k8 v80 0 0 2070431460 269270 0 4183472994
k4 v20 0 0 2070431460 269271 0 563241117
k14 v62 0 0 2070431460 269272 0 3638689854
k9 v49 0 0 2070431459 269273 0 2691810722
k12 v99 0 0 2070431459 269274 0 1004004986
k7 v67 0 0 2070431460 269275 0 3232120460
k2 v16 0 0 2070431460 269276 0 2082773782
k14 v96 0 0 2070431459 269277 0 2175776738
k9 v16 0 0 2070431460 269278 0 2499529859
k5 v52 0 0 2070431460 269279 0 3507613845
k12 v63 0 0 2070431459 269280 0 1340558163
k19 v10 0 0 2070431459 269281 0 3874409371
k6 v45 0 0 2070431460 269282 0 834826835
k11 v1 0 0 2070431460 269283 0 2940166638
k18 v38 0 0 2070431460 269284 0 1597449515
k17 v25 0 0 2070431460 269285 0 430394065
k18 v98 0 0 2070431460 269286 0 2889306018
k8 v21 0 0 2070431460 269287 0 420895189
k12 v35 0 0 2070431460 269288 0 2835151941
k6 v14 0 0 2070431460 269289 0 980555771
k3 v96 0 0 2070431460 269290 0 2657219128
k0 v33 0 0 2070431460 269291 0 455287376
k13 v6 0 0 2070431460 269292 0 2029147531
k18 v13 0 0 2070431460 269293 0 3338814430
k13 v28 0 0 2070431460 269294 0 3077813913
k5 v78 0 0 2070431460 269295 0 3303748560
k14 v93 0 0 2070431460 269296 0 2674023512
k19 v90 0 0 2070431460 269297 0 2990942386
k12 v46 0 0 2070431460 269298 0 1869635040
k1 v30 0 0 2070431460 269299 0 3877637958
k15 v11 0 0 2070431460 269300 0 169488922
k13 v95 0 0 2070431461 269301 0 1501467536
k11 v70 0 0 2070431460 269302 0 2871709579
k12 v21 0 0 2070431460 269303 0 747666324
k18 v75 0 0 2070431460 269304 0 1294995936
k8 v17 0 0 2070431461 269305 0 2920813090
k8 v3 0 0 2070431461 269306 0 2785535786
k4 v72 0 0 2070431460 269307 0 2379630418
k15 v72 0 0 2070431461 269308 0 1476259968
k4 v31 0 0 2070431461 269309 0 1655644979
k4 v98 0 0 2070431460 269310 0 1200559916
k7 v39 0 0 2070431460 269311 0 2350918685
k10 v56 0 0 2070431461 269312 0 2648101726
k19 v81 0 0 2070431460 269313 0 2587386803
k1 v45 0 0 2070431460 269314 0 2790003089
k4 v42 0 0 2070431459 269315 0 3825134314
k2 v40 0 0 2070431461 269316 0 96443055
k5 v25 0 0 2070431461 269317 0 3081430681
k19 v98 0 0 2070431461 269318 0 3523269772
k5 v90 0 0 2070431461 269319 0 1548718237
k14 v59 0 0 2070431461 269320 0 3513114167
k9 v89 0 0 2070431461 269321 0 4048758803
k16 v4 0 0 2070431461 269322 0 2180406493
k6 v68 0 0 2070431460 269323 0 3479676529
k9 v77 0 0 2070431461 269324 0 3653834783
k18 v26 0 0 2070431461 269325 0 3113172670
k6 v31 0 0 2070431460 269326 0 3348052197
k6 v31 0 0 2070431460 269327 0 3734243748
k0 v71 0 0 2070431461 269328 0 1788175156
k8 v44 0 0 2070431461 269329 0 597902255
k17 v77 0 0 2070431461 269330 0 1535035175
k2 v33 0 0 2070431461 269331 0 2402554772
k6 v43 0 0 2070431461 269332 0 3449972636
k8 v85 0 0 2070431461 269333 0 2330130329
k15 v57 0 0 2070431461 269334 0 910217399
k13 v54 0 0 2070431461 269335 0 1832443462
k15 v90 0 0 2070431461 269336 0 3526957419
k13 v86 0 0 2070431461 269337 0 1024541723
k16 v63 0 0 2070431460 269338 0 357158818
k15 v69 0 0 2070431460 269339 0 765618144
k5 v13 0 0 2070431461 269340 0 18722179
k3 v73 0 0 2070431461 269341 0 66186110
k4 v2 0 0 2070431461 269342 0 1172767924
k17 v83 0 0 2070431461 269343 0 2011489814
k17 v5 0 0 2070431460 269344 0 1841617137
k4 v2 0 0 2070431461 269345 0 178688627
k16 v15 0 0 2070431461 269346 0 2951475130
k16 v75 0 0 2070431461 269347 0 1087232829
k7 v85 0 0 2070431461 269348 0 442098527
k9 v54 0 0 2070431461 269349 0 596072023
k1 v97 0 0 2070431460 269350 0 2805367958
k2 v13 0 0 2070431461 269351 0 1870491227
k9 v43 0 0 2070431461 269352 0 3207577766
k0 v35 0 0 2070431461 269353 0 3493479320
k15 v62 0 0 2070431461 269354 0 1650065145
k9 v48 0 0 2070431461 269355 0 3256667417
k17 v82 0 0 2070431461 269356 0 1849049890
k5 v10 0 0 2070431461 269357 0 3761708217
k5 v71 0 0 2070431461 269358 0 4109713142
k0 v2 0 0 2070431461 269359 0 4218430536
k9 v10 0 0 2070431460 269360 0 1635767820
k5 v40 0 0 2070431461 269361 0 956858947
k19 v38 0 0 2070431461 269362 0 3969262216
k12 v28 0 0 2070431461 269363 0 470542924
k19 v39 0 0 2070431461 269364 0 3752574536
k16 v97 0 0 2070431461 269365 0 1753094125
k15 v0 0 0 2070431461 269366 0 2500228892
k2 v41 0 0 2070431461 269367 0 2089584173
k0 v15 0 0 2070431461 269368 0 3578537335
k0 v77 0 0 2070431462 269369 0 2116771999
k10 v2 0 0 2070431461 269370 0 1138310113
k15 v6 0 0 2070431461 269371 0 1604720185
k11 v49 0 0 2070431461 269372 0 3782063751
k7 v13 0 0 2070431462 269373 0 1265603603
k14 v37 0 0 2070431462 269374 0 3532165274
k11 v84 0 0 2070431462 269375 0 2717461699
k6 v9 0 0 2070431461 269376 0 1072639249
k7 v12 0 0 2070431461 269377 0 3303763378
k6 v1 0 0 2070431462 269378 0 2990068174
k5 v40 0 0 2070431462 269379 0 2124178847
k0 v84 0 0 2070431461 269380 0 3359912923
k6 v79 0 0 2070431461 269381 0 3335649635
k4 v64 0 0 2070431462 269382 0 2809068441
k6 v51 0 0 2070431462 269383 0 58149837
k10 v67 0 0 2070431461 269384 0 3659855602
k2 v28 0 0 2070431462 269385 0 3291096692
k9 v11 0 0 2070431462 269386 0 452550843
k1 v27 0 0 2070431461 269387 0 1927875081
k11 v52 0 0 2070431462 269388 0 871958069
k3 v29 0 0 2070431462 269389 0 2525739242
k10 v41 0 0 2070431461 269390 0 3748513129
k16 v80 0 0 2070431462 269391 0 4150245178
k10 v55 0 0 2070431461 269392 0 1013763884
k4 v62 0 0 2070431462 269393 0 999570746
k16 v30 0 0 2070431461 269394 0 1514917641
k7 v96 0 0 2070431461 269395 0 2539438101
k0 v95 0 0 2070431462 269396 0 3958260049
k15 v22 0 0 2070431462 269397 0 3692582662
k15 v73 0 0 2070431462 269398 0 3016030122
k11 v20 0 0 2070431461 269399 0 109488756
k16 v75 0 0 2070431462 269400 0 467524220
k11 v69 0 0 2070431462 269401 0 949210598
k7 v34 0 0 2070431462 269402 0 3479972992
k12 v42 0 0 2070431462 269403 0 2868251740
k8 v41 0 0 2070431462 269404 0 2908423881
k8 v52 0 0 2070431462 269405 0 2217998812
k6 v39 0 0 2070431462 269406 0 2250376701
k7 v57 0 0 2070431462 269407 0 3952054473
k3 v75 0 0 2070431462 269408 0 1111579236
k2 v72 0 0 2070431462 269409 0 560801634
k15 v30 0 0 2070431462 269410 0 1435065810
k13 v39 0 0 2070431462 269411 0 1508176669
k5 v77 0 0 2070431462 269412 0 2657672239
k10 v1 0 0 2070431462 269413 0 3498599936
k4 v28 0 0 2070431462 269414 0 2734515833
k2 v36 0 0 2070431462 269415 0 3490639291
k15 v54 0 0 2070431462 269416 0 3137541323
k18 v26 0 0 2070431462 269417 0 2594692415
k18 v31 0 0 2070431462 269418 0 1671554301
k11 v46 0 0 2070431462 269419 0 1775459461
k9 v53 0 0 2070431462 269420 0 81004645
k12 v11 0 0 2070431462 269421 0 3117314143
k12 v43 0 0 2070431462 269422 0 3574518325
k4 v24 0 0 2070431462 269423 0 1020031756
k7 v42 0 0 2070431462 269424 0 2004239589
k11 v20 0 0 2070431461 269425 0 1001468448
k13 v10 0 0 2070431462 269426 0 144389898
k19 v84 0 0 2070431461 269427 0 2263216342
k1 v28 0 0 2070431462 269428 0 2535578731
k4 v14 0 0 2070431462 269429 0 3174898021
k16 v82 0 0 2070431462 269430 0 3033157016
k8 v90 0 0 2070431462 269431 0 534575552
k11 v5 0 0 2070431462 269432 0 2480016566
k4 v75 0 0 2070431462 269433 0 3578439000
k6 v88 0 0 2070431462 269434 0 2379835893
k7 v3 0 0 2070431463 269435 0 2349083956
k16 v35 0 0 2070431462 269436 0 1564002072
k10 v35 0 0 2070431463 269437 0 1698923709
k8 v0 0 0 2070431462 269438 0 2251490925
k6 v55 0 0 2070431462 269439 0 653762374
k5 v14 0 0 2070431462 269440 0 4076942410
k18 v43 0 0 2070431462 269441 0 394358155
k17 v44 0 0 2070431462 269442 0 2884125523
k6 v34 0 0 2070431463 269443 0 2259115863
k5 v8 0 0 2070431463 269444 0 2356303880
k11 v84 0 0 2070431462 269445 0 1047046691
k11 v91 0 0 2070431462 269446 0 2702551649
k16 v12 0 0 2070431463 269447 0 2286307244
k9 v22 0 0 2070431462 269448 0 3288351681
k12 v44 0 0 2070431462 269449 0 3543388639
k16 v95 0 0 2070431463 269450 0 41096377
k10 v88 0 0 2070431462 269451 0 327406127
k19 v72 0 0 2070431462 269452 0 3093563150
k12 v93 0 0 2070431463 269453 0 2904652604
k15 v43 0 0 2070431463 269454 0 1007221510
k11 v1 0 0 2070431463 269455 0 1515785476
k2 v0 0 0 2070431463 269456 0 1199880271
k7 v74 0 0 2070431463 269457 0 1786977803
k12 v82 0 0 2070431463 269458 0 3026721327
k19 v72 0 0 2070431463 269459 0 2537217627
k3 v99 0 0 2070431463 269460 0 1111923995
k11 v35 0 0 2070431463 269461 0 2929789700
k17 v29 0 0 2070431462 269462 0 3892352086
k12 v52 0 0 2070431463 269463 0 4245418990
k18 v52 0 0 2070431458 269464 0 998430069
k5 v27 0 0 2070431463 269465 0 2515524566
k16 v34 0 0 2070431463 269466 0 4064165419
k10 v57 0 0 2070431463 269467 0 1601910044
k8 v81 0 0 2070431463 269468 0 4274141220
k1 v74 0 0 2070431463 269469 0 462225318
k1 v35 0 0 2070431463 269470 0 3155300645
k14 v7 0 0 2070431463 269471 0 4061886075
k7 v52 0 0 2070431463 269472 0 1956094600
k1 v6 0 0 2070431463 269473 0 2217519345
k16 v29 0 0 2070431462 269474 0 619426611
k4 v82 0 0 2070431463 269475 0 3856827169
k7 v79 0 0 2070431463 269476 0 3326999945
k11 v81 0 0 2070431462 269477 0 630367975
k18 v3 0 0 2070431462 269478 0 1149015029
k13 v88 0 0 2070431464 269479 0 1750383859
k2 v31 0 0 2070431459 269480 0 655074417
k5 v62 0 0 2070431463 269481 0 3262048124
k6 v82 0 0 2070431463 269482 0 1281982770
k14 v32 0 0 2070431463 269483 0 3965888856
k7 v74 0 0 2070430962 269484 0 2980874869
k5 v61 0 0 2070430957 269485 0 2149321213
k11 v41 0 0 2070431464 269486 0 3333543121
k4 v97 0 0 2070431463 269487 0 1759048991
k12 v49 0 0 2070431464 269488 0 3003913936
k7 v65 0 0 2070431463 269489 0 107288590
k7 v31 0 0 2070431464 269490 0 527346709
k13 v20 0 0 2070431464 269491 0 4143891784
k16 v60 0 0 2070431464 269492 0 1409669495
k5 v57 0 0 2070431463 269493 0 2702097717
k10 v52 0 0 2070431464 269494 0 1581644004
k3 v9 0 0 2070431463 269495 0 2317851612
k1 v86 0 0 2070431464 269496 0 458642671
k10 v47 0 0 2070431463 269497 0 3422417343
k1 v43 0 0 2070430962 269498 0 1800141124
k17 v45 0 0 2070430962 269499 0 299067133
k3 v33 0 0 2070431464 269500 0 1653680096
k6 v9 0 0 2070431463 269501 0 313521650
k5 v87 0 0 2070431464 269502 0 2909558740
k14 v94 0 0 2070431463 269503 0 534252123
k9 v79 0 0 2070431463 269504 0 2767970231
k18 v0 0 0 2070431464 269505 0 635951125
k15 v59 0 0 2070431459 269506 0 3502981031
k4 v64 0 0 2070431463 269507 0 1036714278
k8 v84 0 0 2070431464 269508 0 1673329397
k14 v22 0 0 2070431463 269509 0 1073280145
k1 v0 0 0 2070431463 269510 0 2534636848
k18 v79 0 0 2070431463 269511 0 1230498374
k7 v17 0 0 2070431465 269512 0 934962300
k14 v75 0 0 2070430946 269513 0 4208207112
k9 v19 0 0 2070431464 269514 0 1505868127
k8 v73 0 0 2070431462 269515 0 3169767093
k11 v81 0 0 2070431464 269516 0 1188529654
k8 v80 0 0 2070431465 269517 0 1738631114
k8 v67 0 0 2070431464 269518 0 504943032
k6 v45 0 0 2070431465 269519 0 147891914
k18 v91 0 0 2070431465 269520 0 3664885467
k7 v56 0 0 2070431465 269521 0 1766831643
k17 v50 0 0 2070430961 269522 0 2081514448
k11 v90 0 0 2070431464 269523 0 3277551410
k17 v84 0 0 2070431464 269524 0 2967993160
k0 v16 0 0 2070431465 269525 0 1768156938
k9 v45 0 0 2070431465 269526 0 4212056020
k17 v55 0 0 2070431465 269527 0 2597723392
k19 v56 0 0 2070431465 269528 0 1603566937
k12 v21 0 0 2070431465 269529 0 3094353608
k0 v55 0 0 2070431464 269530 0 1680619671
k11 v50 0 0 2070431463 269531 0 3445717843
k18 v33 0 0 2070431465 269532 0 3799892201
k15 v50 0 0 2070431463 269533 0 4278958146
k0 v54 0 0 2070431465 269534 0 2844640843
k1 v66 0 0 2070431465 269535 0 2587224497
k4 v61 0 0 2070431464 269536 0 131684152
k19 v65 0 0 2070431464 269537 0 3251880982
k10 v82 0 0 2070431465 269538 0 597744534
k16 v79 0 0 2070431465 269539 0 2836827387
k5 v51 0 0 2070431465 269540 0 2014023314
k18 v12 0 0 2070431465 269541 0 1304215444
k9 v75 0 0 2070431464 269542 0 744219679
k10 v12 0 0 2070431465 269543 0 2134089264
k9 v14 0 0 2070431465 269544 0 636583303
k1 v41 0 0 2070431465 269545 0 2600098010
k8 v77 0 0 2070431465 269546 0 3575692765
k18 v83 0 0 2070431465 269547 0 3299453372
k5 v82 0 0 2070431465 269548 0 3081422595
k17 v6 0 0 2070431465 269549 0 440974030
k18 v43 0 0 2070431465 269550 0 3173079169
k6 v41 0 0 2070431464 269551 0 1162309593
k16 v81 0 0 2070431465 269552 0 2678157342
k9 v27 0 0 2070431465 269553 0 3217378910
k14 v35 0 0 2070431465 269554 0 879518909
k16 v88 0 0 2070431464 269555 0 3841330099
k0 v68 0 0 2070431465 269556 0 924739443
k18 v94 0 0 2070431464 269557 0 2002773528
k3 v4 0 0 2070431465 269558 0 4262556858
k2 v12 0 0 2070430972 269559 0 1244448537
k2 v91 0 0 2070431465 269560 0 977129375
k9 v42 0 0 2070431464 269561 0 2661828546
k3 v59 0 0 2070431465 269562 0 967351478
k4 v27 0 0 2070431465 269563 0 638974054
k3 v12 0 0 2070431465 269564 0 1333372147
k14 v58 0 0 2070431465 269565 0 1868425422
k4 v90 0 0 2070431464 269566 0 677388731
k17 v70 0 0 2070431465 269567 0 1385260222
k0 v93 0 0 2070431465 269568 0 3585925362
k2 v38 0 0 2070431464 269569 0 517968311
k17 v15 0 0 2070431465 269570 0 3248835991
k14 v84 0 0 2070431465 269571 0 1897198661
k0 v44 0 0 2070431465 269572 0 1728334479
k8 v97 0 0 2070431465 269573 0 2044656497
k18 v36 0 0 2070431465 269574 0 2560892844
k3 v64 0 0 2070431466 269575 0 887874539
k14 v62 0 0 2070431466 269576 0 3879138308
k13 v36 0 0 2070431465 269577 0 3319084660
k12 v71 0 0 2070431466 269578 0 2752275876
k2 v55 0 0 2070431465 269579 0 2480666741
k1 v55 0 0 2070431465 269580 0 1067466044
k3 v52 0 0 2070431465 269581 0 711555335
k3 v0 0 0 2070431466 269582 0 3427066841
k9 v31 0 0 2070431465 269583 0 2900673350
k7 v3 0 0 2070431465 269584 0 3885604214
k0 v78 0 0 2070431465 269585 0 2335253629
k3 v22 0 0 2070431465 269586 0 214919576
k15 v49 0 0 2070431465 269587 0 909899082
k3 v4 0 0 2070431465 269588 0 4140427241
k1 v66 0 0 2070431466 269589 0 3025817279
k9 v26 0 0 2070431465 269590 0 4170571711
k8 v76 0 0 2070431465 269591 0 4158554895
k1 v98 0 0 2070431466 269592 0 58800394
k3 v97 0 0 2070431466 269593 0 2341710723
k14 v49 0 0 2070431466 269594 0 153624969
k2 v38 0 0 2070431465 269595 0 1973197080
k10 v15 0 0 2070431465 269596 0 3956826037
k10 v37 0 0 2070431466 269597 0 1380327142
k14 v17 0 0 2070431466 269598 0 826712775
k4 v85 0 0 2070431465 269599 0 3697158486
k9 v91 0 0 2070431465 269600 0 1515808472
k5 v96 0 0 2070431465 269601 0 2732790719
k11 v85 0 0 2070431466 269602 0 1023699215
k9 v84 0 0 2070431465 269603 0 3307497114
k9 v57 0 0 2070431465 269604 0 2367501252
k18 v18 0 0 2070431466 269605 0 3858160255
k0 v22 0 0 2070431464 269606 0 2854661741
k9 v15 0 0 2070431466 269607 0 4035450323
k9 v78 0 0 2070431466 269608 0 930876023
k7 v85 0 0 2070431466 269609 0 961577961
k9 v92 0 0 2070431466 269610 0 2059224774
k10 v14 0 0 2070431465 269611 0 3713535074
k17 v95 0 0 2070431466 269612 0 1322709724
k8 v96 0 0 2070431466 269613 0 2215515272
k4 v48 0 0 2070431465 269614 0 4094468653
k18 v20 0 0 2070431466 269615 0 49407001
k2 v71 0 0 2070431465 269616 0 2824003010
k17 v2 0 0 2070431466 269617 0 1356273407
k14 v10 0 0 2070431465 269618 0 1110179297
k9 v87 0 0 2070431465 269619 0 2443225581
k16 v50 0 0 2070431466 269620 0 4183038209
k0 v35 0 0 2070431466 269621 0 3663253172
k15 v51 0 0 2070431466 269622 0 3638589944
k4 v78 0 0 2070431466 269623 0 1285164979
k18 v65 0 0 2070431466 269624 0 551534501
k8 v36 0 0 2070431466 269625 0 287573340
k13 v55 0 0 2070431466 269626 0 531310047
k0 v23 0 0 2070431465 269627 0 427061402
k1 v74 0 0 2070431466 269628 0 3883376852
k19 v8 0 0 2070431466 269629 0 1354062230
k18 v98 0 0 2070431466 269630 0 3207960853
k16 v31 0 0 2070431466 269631 0 1926724855
k10 v53 0 0 2070431466 269632 0 2294492676
k4 v64 0 0 2070431466 269633 0 28630001
k10 v16 0 0 2070431466 269634 0 3890896166
k2 v56 0 0 2070431466 269635 0 200604258
k1 v67 0 0 2070431466 269636 0 1212492089
k1 v88 0 0 2070431466 269637 0 4262356201
k6 v90 0 0 2070431466 269638 0 221164964
k13 v82 0 0 2070431466 269639 0 3496246247
k15 v54 0 0 2070431467 269640 0 159102793
k14 v6 0 0 2070431467 269641 0 3145282837
k4 v4 0 0 2070431466 269642 0 4242497610
k15 v1 0 0 2070431466 269643 0 3012138330
k17 v64 0 0 2070431467 269644 0 4221510471
k13 v56 0 0 2070431467 269645 0 1393051642
k10 v73 0 0 2070431467 269646 0 3247373414
k3 v74 0 0 2070431466 269647 0 2314474304
k15 v58 0 0 2070431467 269648 0 311689386
k10 v33 0 0 2070431467 269649 0 1425007634
k8 v75 0 0 2070431467 269650 0 417771123
k10 v86 0 0 2070431466 269651 0 607674169
k19 v17 0 0 2070431467 269652 0 2268730424
k11 v97 0 0 2070431466 269653 0 2009100215
k6 v81 0 0 2070431465 269654 0 3508812065
k16 v34 0 0 2070431467 269655 0 4111865280
k5 v57 0 0 2070431467 269656 0 4213208677
k7 v75 0 0 2070431466 269657 0 3977110434
k7 v36 0 0 2070431467 269658 0 460306050
k13 v35 0 0 2070431466 269659 0 1799432787
k3 v84 0 0 2070431466 269660 0 2300894919
k6 v15 0 0 2070431467 269661 0 418715121
k7 v5 0 0 2070431467 269662 0 1877877436
k0 v68 0 0 2070431467 269663 0 415204860
k7 v40 0 0 2070431467 269664 0 1482185818
k8 v95 0 0 2070431466 269665 0 2024990785
k12 v77 0 0 2070431467 269666 0 1634799800
k17 v26 0 0 2070431466 269667 0 3349927491
k17 v94 0 0 2070431465 269668 0 1520316534
k14 v74 0 0 2070431466 269669 0 1746940761
k4 v72 0 0 2070431467 269670 0 4207099451
k16 v17 0 0 2070431467 269671 0 3650308125
k4 v39 0 0 2070431466 269672 0 617923556
k15 v47 0 0 2070431467 269673 0 274961543
k1 v72 0 0 2070431467 269674 0 92319864
k1 v6 0 0 2070431466 269675 0 815778200
k19 v73 0 0 2070431466 269676 0 2494098259
k16 v95 0 0 2070431467 269677 0 1626706017
k10 v22 0 0 2070431467 269678 0 3037713362
k15 v25 0 0 2070431467 269679 0 3598651207
k15 v71 0 0 2070431467 269680 0 3476004687
k17 v21 0 0 2070431467 269681 0 3061971650
k14 v33 0 0 2070431466 269682 0 1928816048
k18 v81 0 0 2070431467 269683 0 864111555
k5 v28 0 0 2070431467 269684 0 3568726477
k11 v66 0 0 2070431467 269685 0 3432705940
k8 v16 0 0 2070431467 269686 0 535876266
k5 v21 0 0 2070431466 269687 0 3415068516
k16 v32 0 0 2070431467 269688 0 3426968843
k15 v15 0 0 2070431467 269689 0 2789067417
k4 v18 0 0 2070431467 269690 0 1366669001
k6 v16 0 0 2070431467 269691 0 3154124550
k19 v8 0 0 2070431467 269692 0 1941860130
k2 v49 0 0 2070431467 269693 0 2144742163
k0 v64 0 0 2070431467 269694 0 2408868333
k7 v77 0 0 2070431467 269695 0 3494186582
k3 v19 0 0 2070431467 269696 0 351384231
k9 v74 0 0 2070431467 269697 0 2695434306
k16 v31 0 0 2070431467 269698 0 1646805750
k19 v12 0 0 2070431466 269699 0 2331304982
k6 v89 0 0 2070431466 269700 0 409700602
k5 v56 0 0 2070431467 269701 0 1869708906
k6 v26 0 0 2070431467 269702 0 1532924620
k12 v60 0 0 2070431466 269703 0 302242489
k17 v77 0 0 2070431467 269704 0 1951998634
k16 v52 0 0 2070431467 269705 0 964634717
k19 v1 0 0 2070431466 269706 0 2494110630
k17 v0 0 0 2070431467 269707 0 4023217599
k12 v91 0 0 2070431467 269708 0 338671492
k14 v55 0 0 2070431467 269709 0 2568491563
k3 v70 0 0 2070431467 269710 0 4203072462
k12 v59 0 0 2070431467 269711 0 1862253957
k10 v21 0 0 2070431467 269712 0 1551396165
k13 v42 0 0 2070431468 269713 0 3006414745
k12 v81 0 0 2070431467 269714 0 646058273
k9 v86 0 0 2070431468 269715 0 2076946195
k10 v55 0 0 2070431467 269716 0 522110272
k1 v58 0 0 2070431467 269717 0 558717231
k2 v75 0 0 2070431468 269718 0 1535469985
k18 v76 0 0 2070431468 269719 0 175293618
k6 v76 0 0 2070431468 269720 0 1055895977
k7 v78 0 0 2070431467 269721 0 2086614007
k19 v16 0 0 2070431467 269722 0 1605263006
k19 v40 0 0 2070431467 269723 0 1337292079
k1 v28 0 0 2070431467 269724 0 1640051437
k7 v36 0 0 2070431468 269725 0 3390221187
k9 v67 0 0 2070431467 269726 0 1026058195
k14 v96 0 0 2070431468 269727 0 1167964512
k14 v28 0 0 2070431467 269728 0 1546745841
k12 v52 0 0 2070431468 269729 0 1328676864
k1 v49 0 0 2070431468 269730 0 1310044658
k5 v30 0 0 2070431468 269731 0 3322497676
k9 v19 0 0 2070431467 269732 0 681117151
k2 v49 0 0 2070431468 269733 0 333306636
k17 v56 0 0 2070431467 269734 0 4156335816
k8 v83 0 0 2070431468 269735 0 3367387574
k7 v38 0 0 2070431468 269736 0 4177910032
k3 v2 0 0 2070431468 269737 0 3358282824
k2 v78 0 0 2070431468 269738 0 3998268258
k0 v47 0 0 2070431467 269739 0 3296508324
k17 v65 0 0 2070431468 269740 0 2601035980
k9 v93 0 0 2070431468 269741 0 2906454909
k3 v16 0 0 2070431468 269742 0 1699143960
k11 v96 0 0 2070431467 269743 0 1735612733
k19 v58 0 0 2070431468 269744 0 3747141850
k17 v53 0 0 2070431468 269745 0 423773119
k13 v36 0 0 2070431467 269746 0 916747930
k19 v47 0 0 2070431468 269747 0 389052582
k1 v98 0 0 2070431468 269748 0 1312135274
k15 v27 0 0 2070431468 269749 0 2137764443
k5 v44 0 0 2070431467 269750 0 632649938
k17 v81 0 0 2070431468 269751 0 519246931
k12 v74 0 0 2070431468 269752 0 3379450854
k10 v51 0 0 2070431468 269753 0 4071448620
k3 v41 0 0 2070431468 269754 0 1589185823
k4 v24 0 0 2070431468 269755 0 3970724137
k9 v72 0 0 2070431467 269756 0 2352423639
k12 v59 0 0 2070431468 269757 0 3867975795
k2 v92 0 0 2070431468 269758 0 1845979998
k4 v22 0 0 2070431468 269759 0 3292177392
k5 v11 0 0 2070431467 269760 0 2170196401
k3 v80 0 0 2070431467 269761 0 2864997156
k14 v40 0 0 2070431468 269762 0 319944319
k7 v31 0 0 2070431468 269763 0 2047148618
k15 v16 0 0 2070431468 269764 0 3610812893
k19 v46 0 0 2070431467 269765 0 2596661152
k13 v69 0 0 2070431469 269766 0 3507898306
k6 v69 0 0 2070431468 269767 0 2514648077
k0 v97 0 0 2070431467 269768 0 1937622109
k6 v45 0 0 2070431468 269769 0 1016294677
k4 v5 0 0 2070431468 269770 0 83817088
k8 v33 0 0 2070431468 269771 0 4114589691
k8 v64 0 0 2070431468 269772 0 2994066830
k9 v36 0 0 2070431469 269773 0 3143302956
k12 v82 0 0 2070431468 269774 0 1418081013
k19 v19 0 0 2070431468 269775 0 3013306431
k16 v4 0 0 2070431469 269776 0 3218528208
k13 v44 0 0 2070431468 269777 0 1475353594
k9 v26 0 0 2070431469 269778 0 3346310521
k13 v59 0 0 2070431468 269779 0 3774395207
k7 v95 0 0 2070431468 269780 0 3563954129
k0 v58 0 0 2070431469 269781 0 4131339712
k1 v10 0 0 2070431468 269782 0 99178048
k11 v33 0 0 2070431468 269783 0 1576364769
k7 v24 0 0 2070431468 269784 0 2341136902
k7 v97 0 0 2070431469 269785 0 2944277894
k2 v60 0 0 2070431469 269786 0 2989305023
k16 v23 0 0 2070431468 269787 0 3506091221
k1 v31 0 0 2070431469 269788 0 2987361391
k12 v24 0 0 2070431469 269789 0 1674288837
k13 v39 0 0 2070431469 269790 0 20127836
k6 v58 0 0 2070431469 269791 0 439821709
k11 v90 0 0 2070431469 269792 0 3877205192
k7 v61 0 0 2070431468 269793 0 4235903570
k0 v21 0 0 2070431469 269794 0 466733086
k9 v77 0 0 2070431469 269795 0 2415938141
k10 v2 0 0 2070431468 269796 0 2402303249
k10 v67 0 0 2070431469 269797 0 2890679268
k9 v47 0 0 2070431468 269798 0 2451224173
k6 v97 0 0 2070431469 269799 0 2574963305
k4 v41 0 0 2070431469 269800 0 3731784342
k10 v10 0 0 2070431469 269801 0 621277040
k15 v45 0 0 2070431469 269802 0 866951374
k8 v19 0 0 2070431469 269803 0 3848168055
k4 v63 0 0 2070431469 269804 0 2483564643
k4 v80 0 0 2070431468 269805 0 1038041286
k4 v15 0 0 2070431469 269806 0 1274693996
k7 v74 0 0 2070431469 269807 0 3076423568
k18 v24 0 0 2070431469 269808 0 3247406757
k9 v97 0 0 2070431469 269809 0 3100123704
k11 v7 0 0 2070431468 269810 0 3015208870
k7 v22 0 0 2070431469 269811 0 3922110673
k4 v94 0 0 2070431468 269812 0 2724975857
k5 v61 0 0 2070431469 269813 0 2335592651
k4 v40 0 0 2070431469 269814 0 3735492323
k12 v51 0 0 2070431469 269815 0 3668028503
k15 v0 0 0 2070431469 269816 0 2494430509
k10 v9 0 0 2070431467 269817 0 722060394
k18 v31 0 0 2070431468 269818 0 3099019149
k4 v80 0 0 2070431469 269819 0 1543660899
k15 v10 0 0 2070431469 269820 0 2763473176
k15 v25 0 0 2070431469 269821 0 3979879077
k10 v83 0 0 2070431469 269822 0 405778431
k16 v39 0 0 2070431469 269823 0 3842492271
k1 v85 0 0 2070431469 269824 0 1531919919
k5 v60 0 0 2070431469 269825 0 3125637714
k18 v85 0 0 2070431469 269826 0 4175016968
k12 v25 0 0 2070431469 269827 0 3453689229
k19 v13 0 0 2070431470 269828 0 3407244039
k1 v24 0 0 2070431468 269829 0 2249880497
k0 v40 0 0 2070431469 269830 0 3105072666
k4 v59 0 0 2070431468 269831 0 194533436
k8 v10 0 0 2070431469 269832 0 113180827
k12 v91 0 0 2070431469 269833 0 3094663794
k12 v12 0 0 2070431468 269834 0 2982412439
k15 v71 0 0 2070431469 269835 0 1264116202
k9 v60 0 0 2070431469 269836 0 2420615443
k12 v91 0 0 2070431469 269837 0 3692566390
k14 v93 0 0 2070431470 269838 0 1957691431
k1 v15 0 0 2070431470 269839 0 1564454869
k18 v79 0 0 2070431470 269840 0 1025102481
k0 v15 0 0 2070431470 269841 0 198891916
k1 v15 0 0 2070431470 269842 0 3146014875
k11 v12 0 0 2070431470 269843 0 1236383262
k1 v34 0 0 2070431470 269844 0 1820196134
k19 v91 0 0 2070431470 269845 0 2500400642
k6 v57 0 0 2070431469 269846 0 2035433582
k10 v76 0 0 2070431469 269847 0 105543737
k15 v52 0 0 2070431470 269848 0 3101739773
k10 v44 0 0 2070431469 269849 0 689545688
k18 v99 0 0 2070431470 269850 0 4011111446
k8 v76 0 0 2070431469 269851 0 1526839289
k7 v3 0 0 2070431470 269852 0 350907225
k1 v52 0 0 2070431470 269853 0 1356896709
k1 v27 0 0 2070431470 269854 0 1573673285
k7 v81 0 0 2070431470 269855 0 3959984032
k14 v68 0 0 2070431470 269856 0 2430158157
k10 v38 0 0 2070431469 269857 0 210329042
k15 v1 0 0 2070431470 269858 0 1618234449
k3 v94 0 0 2070431474 269859 0 1895513156
k11 v47 0 0 2070431469 269860 0 3481627105
k5 v10 0 0 2070431469 269861 0 2966395346
k2 v20 0 0 2070431474 269862 0 440127950
k10 v48 0 0 2070431470 269863 0 191934399
k10 v58 0 0 2070431469 269864 0 3554653582
k19 v41 0 0 2070431474 269865 0 3122021061
k2 v85 0 0 2070431470 269866 0 279036452
k15 v17 0 0 2070431470 269867 0 93312760
k8 v34 0 0 2070431474 269868 0 3704406348
k16 v46 0 0 2070431474 269869 0 2179428562
k4 v34 0 0 2070431470 269870 0 2440613180
k12 v28 0 0 2070431475 269871 0 1808760641
k1 v89 0 0 2070431474 269872 0 1419142971
k7 v71 0 0 2070431469 269873 0 4260854798
k18 v71 0 0 2070431475 269874 0 2382917914
k18 v67 0 0 2070431475 269875 0 2364169744
k14 v55 0 0 2070431474 269876 0 3663207319
k5 v75 0 0 2070431474 269877 0 3063840808
k4 v75 0 0 2070431474 269878 0 2859824691
k10 v39 0 0 2070431470 269879 0 4242378780
k2 v55 0 0 2070431470 269880 0 3837052667
k18 v42 0 0 2070431470 269881 0 1685324591
k5 v82 0 0 2070431475 269882 0 2706250355
k0 v29 0 0 2070431474 269883 0 479523736
k18 v68 0 0 2070431474 269884 0 781736147
k7 v83 0 0 2070431469 269885 0 640312599
k17 v42 0 0 2070431475 269886 0 366297092
k4 v26 0 0 2070431475 269887 0 3365005232
k8 v82 0 0 2070431470 269888 0 2295854332
k18 v44 0 0 2070431475 269889 0 1617828502
k7 v42 0 0 2070431475 269890 0 1210567906
k15 v24 0 0 2070431475 269891 0 3302946574
k2 v48 0 0 2070431474 269892 0 2055292295
k8 v7 0 0 2070431475 269893 0 3732692481
k12 v14 0 0 2070431470 269894 0 4243461986
k17 v66 0 0 2070431475 269895 0 2501088212
k18 v43 0 0 2070431475 269896 0 124832509
k0 v37 0 0 2070431475 269897 0 867341516
k0 v17 0 0 2070431474 269898 0 2621737440
k0 v18 0 0 2070431475 269899 0 896190494
k2 v9 0 0 2070431475 269900 0 3436705231
k7 v69 0 0 2070431474 269901 0 4232920018
k13 v20 0 0 2070431475 269902 0 4223230212
k16 v63 0 0 2070431475 269903 0 3302838899
k16 v70 0 0 2070431475 269904 0 3153005280
k19 v69 0 0 2070431475 269905 0 3012726339
k3 v43 0 0 2070431474 269906 0 8498629
k11 v7 0 0 2070431475 269907 0 3388601761
k15 v75 0 0 2070431475 269908 0 1245031630
k8 v31 0 0 2070431470 269909 0 3592828223
k8 v84 0 0 2070431475 269910 0 1000386991
k18 v44 0 0 2070431475 269911 0 534432884
k18 v78 0 0 2070431475 269912 0 2631868607
k5 v36 0 0 2070431475 269913 0 523835156
k8 v95 0 0 2070431475 269914 0 2775698547
k12 v47 0 0 2070431475 269915 0 959501429
k0 v28 0 0 2070431469 269916 0 1066885603
k6 v64 0 0 2070431475 269917 0 1247615620
k19 v51 0 0 2070431467 269918 0 3026574678
k7 v91 0 0 2070431475 269919 0 674398959
k8 v25 0 0 2070431475 269920 0 2646031547
k18 v18 0 0 2070431470 269921 0 191481479
k15 v24 0 0 2070431470 269922 0 335159853
k15 v42 0 0 2070431475 269923 0 807372059
k5 v91 0 0 2070431475 269924 0 1917620498
k2 v56 0 0 2070431475 269925 0 3416363939
k12 v19 0 0 2070431475 269926 0 2223044013
k10 v43 0 0 2070431475 269927 0 2856005662
k12 v93 0 0 2070431475 269928 0 1759801707
k12 v26 0 0 2070431475 269929 0 77142944
k17 v74 0 0 2070431474 269930 0 3304157358
k1 v29 0 0 2070431475 269931 0 3448959956
k9 v67 0 0 2070431474 269932 0 565030003
k4 v55 0 0 2070431475 269933 0 3730465186
k17 v85 0 0 2070431469 269934 0 93388880
k11 v3 0 0 2070431475 269935 0 3076833827
k12 v14 0 0 2070431475 269936 0 856922423
k0 v69 0 0 2070431475 269937 0 306362941
k3 v70 0 0 2070431476 269938 0 181859910
k2 v76 0 0 2070431469 269939 0 3267802857
k19 v42 0 0 2070431475 269940 0 526010591
k1 v85 0 0 2070431476 269941 0 1414715218
k18 v32 0 0 2070431476 269942 0 1366769970
k4 v45 0 0 2070431476 269943 0 3393254234
k4 v57 0 0 2070431476 269944 0 3491074191
k10 v33 0 0 2070431476 269945 0 2078846869
k8 v83 0 0 2070431475 269946 0 2322952785
k18 v52 0 0 2070431475 269947 0 1420998482
k8 v70 0 0 2070431476 269948 0 2042993368
k7 v22 0 0 2070431476 269949 0 1362330040
k14 v43 0 0 2070431469 269950 0 2696745155
k9 v64 0 0 2070431475 269951 0 1829686870
k13 v35 0 0 2070431476 269952 0 3350067085
k18 v77 0 0 2070431475 269953 0 4266838275
k17 v3 0 0 2070431475 269954 0 3624129872
k3 v8 0 0 2070431475 269955 0 3307511015
k8 v12 0 0 2070431476 269956 0 3665276459
k3 v29 0 0 2070431476 269957 0 4233952490
k2 v55 0 0 2070431475 269958 0 3572086433
k10 v40 0 0 2070431476 269959 0 282149180
k16 v89 0 0 2070431475 269960 0 1873269132
k7 v9 0 0 2070431475 269961 0 2596818940
k4 v88 0 0 2070431476 269962 0 1367678229
k13 v43 0 0 2070431476 269963 0 825516824
k2 v64 0 0 2070431475 269964 0 1684274769
k17 v70 0 0 2070431474 269965 0 4053839193
k16 v75 0 0 2070431476 269966 0 676447020
k5 v49 0 0 2070431476 269967 0 3857528079
k2 v8 0 0 2070431475 269968 0 1709455411
k0 v86 0 0 2070431475 269969 0 626665929
k4 v65 0 0 2070431476 269970 0 133111741
k2 v33 0 0 2070431476 269971 0 4198385270
k16 v99 0 0 2070431476 269972 0 1292262724
k10 v29 0 0 2070431476 269973 0 3879441898
k17 v94 0 0 2070431476 269974 0 914233019
k19 v65 0 0 2070431476 269975 0 3949241038
k8 v87 0 0 2070431476 269976 0 1213276338
k6 v39 0 0 2070431476 269977 0 4214087773
k7 v54 0 0 2070431476 269978 0 2812941613
k10 v93 0 0 2070431476 269979 0 338515659
k4 v18 0 0 2070431476 269980 0 3540375669
k15 v53 0 0 2070431475 269981 0 4110670487
k13 v53 0 0 2070431476 269982 0 3177970893
k15 v3 0 0 2070431476 269983 0 1061494439
k12 v42 0 0 2070431476 269984 0 2331969863
k17 v26 0 0 2070431476 269985 0 2954599902
k19 v60 0 0 2070431476 269986 0 3768542767
k19 v19 0 0 2070431476 269987 0 1759460546
k6 v17 0 0 2070431476 269988 0 2329276853
k10 v56 0 0 2070431476 269989 0 66112548
k9 v27 0 0 2070431476 269990 0 1322272993
k4 v4 0 0 2070431476 269991 0 2419238095
k2 v53 0 0 2070431476 269992 0 766524793
k3 v56 0 0 2070431476 269993 0 2219980531
k8 v71 0 0 2070431475 269994 0 910195234
k7 v13 0 0 2070431476 269995 0 3945260098
k6 v46 0 0 2070431476 269996 0 4258269807
k19 v52 0 0 2070431475 269997 0 3340357333
k17 v59 0 0 2070431475 269998 0 2675996734
k17 v21 0 0 2070431475 269999 0 1923553685
k11 v66 0 0 2070431476 270000 0 2265493692
k13 v73 0 0 2070431476 270001 0 3352625557
k12 v47 0 0 2070431476 270002 0 1115214136
k3 v12 0 0 2070431475 270003 0 3797687075
k0 v32 0 0 2070431475 270004 0 1060943268
k13 v17 0 0 2070431475 270005 0 2514890221
k8 v68 0 0 2070431477 270006 0 2510337126
k8 v33 0 0 2070431477 270007 0 871012730
k6 v51 0 0 2070431477 270008 0 1710409635
k11 v44 0 0 2070431476 270009 0 2025880580
k8 v67 0 0 2070431475 270010 0 4236381835
k17 v92 0 0 2070431476 270011 0 1893989831
k19 v4 0 0 2070431476 270012 0 2523789732
k13 v20 0 0 2070431477 270013 0 436323153
k10 v88 0 0 2070431477 270014 0 2135470610
k15 v81 0 0 2070431476 270015 0 3379176830
k7 v26 0 0 2070431476 270016 0 633948827
k4 v11 0 0 2070431477 270017 0 482829833
k15 v12 0 0 2070431477 270018 0 2783943823
k5 v2 0 0 2070431476 270019 0 2125953076
k17 v92 0 0 2070431477 270020 0 2803135041
k7 v6 0 0 2070431476 270021 0 3566563004
k1 v69 0 0 2070431476 270022 0 3226416934
k18 v65 0 0 2070431477 270023 0 1466487735
k15 v74 0 0 2070431476 270024 0 3047748951
k17 v44 0 0 2070431476 270025 0 976983324
k0 v35 0 0 2070431477 270026 0 2918163110
k19 v39 0 0 2070431477 270027 0 4133635753
k12 v23 0 0 2070431477 270028 0 3479765981
k13 v18 0 0 2070431476 270029 0 3368534349
k2 v80 0 0 2070431475 270030 0 547545097
k4 v98 0 0 2070431477 270031 0 2488791395
k15 v42 0 0 2070431477 270032 0 3517392718
k5 v66 0 0 2070431477 270033 0 1761590652
k2 v82 0 0 2070431477 270034 0 3424998652
k2 v3 0 0 2070431477 270035 0 496166606
k0 v75 0 0 2070431477 270036 0 3201616938
k9 v42 0 0 2070431477 270037 0 2791272681
k6 v52 0 0 2070431477 270038 0 3357357104
k17 v86 0 0 2070431476 270039 0 1787415398
k1 v30 0 0 2070431477 270040 0 1338065753
k4 v65 0 0 2070431477 270041 0 1801219685
k1 v0 0 0 2070431477 270042 0 3243083270
k14 v65 0 0 2070431477 270043 0 1392528816
k7 v96 0 0 2070431477 270044 0 2205311481
k8 v77 0 0 2070431476 270045 0 2523642968
k10 v48 0 0 2070431477 270046 0 2092834742
k2 v41 0 0 2070431477 270047 0 2061849021
k13 v31 0 0 2070431477 270048 0 92496041
k4 v38 0 0 2070431477 270049 0 2566350309
k1 v9 0 0 2070431476 270050 0 3333383129
k0 v18 0 0 2070431477 270051 0 3044287796
k2 v6 0 0 2070431477 270052 0 2111102116
k1 v9 0 0 2070431476 270053 0 3984732186
k15 v5 0 0 2070431477 270054 0 2333177894
k8 v14 0 0 2070431477 270055 0 43491069
k12 v75 0 0 2070431476 270056 0 2433688248
k5 v5 0 0 2070431477 270057 0 3402849131
k7 v99 0 0 2070431476 270058 0 2653959293
k19 v32 0 0 2070431477 270059 0 1608312538
k6 v33 0 0 2070431477 270060 0 2505392723
k0 v60 0 0 2070431477 270061 0 1125043079
k18 v79 0 0 2070431477 270062 0 93779039
k9 v73 0 0 2070431477 270063 0 3665940131
k17 v50 0 0 2070431477 270064 0 968123608
k8 v80 0 0 2070431476 270065 0 951992715
k19 v82 0 0 2070431476 270066 0 1212469063
k0 v38 0 0 2070431476 270067 0 3372629256
k14 v87 0 0 2070431476 270068 0 1725643447
k5 v20 0 0 2070431477 270069 0 33623667
k4 v78 0 0 2070431477 270070 0 1502241870
k14 v75 0 0 2070431476 270071 0 805311083
k3 v3 0 0 2070431477 270072 0 1123204117
k11 v44 0 0 2070431477 270073 0 1271562901
k5 v56 0 0 2070431478 270074 0 2190021416
k10 v56 0 0 2070431476 270075 0 526203467
k18 v19 0 0 2070431477 270076 0 2516934314
k15 v51 0 0 2070431478 270077 0 1116383023
k6 v75 0 0 2070431477 270078 0 3398712066
k0 v41 0 0 2070431477 270079 0 196481411
k18 v68 0 0 2070431478 270080 0 514003363
k0 v14 0 0 2070431478 270081 0 3082459424
k9 v55 0 0 2070431478 270082 0 1891851500
k12 v55 0 0 2070431478 270083 0 367941345
k5 v97 0 0 2070431478 270084 0 3686359710
k6 v12 0 0 2070431477 270085 0 1663017255
k11 v5 0 0 2070431477 270086 0 3982367479
k4 v53 0 0 2070431478 270087 0 302071069
k18 v8 0 0 2070431478 270088 0 2999411128
k0 v91 0 0 2070431478 270089 0 1897646657
k9 v76 0 0 2070431477 270090 0 3514436162
k12 v38 0 0 2070431478 270091 0 1719033151
k12 v97 0 0 2070431477 270092 0 701654138
k19 v92 0 0 2070431478 270093 0 3024088467
k1 v34 0 0 2070431478 270094 0 3032018171
k17 v95 0 0 2070431478 270095 0 3998408154
k9 v60 0 0 2070431478 270096 0 1173987619
k3 v51 0 0 2070431477 270097 0 1989454756
k14 v99 0 0 2070431477 270098 0 655341037
k16 v47 0 0 2070431477 270099 0 1655411313
k10 v30 0 0 2070431478 270100 0 3092067791
k19 v76 0 0 2070431478 270101 0 2890282002
k19 v31 0 0 2070431478 270102 0 1960232441
k15 v54 0 0 2070431478 270103 0 2963260372
k6 v7 0 0 2070431478 270104 0 1964991558
k9 v42 0 0 2070431478 270105 0 4155759099
k1 v14 0 0 2070431478 270106 0 3576157166
k0 v40 0 0 2070431478 270107 0 2491507719
k15 v2 0 0 2070431477 270108 0 2023175223
k17 v0 0 0 2070431477 270109 0 2232597114
k9 v35 0 0 2070431478 270110 0 61171522
k10 v24 0 0 2070431478 270111 0 1906509438
k10 v49 0 0 2070431478 270112 0 451040982
k18 v47 0 0 2070431478 270113 0 448294870
k8 v59 0 0 2070431477 270114 0 9527827
k5 v65 0 0 2070431478 270115 0 4078237335
k6 v98 0 0 2070431477 270116 0 2377647942
k2 v44 0 0 2070431478 270117 0 909653632
k1 v43 0 0 2070431478 270118 0 637646305
k0 v45 0 0 2070431477 270119 0 4184531213
k4 v92 0 0 2070431478 270120 0 3121053666
k5 v20 0 0 2070431478 270121 0 2890750318
k9 v57 0 0 2070431478 270122 0 254200019
k4 v97 0 0 2070431477 270123 0 1669394066
k8 v68 0 0 2070431478 270124 0 3314448195
k11 v7 0 0 2070431478 270125 0 1622593447
k10 v58 0 0 2070431478 270126 0 2255852883
k7 v15 0 0 2070431477 270127 0 2654301521
k18 v74 0 0 2070431478 270128 0 800966509
k17 v51 0 0 2070431478 270129 0 2414410950
k18 v50 0 0 2070431477 270130 0 2511331290
k19 v66 0 0 2070431478 270131 0 836372949
k5 v39 0 0 2070431478 270132 0 3787722480
k8 v59 0 0 2070431477 270133 0 1280581818
k7 v59 0 0 2070431478 270134 0 2889187161
k9 v13 0 0 2070431478 270135 0 498195393
k12 v49 0 0 2070431478 270136 0 2426180693
k7 v93 0 0 2070431478 270137 0 3875963241
k6 v66 0 0 2070431478 270138 0 2624727107
k7 v34 0 0 2070431479 270139 0 2505900769
k9 v21 0 0 2070431479 270140 0 418631152
k2 v14 0 0 2070431479 270141 0 656462934
k17 v53 0 0 2070431479 270142 0 1861562285
k4 v34 0 0 2070431479 270143 0 471385555
k15 v44 0 0 2070431479 270144 0 2879880911
k18 v55 0 0 2070431479 270145 0 3549953847
k5 v92 0 0 2070431479 270146 0 3205058204
k14 v52 0 0 2070431479 270147 0 55699
k0 v44 0 0 2070431477 270148 0 2212309473
k0 v80 0 0 2070431478 270149 0 973139096
k12 v48 0 0 2070431477 270150 0 2114741899
k2 v1 0 0 2070431479 270151 0 445340835
k16 v64 0 0 2070431479 270152 0 1847495486
k19 v94 0 0 2070431478 270153 0 2176511559
k6 v99 0 0 2070431477 270154 0 3722507870
k14 v55 0 0 2070431479 270155 0 3534780341
k10 v80 0 0 2070431479 270156 0 2056969129
k6 v20 0 0 2070431479 270157 0 1159188942
k5 v67 0 0 2070431478 270158 0 2340247178
k11 v25 0 0 2070431479 270159 0 2362308006
k12 v70 0 0 2070431478 270160 0 1135582767
k18 v81 0 0 2070431478 270161 0 2666105801
k2 v92 0 0 2070431478 270162 0 1660078022
k13 v98 0 0 2070431479 270163 0 1901067684
k15 v51 0 0 2070431478 270164 0 3503946174
k16 v45 0 0 2070431479 270165 0 2730138011
k10 v79 0 0 2070431478 270166 0 14616500
k19 v27 0 0 2070431479 270167 0 3665777627
k9 v8 0 0 2070431478 270168 0 2099396505
k4 v0 0 0 2070431478 270169 0 187173290
k0 v2 0 0 2070431479 270170 0 2179808710
k3 v85 0 0 2070431479 270171 0 1633300853
k15 v19 0 0 2070431478 270172 0 140764678
k6 v38 0 0 2070431479 270173 0 553555336
k19 v73 0 0 2070431478 270174 0 4294182605
k15 v67 0 0 2070431479 270175 0 4221025632
k18 v20 0 0 2070431479 270176 0 3096528106
k13 v67 0 0 2070431479 270177 0 611036568
k3 v67 0 0 2070431478 270178 0 1697902750
k15 v32 0 0 2070431478 270179 0 1025615304
k16 v18 0 0 2070431479 270180 0 3995189596
k4 v39 0 0 2070431479 270181 0 2439338136
k0 v11 0 0 2070431478 270182 0 262241689
k14 v51 0 0 2070431479 270183 0 3269437497
k17 v62 0 0 2070431479 270184 0 801949930
k17 v3 0 0 2070431478 270185 0 1363016616
k0 v93 0 0 2070431479 270186 0 1213974521
k16 v2 0 0 2070431479 270187 0 3723413042
k18 v46 0 0 2070431479 270188 0 1599125066
k19 v77 0 0 2070431479 270189 0 3275871354
k1 v53 0 0 2070431479 270190 0 3015437649
k19 v4 0 0 2070431478 270191 0 509972104
k0 v26 0 0 2070431479 270192 0 1486041920
k1 v20 0 0 2070431479 270193 0 1591244032
k9 v27 0 0 2070431478 270194 0 1020135148
k11 v25 0 0 2070431479 270195 0 694305742
k11 v88 0 0 2070431478 270196 0 3112312373
k11 v46 0 0 2070431479 270197 0 1119906112
k12 v48 0 0 2070431478 270198 0 1726941003
k10 v10 0 0 2070431479 270199 0 1311814890
k2 v35 0 0 2070431479 270200 0 2854541342
k3 v81 0 0 2070431479 270201 0 944595783
k16 v96 0 0 2070431479 270202 0 4240121753
k1 v9 0 0 2070431478 270203 0 1422534728
k4 v9 0 0 2070431479 270204 0 2628274641
k4 v94 0 0 2070431480 270205 0 1581169046
k3 v98 0 0 2070431479 270206 0 275422186
k19 v60 0 0 2070431479 270207 0 1073357487
k10 v82 0 0 2070431479 270208 0 984214958
k18 v92 0 0 2070431480 270209 0 2082982061
k4 v25 0 0 2070431479 270210 0 3656795085
k9 v11 0 0 2070431479 270211 0 1854411607
k16 v71 0 0 2070431478 270212 0 56155923
k18 v78 0 0 2070431479 270213 0 3274060388
k13 v91 0 0 2070431480 270214 0 297724678
k7 v39 0 0 2070431479 270215 0 2659725504
k16 v50 0 0 2070431479 270216 0 708649138
k11 v8 0 0 2070431480 270217 0 850401495
k6 v51 0 0 2070431479 270218 0 3685971757
k17 v3 0 0 2070431480 270219 0 3971019937
k14 v84 0 0 2070431480 270220 0 3044891508
k0 v0 0 0 2070431478 270221 0 2330728336
k14 v9 0 0 2070431480 270222 0 1668259405
k16 v18 0 0 2070431479 270223 0 3660495015
k18 v8 0 0 2070431480 270224 0 3048257421
k7 v53 0 0 2070431480 270225 0 4245749659
k15 v88 0 0 2070431479 270226 0 1804926775
k12 v54 0 0 2070431479 270227 0 2144462176
k1 v54 0 0 2070431479 270228 0 2227601861
k1 v2 0 0 2070431480 270229 0 2475645872
k6 v21 0 0 2070431480 270230 0 3120528361
k16 v13 0 0 2070431480 270231 0 459210640
k19 v59 0 0 2070431480 270232 0 60805982
k2 v89 0 0 2070431480 270233 0 3462616832
k8 v93 0 0 2070431479 270234 0 1681172050
k14 v63 0 0 2070431480 270235 0 4215500581
k4 v15 0 0 2070431480 270236 0 935355964
k15 v26 0 0 2070431480 270237 0 1802843095
k11 v66 0 0 2070431478 270238 0 4061421140
k13 v44 0 0 2070431480 270239 0 617553769
k13 v46 0 0 2070431480 270240 0 982303785
k1 v72 0 0 2070431480 270241 0 4053274220
k15 v33 0 0 2070431480 270242 0 2803729046
k8 v95 0 0 2070431480 270243 0 1794076479
k11 v15 0 0 2070431479 270244 0 1359662289
k13 v53 0 0 2070431480 270245 0 4088095725
k18 v76 0 0 2070431480 270246 0 1637129047
k0 v4 0 0 2070431480 270247 0 2592797593
k14 v35 0 0 2070431480 270248 0 1117920541
k16 v14 0 0 2070431480 270249 0 931972494
k11 v50 0 0 2070431480 270250 0 3441517500
k2 v94 0 0 2070431480 270251 0 3511929859
k7 v90 0 0 2070431480 270252 0 800866270
k1 v96 0 0 2070431478 270253 0 1393702228
k16 v33 0 0 2070431480 270254 0 2254468634
k11 v66 0 0 2070431480 270255 0 1332447439
k9 v31 0 0 2070431480 270256 0 49477835
k17 v74 0 0 2070431480 270257 0 3313724709
k8 v88 0 0 2070431480 270258 0 2706528752
k11 v26 0 0 2070431480 270259 0 4045915000
k17 v85 0 0 2070431479 270260 0 1627399465
k2 v47 0 0 2070431480 270261 0 3563958723
k0 v5 0 0 2070431481 270262 0 1303701610
k4 v16 0 0 2070431480 270263 0 3822394712
k7 v62 0 0 2070431480 270264 0 4252753827
k2 v87 0 0 2070431480 270265 0 2265610506
k1 v60 0 0 2070431480 270266 0 3897145815
k8 v82 0 0 2070431480 270267 0 1939430232
k6 v79 0 0 2070431480 270268 0 1729454749
k9 v87 0 0 2070431481 270269 0 2437500035
k14 v53 0 0 2070431481 270270 0 914993601
k4 v65 0 0 2070431481 270271 0 3670400737
k14 v38 0 0 2070431480 270272 0 207244643
k0 v24 0 0 2070431480 270273 0 1402675859
k7 v99 0 0 2070431480 270274 0 2195628482
k6 v24 0 0 2070431481 270275 0 614594545
k2 v76 0 0 2070431481 270276 0 1212019720
k10 v40 0 0 2070431480 270277 0 2236434527
k14 v31 0 0 2070431481 270278 0 3265480835
k11 v91 0 0 2070431480 270279 0 1292581392
k1 v19 0 0 2070431480 270280 0 634804471
k15 v3 0 0 2070431481 270281 0 3376581688
k18 v57 0 0 2070431480 270282 0 2369887500
k6 v67 0 0 2070431480 270283 0 140336805
k17 v79 0 0 2070431480 270284 0 1344776984
k18 v20 0 0 2070431481 270285 0 2248747934
k5 v13 0 0 2070431481 270286 0 3899653698
k18 v90 0 0 2070431481 270287 0 3939746441
k1 v21 0 0 2070431480 270288 0 197822126
k16 v45 0 0 2070431481 270289 0 444104727
k4 v93 0 0 2070431481 270290 0 24563793
k2 v88 0 0 2070431481 270291 0 1477413772
k12 v48 0 0 2070431481 270292 0 1313051861
k1 v45 0 0 2070431481 270293 0 2642860883
k3 v84 0 0 2070431480 270294 0 2711070824
k12 v18 0 0 2070431481 270295 0 2351007031
k16 v4 0 0 2070431481 270296 0 1610447643
k2 v54 0 0 2070431481 270297 0 1974640562
k19 v0 0 0 2070431480 270298 0 2678301970
k13 v37 0 0 2070431481 270299 0 599544243
k6 v44 0 0 2070431481 270300 0 303593362
k17 v72 0 0 2070431480 270301 0 2844652280
k1 v88 0 0 2070431481 270302 0 2997534104
k18 v53 0 0 2070431481 270303 0 2696048983
k0 v28 0 0 2070431481 270304 0 3199596737
k0 v18 0 0 2070431481 270305 0 3702541155
k7 v6 0 0 2070431481 270306 0 1603880243
k4 v75 0 0 2070431481 270307 0 2931198745
k18 v34 0 0 2070431481 270308 0 1413417929
k10 v70 0 0 2070431480 270309 0 3710097106
k3 v69 0 0 2070431481 270310 0 3663745330
k11 v68 0 0 2070431481 270311 0 1105250699
k17 v68 0 0 2070431481 270312 0 2265442354
k11 v15 0 0 2070431481 270313 0 2891983868
k4 v6 0 0 2070431481 270314 0 1427497158
k5 v39 0 0 2070431480 270315 0 190075062
k14 v22 0 0 2070431481 270316 0 3496128654
k10 v13 0 0 2070431482 270317 0 1507040794
k13 v77 0 0 2070431479 270318 0 2460845808
k4 v34 0 0 2070431481 270319 0 1181348701
k9 v86 0 0 2070431480 270320 0 1458766763
k9 v1 0 0 2070431481 270321 0 967499145
k4 v85 0 0 2070431478 270322 0 1554444518
k19 v74 0 0 2070431482 270323 0 3008032736
k6 v22 0 0 2070431481 270324 0 133103339
k1 v46 0 0 2070431481 270325 0 3499932059
k3 v72 0 0 2070431481 270326 0 601116683
k19 v8 0 0 2070431482 270327 0 1932320918
k0 v1 0 0 2070431482 270328 0 3364627427
k6 v33 0 0 2070431481 270329 0 1224554622
k8 v81 0 0 2070431482 270330 0 1864573606
k0 v13 0 0 2070431482 270331 0 107457701
k16 v72 0 0 2070431481 270332 0 3611292968
k19 v9 0 0 2070431482 270333 0 1944417507
k8 v34 0 0 2070431482 270334 0 2116664360
k1 v38 0 0 2070431482 270335 0 802036080
k8 v80 0 0 2070431481 270336 0 3532765573
k3 v22 0 0 2070431482 270337 0 950111163
k13 v41 0 0 2070431481 270338 0 1648925132
k10 v73 0 0 2070431481 270339 0 3160827359
k12 v78 0 0 2070431482 270340 0 964724577
k13 v83 0 0 2070431482 270341 0 3314501794
k8 v81 0 0 2070431481 270342 0 3604304194
k5 v6 0 0 2070431481 270343 0 196595754
k9 v87 0 0 2070431482 270344 0 290489894
k7 v81 0 0 2070431482 270345 0 1629166574
k1 v29 0 0 2070431482 270346 0 4212253934
k4 v25 0 0 2070431482 270347 0 2853413635
k1 v77 0 0 2070431482 270348 0 4048094498
k11 v49 0 0 2070431482 270349 0 2162080944
k14 v23 0 0 2070431482 270350 0 1792639857
k16 v7 0 0 2070431482 270351 0 2151430644
k2 v77 0 0 2070431482 270352 0 2088877730
k18 v34 0 0 2070431482 270353 0 1066342154
k15 v13 0 0 2070431482 270354 0 4007145026
k16 v65 0 0 2070431481 270355 0 3798809168
k8 v89 0 0 2070431482 270356 0 2687446816
k0 v57 0 0 2070431482 270357 0 145004659
k2 v98 0 0 2070431480 270358 0 1796943300
k14 v79 0 0 2070431482 270359 0 1630347043
k10 v17 0 0 2070431482 270360 0 1563489537
k6 v49 0 0 2070431482 270361 0 928004911
k19 v64 0 0 2070431482 270362 0 847443427
k3 v27 0 0 2070431482 270363 0 1905024075
k8 v90 0 0 2070431482 270364 0 4147748241
k0 v11 0 0 2070431482 270365 0 2920209862
k17 v2 0 0 2070431481 270366 0 2132189782
k12 v95 0 0 2070431482 270367 0 282841045
k7 v58 0 0 2070431482 270368 0 2271007338
k13 v31 0 0 2070431482 270369 0 2599480285
k16 v91 0 0 2070431483 270370 0 3695409521
k15 v63 0 0 2070431482 270371 0 4190930993
k16 v48 0 0 2070431483 270372 0 3189274708
k13 v74 0 0 2070431483 270373 0 2483338586
k16 v46 0 0 2070431482 270374 0 1024496683
k7 v41 0 0 2070431482 270375 0 1414965370
k8 v97 0 0 2070431483 270376 0 3911398185
k4 v63 0 0 2070431482 270377 0 1049592884
k15 v61 0 0 2070431482 270378 0 3804251636
k0 v64 0 0 2070431483 270379 0 2378083876
k1 v26 0 0 2070431481 270380 0 1447153102
k1 v0 0 0 2070431483 270381 0 2856075876
k4 v46 0 0 2070431483 270382 0 1262544560
k17 v7 0 0 2070431483 270383 0 1632676987
k5 v0 0 0 2070431483 270384 0 2347377953
k2 v68 0 0 2070431483 270385 0 351750167
k5 v33 0 0 2070431481 270386 0 3021445210
k4 v85 0 0 2070431482 270387 0 1648317036
k6 v80 0 0 2070431483 270388 0 4010888651
k4 v25 0 0 2070431483 270389 0 4045436791
k18 v95 0 0 2070431483 270390 0 1967361662
k4 v57 0 0 2070431482 270391 0 1471702786
k7 v53 0 0 2070431483 270392 0 2285364795
k0 v99 0 0 2070431483 270393 0 2274091559
k10 v79 0 0 2070431483 270394 0 292501767
k10 v35 0 0 2070431482 270395 0 85012872
k1 v32 0 0 2070431483 270396 0 2462805957
k17 v88 0 0 2070431483 270397 0 1703495170
k14 v3 0 0 2070431482 270398 0 945379584
k17 v35 0 0 2070431483 270399 0 330819252
k0 v72 0 0 2070431483 270400 0 3743229210
k5 v19 0 0 2070431483 270401 0 2573648290
k12 v99 0 0 2070431483 270402 0 3949609710
k15 v42 0 0 2070431483 270403 0 510393898
k16 v21 0 0 2070431483 270404 0 2119899612
k18 v29 0 0 2070431483 270405 0 401133427
k7 v37 0 0 2070431483 270406 0 3331182230
k2 v63 0 0 2070431483 270407 0 2272778476
k16 v20 0 0 2070431483 270408 0 3079237014
k5 v99 0 0 2070431483 270409 0 1951220444
k13 v50 0 0 2070431482 270410 0 1089486888
k11 v37 0 0 2070431481 270411 0 764085814
k17 v28 0 0 2070431483 270412 0 1242354509
k15 v60 0 0 2070431482 270413 0 4245283698
k10 v83 0 0 2070431483 270414 0 2578153238
k10 v15 0 0 2070431482 270415 0 1913739764
k5 v45 0 0 2070431482 270416 0 1163560706
k4 v52 0 0 2070431482 270417 0 3115088282
k5 v91 0 0 2070431483 270418 0 4048539416
k6 v84 0 0 2070431481 270419 0 1757713304
k9 v45 0 0 2070431483 270420 0 3708386550
k5 v82 0 0 2070431484 270421 0 410848581
k17 v41 0 0 2070431481 270422 0 82739803
k2 v8 0 0 2070431483 270423 0 2901010043
k18 v0 0 0 2070431482 270424 0 1327839646
k5 v17 0 0 2070431483 270425 0 3883309999
k10 v61 0 0 2070431483 270426 0 2967132657
k6 v85 0 0 2070431483 270427 0 3544398964
k4 v38 0 0 2070431483 270428 0 1374715498
k4 v15 0 0 2070431483 270429 0 444483835
k15 v13 0 0 2070431484 270430 0 3582043850
k8 v35 0 0 2070431484 270431 0 1031881237
k15 v84 0 0 2070431483 270432 0 3055477034
k0 v94 0 0 2070431482 270433 0 1831885179
k11 v22 0 0 2070431483 270434 0 2769122017
k10 v27 0 0 2070431484 270435 0 103444594
k11 v43 0 0 2070431483 270436 0 73477859
k17 v89 0 0 2070431484 270437 0 2590755122
k0 v88 0 0 2070431484 270438 0 71776066
k3 v44 0 0 2070431484 270439 0 2407796504
k17 v17 0 0 2070431484 270440 0 1941276927
k8 v8 0 0 2070431483 270441 0 222369739
k7 v56 0 0 2070431484 270442 0 1014469847
k19 v49 0 0 2070431484 270443 0 556803618
k19 v42 0 0 2070431484 270444 0 1543711645
k7 v46 0 0 2070431484 270445 0 3974922638
k4 v87 0 0 2070431484 270446 0 3813203451
k13 v95 0 0 2070431484 270447 0 3549741137
k14 v12 0 0 2070431483 270448 0 3972457164
k10 v41 0 0 2070431484 270449 0 3721310696
k18 v64 0 0 2070431484 270450 0 3258577618
k11 v67 0 0 2070431484 270451 0 4014024619
k5 v15 0 0 2070431483 270452 0 1740008801
k19 v61 0 0 2070431484 270453 0 1508744154
k13 v84 0 0 2070431484 270454 0 63324541
k15 v78 0 0 2070431484 270455 0 1748283523
k18 v25 0 0 2070431484 270456 0 3825035945
k17 v95 0 0 2070431484 270457 0 3523873781
k18 v28 0 0 2070431484 270458 0 3408871818
k14 v98 0 0 2070431484 270459 0 2352814571
k3 v35 0 0 2070431483 270460 0 1590215357
k9 v36 0 0 2070431484 270461 0 261105632
k12 v44 0 0 2070431484 270462 0 4221747131
k12 v10 0 0 2070431484 270463 0 561504902
k17 v94 0 0 2070431484 270464 0 2651249961
k10 v88 0 0 2070431484 270465 0 3175664307
k11 v90 0 0 2070431484 270466 0 253175432
k17 v44 0 0 2070431484 270467 0 502923449
k6 v24 0 0 2070431483 270468 0 4152605482
k13 v7 0 0 2070431484 270469 0 1519569755
k18 v81 0 0 2070431484 270470 0 972618259
k8 v45 0 0 2070431484 270471 0 1399811217
k9 v65 0 0 2070431484 270472 0 133551355
k5 v49 0 0 2070431484 270473 0 704199577
k12 v50 0 0 2070431484 270474 0 2098010829
k10 v86 0 0 2070431483 270475 0 2948063994
k14 v94 0 0 2070431484 270476 0 3675778209
k10 v67 0 0 2070431484 270477 0 569163415
k8 v85 0 0 2070431484 270478 0 3047610901
k13 v62 0 0 2070431483 270479 0 3905254178
k15 v76 0 0 2070431482 270480 0 3255604597
k19 v8 0 0 2070431484 270481 0 1935275000
k19 v68 0 0 2070431483 270482 0 3126320421
k0 v28 0 0 2070431484 270483 0 718276963
k18 v0 0 0 2070431483 270484 0 2383985878
k7 v81 0 0 2070431485 270485 0 4279489322
k18 v33 0 0 2070431485 270486 0 1014425391
k14 v7 0 0 2070431485 270487 0 1744631041
k15 v15 0 0 2070431485 270488 0 1501847144
k14 v37 0 0 2070431485 270489 0 4125553164
k15 v31 0 0 2070431484 270490 0 4129051885
k8 v20 0 0 2070431484 270491 0 2219217986
k3 v62 0 0 2070431483 270492 0 197510836
k1 v5 0 0 2070431483 270493 0 798335607
k3 v24 0 0 2070431485 270494 0 220918235
k0 v51 0 0 2070431485 270495 0 549040096
k17 v75 0 0 2070431485 270496 0 3715026942
k0 v54 0 0 2070431484 270497 0 4121894371
k6 v7 0 0 2070431485 270498 0 2769894135
k14 v50 0 0 2070431484 270499 0 804731888
k0 v45 0 0 2070431484 270500 0 4148064022
k5 v17 0 0 2070431484 270501 0 854058169
k18 v46 0 0 2070431485 270502 0 2899854001
k2 v70 0 0 2070431485 270503 0 2914762078
k5 v22 0 0 2070431484 270504 0 520372736
k4 v82 0 0 2070431485 270505 0 2431684864
k2 v28 0 0 2070431485 270506 0 3224639628
k2 v6 0 0 2070431485 270507 0 2888487572
k9 v51 0 0 2070431485 270508 0 3115328693
k4 v40 0 0 2070431484 270509 0 220898771
k13 v6 0 0 2070431485 270510 0 2674801194
k15 v37 0 0 2070431485 270511 0 287428154
k8 v32 0 0 2070431485 270512 0 2155480272
k0 v62 0 0 2070431485 270513 0 352055698
k2 v52 0 0 2070431485 270514 0 3442619999
k15 v20 0 0 2070431484 270515 0 3346607789
k16 v30 0 0 2070431482 270516 0 3271872074
k19 v40 0 0 2070431485 270517 0 3476925378
k1 v7 0 0 2070431483 270518 0 2952805357
k13 v21 0 0 2070431485 270519 0 801843203
k2 v64 0 0 2070431485 270520 0 1411732020
k3 v1 0 0 2070431485 270521 0 261645103
k3 v14 0 0 2070431485 270522 0 2491898938
k12 v5 0 0 2070431485 270523 0 243596986
k13 v44 0 0 2070431485 270524 0 1167343054
k8 v72 0 0 2070431485 270525 0 3749980405
k15 v86 0 0 2070431485 270526 0 1739413111
k15 v60 0 0 2070431486 270527 0 2815816112
k11 v33 0 0 2070431485 270528 0 2350154208
k5 v24 0 0 2070431485 270529 0 3785848168
k5 v44 0 0 2070431485 270530 0 3348799952
k15 v57 0 0 2070431484 270531 0 674373388
k10 v5 0 0 2070431485 270532 0 940403788
k18 v38 0 0 2070431486 270533 0 1226114933
k10 v36 0 0 2070431486 270534 0 521509363
k1 v65 0 0 2070431486 270535 0 3047016926
k18 v50 0 0 2070431485 270536 0 3507169191
k3 v89 0 0 2070431486 270537 0 1791248878
k11 v56 0 0 2070431484 270538 0 2630565520
k6 v69 0 0 2070431486 270539 0 3165070231
k6 v65 0 0 2070431484 270540 0 4181308621
k15 v18 0 0 2070431485 270541 0 2410773901
k10 v25 0 0 2070431486 270542 0 2087970468
k3 v74 0 0 2070431481 270543 0 4217772789
k5 v98 0 0 2070431486 270544 0 1406256650
k1 v7 0 0 2070431485 270545 0 3305803468
k14 v20 0 0 2070431485 270546 0 3175503311
k16 v50 0 0 2070431483 270547 0 3863165112
k11 v93 0 0 2070431486 270548 0 3340825274
k9 v17 0 0 2070431485 270549 0 829957190
k1 v47 0 0 2070431485 270550 0 1826763067
k8 v91 0 0 2070431484 270551 0 241941136
k3 v85 0 0 2070431485 270552 0 1317534481
k17 v34 0 0 2070431484 270553 0 2861275865
k16 v89 0 0 2070431486 270554 0 3558960271
k1 v32 0 0 2070431486 270555 0 3715601626
k19 v11 0 0 2070431485 270556 0 963350076
k0 v29 0 0 2070431485 270557 0 1460994953
k9 v64 0 0 2070431485 270558 0 4025463970
k10 v43 0 0 2070431486 270559 0 3965439307
k19 v58 0 0 2070431485 270560 0 2268233388
k0 v15 0 0 2070431486 270561 0 632201917
k16 v73 0 0 2070431484 270562 0 3642252605
k14 v34 0 0 2070431486 270563 0 2618104512
k19 v47 0 0 2070431486 270564 0 2392084468
k3 v6 0 0 2070431486 270565 0 53915527
k3 v70 0 0 2070431486 270566 0 3250444446
k15 v31 0 0 2070431485 270567 0 3323454188
k8 v70 0 0 2070431486 270568 0 694325003
k7 v35 0 0 2070431486 270569 0 2131407206
k9 v48 0 0 2070431486 270570 0 2647642545
k19 v19 0 0 2070431486 270571 0 1727667652
k18 v51 0 0 2070431486 270572 0 1501984474
k10 v63 0 0 2070431486 270573 0 4059361490
k7 v50 0 0 2070431486 270574 0 382824645
k5 v50 0 0 2070431486 270575 0 3797717613
k9 v48 0 0 2070431485 270576 0 1159360980
k15 v50 0 0 2070431486 270577 0 3657478584
k11 v92 0 0 2070431486 270578 0 2684450725
k1 v29 0 0 2070431487 270579 0 323229632
k10 v2 0 0 2070431486 270580 0 1772437599
k9 v25 0 0 2070431486 270581 0 3487868070
k1 v83 0 0 2070431487 270582 0 1842290947
k13 v1 0 0 2070431486 270583 0 3562664726
k0 v11 0 0 2070431486 270584 0 480940203
k7 v23 0 0 2070431484 270585 0 2164116054
k10 v89 0 0 2070431486 270586 0 50720548
k7 v20 0 0 2070431486 270587 0 1598546531
k0 v40 0 0 2070431486 270588 0 1482384324
k14 v75 0 0 2070431486 270589 0 467853501
k15 v43 0 0 2070431486 270590 0 2947335201
k0 v64 0 0 2070431485 270591 0 2902286205
k0 v68 0 0 2070431486 270592 0 3664328374
k12 v17 0 0 2070431486 270593 0 838230832
k11 v73 0 0 2070431487 270594 0 2083005131
k1 v39 0 0 2070431487 270595 0 716568152
k7 v68 0 0 2070431486 270596 0 3367791388
k19 v85 0 0 2070431486 270597 0 1394614347
k7 v65 0 0 2070431486 270598 0 3765321791
k7 v33 0 0 2070431487 270599 0 1021274896
k8 v78 0 0 2070431487 270600 0 2800877683
k0 v0 0 0 2070431486 270601 0 3426322762
k15 v12 0 0 2070431486 270602 0 1757056673
k13 v18 0 0 2070431486 270603 0 3414060452
k5 v77 0 0 2070431486 270604 0 3913137577
k6 v71 0 0 2070431487 270605 0 3460966558
k15 v81 0 0 2070431486 270606 0 425168007
k5 v54 0 0 2070431487 270607 0 1171759683
k9 v4 0 0 2070431486 270608 0 4252867482
k9 v14 0 0 2070431487 270609 0 3376966083
k0 v99 0 0 2070431487 270610 0 287383188
k10 v52 0 0 2070431486 270611 0 3414423721
k17 v36 0 0 2070431487 270612 0 3798851013
k13 v87 0 0 2070431486 270613 0 202112346
k6 v81 0 0 2070431487 270614 0 2592537798
k16 v63 0 0 2070431487 270615 0 2432104172
k13 v58 0 0 2070431487 270616 0 1771632627
k8 v21 0 0 2070431487 270617 0 2649658962
k12 v98 0 0 2070431487 270618 0 1533230436
k15 v92 0 0 2070431487 270619 0 1674851509
k0 v9 0 0 2070431487 270620 0 3803218191
k5 v86 0 0 2070431487 270621 0 1914055028
k12 v6 0 0 2070431487 270622 0 3903204002
k0 v0 0 0 2070431487 270623 0 824262456
k5 v69 0 0 2070431487 270624 0 2687607200
k1 v66 0 0 2070431487 270625 0 3320398163
k6 v52 0 0 2070431487 270626 0 2911822724
k18 v66 0 0 2070431487 270627 0 1719651188
k11 v15 0 0 2070431488 270628 0 1698932599
k6 v46 0 0 2070431487 270629 0 4213282700
k6 v1 0 0 2070431488 270630 0 3581441446
k18 v6 0 0 2070431488 270631 0 2356866682
k14 v70 0 0 2070431487 270632 0 30845432
k0 v76 0 0 2070431487 270633 0 2530796968
k4 v96 0 0 2070431487 270634 0 168484428
k15 v79 0 0 2070431487 270635 0 760756255
k2 v35 0 0 2070431487 270636 0 3144256373
k1 v39 0 0 2070431487 270637 0 128040674
k13 v76 0 0 2070431487 270638 0 161694729
k17 v89 0 0 2070431487 270639 0 544091092
k13 v91 0 0 2070431488 270640 0 798908427
k12 v68 0 0 2070431487 270641 0 3229600744
k2 v25 0 0 2070431487 270642 0 1167121258
k4 v24 0 0 2070431488 270643 0 218542523
k11 v49 0 0 2070431486 270644 0 2263104565
k0 v1 0 0 2070431487 270645 0 110223178
k13 v31 0 0 2070431488 270646 0 3102920582
k10 v10 0 0 2070431484 270647 0 16836750
k8 v26 0 0 2070431488 270648 0 618265673
k3 v65 0 0 2070431488 270649 0 4140760674
k14 v50 0 0 2070431486 270650 0 520336939
k0 v7 0 0 2070431488 270651 0 1044184832
k8 v16 0 0 2070431487 270652 0 2110451387
k7 v40 0 0 2070431488 270653 0 3270577198
k4 v32 0 0 2070431486 270654 0 1307984178
k11 v59 0 0 2070431487 270655 0 3444433987
k12 v25 0 0 2070431487 270656 0 710161678
k0 v75 0 0 2070431487 270657 0 1502613972
k2 v82 0 0 2070431488 270658 0 1206904291
k0 v73 0 0 2070431488 270659 0 2584785699
k14 v0 0 0 2070431488 270660 0 4067112197
k16 v85 0 0 2070431488 270661 0 2132387492
k14 v89 0 0 2070431488 270662 0 1788091237
k11 v36 0 0 2070431488 270663 0 3402865367
k19 v86 0 0 2070431488 270664 0 3687302307
k7 v86 0 0 2070431488 270665 0 633701865
k15 v60 0 0 2070431488 270666 0 3203978737
k15 v67 0 0 2070431488 270667 0 1185366563
k9 v47 0 0 2070431488 270668 0 796195955
k16 v83 0 0 2070431488 270669 0 870560121
k0 v27 0 0 2070431488 270670 0 2342039672
k2 v32 0 0 2070431488 270671 0 3410297169
k6 v31 0 0 2070431487 270672 0 2529012839
k15 v32 0 0 2070431488 270673 0 2241903146
k8 v50 0 0 2070431487 270674 0 3201172541
k7 v22 0 0 2070431488 270675 0 2883325068
k13 v52 0 0 2070431488 270676 0 3810539987
k9 v2 0 0 2070431488 270677 0 3993181751
k11 v40 0 0 2070431488 270678 0 3307287206
k14 v0 0 0 2070431488 270679 0 577496187
k18 v20 0 0 2070431488 270680 0 1800623015
k4 v77 0 0 2070431488 270681 0 346087602
k16 v57 0 0 2070431488 270682 0 1018503346
k0 v94 0 0 2070431488 270683 0 1521246937
k17 v21 0 0 2070431488 270684 0 475559533
k1 v55 0 0 2070431488 270685 0 3320387840
k16 v65 0 0 2070431488 270686 0 3909685721
k3 v95 0 0 2070431488 270687 0 759342502
k6 v42 0 0 2070431487 270688 0 2705377346
k4 v24 0 0 2070431488 270689 0 4277379157
k18 v86 0 0 2070431488 270690 0 797224014
k8 v81 0 0 2070431488 270691 0 3719396043
k9 v19 0 0 2070431488 270692 0 1243389830
k9 v21 0 0 2070431488 270693 0 3049454230
k17 v50 0 0 2070431488 270694 0 286957892
k5 v3 0 0 2070431488 270695 0 1445912569
k0 v11 0 0 2070431489 270696 0 3838518620
k17 v81 0 0 2070431488 270697 0 4152444818
k15 v3 0 0 2070431489 270698 0 1170592164
k1 v23 0 0 2070431489 270699 0 1240475432
k13 v3 0 0 2070431488 270700 0 2217368920
k6 v39 0 0 2070431489 270701 0 2284997316
k11 v91 0 0 2070431488 270702 0 1334517465
k14 v66 0 0 2070431488 270703 0 1626230114
k14 v35 0 0 2070431488 270704 0 220533066
k4 v62 0 0 2070431488 270705 0 1915961578
k1 v14 0 0 2070431487 270706 0 4141175119
k15 v24 0 0 2070431489 270707 0 2339115035
k8 v46 0 0 2070431488 270708 0 1834038838
k7 v39 0 0 2070431487 270709 0 3457300522
k7 v46 0 0 2070431488 270710 0 3528068481
k8 v27 0 0 2070431488 270711 0 772528584
k4 v10 0 0 2070431489 270712 0 1395870800
k19 v25 0 0 2070431489 270713 0 2336253659
k8 v92 0 0 2070431489 270714 0 3937433241
k11 v9 0 0 2070431489 270715 0 1299229194
k0 v38 0 0 2070431488 270716 0 2193031062
k16 v12 0 0 2070431489 270717 0 58088487
k5 v72 0 0 2070431489 270718 0 240926020
k1 v73 0 0 2070431489 270719 0 1920767696
k14 v47 0 0 2070431489 270720 0 89059434
k6 v19 0 0 2070431488 270721 0 2748882761
k15 v65 0 0 2070431487 270722 0 2542476799
k10 v6 0 0 2070431489 270723 0 1926997812
k10 v85 0 0 2070431489 270724 0 2629562300
k5 v38 0 0 2070431489 270725 0 4233648597
k0 v78 0 0 2070431489 270726 0 1587758570
k3 v49 0 0 2070431489 270727 0 790950963
k13 v69 0 0 2070431489 270728 0 1175627990
k13 v39 0 0 2070431488 270729 0 511712812
k16 v36 0 0 2070431489 270730 0 3852137642
k9 v46 0 0 2070431488 270731 0 631691762
k1 v14 0 0 2070431489 270732 0 2239051808
k7 v26 0 0 2070431488 270733 0 215912426
k4 v19 0 0 2070431489 270734 0 4266775116
k3 v41 0 0 2070431488 270735 0 1302407850
k14 v67 0 0 2070431488 270736 0 2058894392
k17 v42 0 0 2070431489 270737 0 379774392
k14 v97 0 0 2070431489 270738 0 1686412806
k13 v48 0 0 2070431489 270739 0 3748186523
k17 v67 0 0 2070431489 270740 0 2481108120
k0 v25 0 0 2070431489 270741 0 773664279
k9 v11 0 0 2070431489 270742 0 2869542300
k6 v30 0 0 2070431488 270743 0 2300276208
k11 v45 0 0 2070431489 270744 0 877556759
k15 v14 0 0 2070431489 270745 0 3310180518
k15 v10 0 0 2070431489 270746 0 2693652540
k18 v84 0 0 2070431489 270747 0 3603282093
k2 v79 0 0 2070431488 270748 0 2163670247
k8 v59 0 0 2070431489 270749 0 1554799754
k0 v26 0 0 2070431489 270750 0 2574071979
k18 v65 0 0 2070431490 270751 0 1069632898
k10 v59 0 0 2070431487 270752 0 2713976629
k2 v43 0 0 2070431489 270753 0 2187423064
k8 v36 0 0 2070431489 270754 0 1650605335
k2 v53 0 0 2070431489 270755 0 1273055552
k19 v99 0 0 2070431489 270756 0 2095352892
k13 v94 0 0 2070431490 270757 0 917841015
k1 v35 0 0 2070431490 270758 0 4068514123
k12 v91 0 0 2070431489 270759 0 284900442
k19 v54 0 0 2070431489 270760 0 2846006915
k18 v72 0 0 2070431490 270761 0 1125766870
k18 v40 0 0 2070431490 270762 0 3655627130
k18 v57 0 0 2070431489 270763 0 3059051102
k16 v46 0 0 2070431490 270764 0 3874388597
k3 v29 0 0 2070431489 270765 0 3961928619
k4 v5 0 0 2070431490 270766 0 2574670465
k9 v95 0 0 2070431490 270767 0 3067179248
k1 v82 0 0 2070431490 270768 0 1332611604
k9 v96 0 0 2070431489 270769 0 2412715996
k15 v74 0 0 2070431489 270770 0 1279334268
k12 v60 0 0 2070431490 270771 0 4209039676
k19 v39 0 0 2070431489 270772 0 3661272413
k3 v93 0 0 2070431490 270773 0 3128152793
k18 v52 0 0 2070431490 270774 0 3681044953
k9 v69 0 0 2070431488 270775 0 3734553974
k19 v24 0 0 2070431490 270776 0 2682903042
k2 v26 0 0 2070431490 270777 0 806004355
k13 v19 0 0 2070431490 270778 0 554361613
k8 v0 0 0 2070431490 270779 0 3510913382
k6 v72 0 0 2070431489 270780 0 3216094718
k7 v79 0 0 2070431489 270781 0 262927635
k7 v57 0 0 2070431489 270782 0 3652906186
k6 v15 0 0 2070431490 270783 0 2345748992
k1 v74 0 0 2070431490 270784 0 561216233
k9 v11 0 0 2070431490 270785 0 3848723799
k6 v29 0 0 2070431489 270786 0 1455033893
k14 v63 0 0 2070431490 270787 0 3850700343
k3 v79 0 0 2070431490 270788 0 3590447265
k3 v89 0 0 2070431490 270789 0 2198822606
k1 v81 0 0 2070431490 270790 0 591563499
k12 v2 0 0 2070431489 270791 0 738527374
k6 v94 0 0 2070431490 270792 0 3550290758
k6 v17 0 0 2070431490 270793 0 1088247483
k13 v44 0 0 2070431491 270794 0 1895366685
k13 v91 0 0 2070431490 270795 0 638807950
k0 v37 0 0 2070431490 270796 0 883216889
k12 v67 0 0 2070431489 270797 0 1330969163
k1 v76 0 0 2070431490 270798 0 1187653982
k10 v57 0 0 2070431488 270799 0 2348123729
k18 v28 0 0 2070431490 270800 0 3705318504
k1 v76 0 0 2070431491 270801 0 202422608
k11 v35 0 0 2070431490 270802 0 1554899499
k0 v99 0 0 2070431489 270803 0 3466281569
k16 v27 0 0 2070431491 270804 0 3857721487
k6 v25 0 0 2070431490 270805 0 4041551499
k7 v48 0 0 2070431490 270806 0 14128375
k10 v69 0 0 2070431490 270807 0 3837544052
k7 v71 0 0 2070431490 270808 0 502716014
k10 v68 0 0 2070431491 270809 0 3555872802
k1 v55 0 0 2070431491 270810 0 1604628113
k13 v69 0 0 2070431490 270811 0 3317805816
k18 v40 0 0 2070431490 270812 0 2227730345
k4 v80 0 0 2070431491 270813 0 1828579417
k16 v93 0 0 2070431491 270814 0 4096991860
k0 v25 0 0 2070431491 270815 0 3494327896
k14 v84 0 0 2070431491 270816 0 1426961938
k13 v48 0 0 2070431491 270817 0 3734122459
k7 v42 0 0 2070431490 270818 0 3364057968
k18 v49 0 0 2070431491 270819 0 1395278600
k17 v83 0 0 2070431491 270820 0 2528129123
k19 v20 0 0 2070431491 270821 0 206009791
k15 v82 0 0 2070431491 270822 0 746043982
k1 v24 0 0 2070431490 270823 0 3068526219
k18 v12 0 0 2070431491 270824 0 1536401217
k8 v72 0 0 2070431491 270825 0 3202345617
k13 v65 0 0 2070431490 270826 0 1542498189
k14 v3 0 0 2070431491 270827 0 4251008655
k14 v54 0 0 2070431490 270828 0 2914233096
k0 v69 0 0 2070431491 270829 0 3212574301
k7 v15 0 0 2070431491 270830 0 2735934526
k19 v37 0 0 2070431491 270831 0 1931164293
k13 v4 0 0 2070431491 270832 0 88684590
k3 v3 0 0 2070431491 270833 0 2549735282
k18 v32 0 0 2070431490 270834 0 1916794005
k1 v95 0 0 2070431491 270835 0 375161719
k19 v35 0 0 2070431491 270836 0 4136950478
k1 v1 0 0 2070431491 270837 0 386639226
k13 v23 0 0 2070431491 270838 0 2663479748
k10 v59 0 0 2070431491 270839 0 3486341086
k19 v34 0 0 2070431491 270840 0 3236319371
k11 v30 0 0 2070431490 270841 0 1526974763
k6 v3 0 0 2070431491 270842 0 3223588726
k6 v72 0 0 2070431489 270843 0 3320123151
k15 v68 0 0 2070431491 270844 0 4202352116
k12 v5 0 0 2070431491 270845 0 1023993834
k0 v48 0 0 2070431491 270846 0 3184370715
k10 v85 0 0 2070431491 270847 0 803659629
k15 v54 0 0 2070431491 270848 0 4276567536
k4 v80 0 0 2070431491 270849 0 2430190136
k7 v32 0 0 2070431491 270850 0 2719930210
k7 v13 0 0 2070431492 270851 0 3022642171
k12 v3 0 0 2070431492 270852 0 2032632108
k18 v3 0 0 2070431492 270853 0 4147077101
k17 v99 0 0 2070431491 270854 0 1063043138
k19 v93 0 0 2070431491 270855 0 2619433057
k1 v66 0 0 2070431491 270856 0 3661655778
k9 v54 0 0 2070431492 270857 0 4240305929
k10 v57 0 0 2070431491 270858 0 3416478026
k16 v90 0 0 2070431491 270859 0 3913136431
k8 v38 0 0 2070431491 270860 0 2169311885
k4 v52 0 0 2070431492 270861 0 3071566690
k5 v10 0 0 2070431492 270862 0 3749554242
k11 v37 0 0 2070431492 270863 0 3385908777
k0 v64 0 0 2070431490 270864 0 1999056639
k11 v91 0 0 2070431492 270865 0 3667913841
k19 v61 0 0 2070431492 270866 0 3172889530
k11 v74 0 0 2070431492 270867 0 283923036
k13 v61 0 0 2070431492 270868 0 3467824891
k4 v50 0 0 2070431491 270869 0 999069701
k9 v93 0 0 2070431492 270870 0 1714882302
k4 v18 0 0 2070431491 270871 0 2109057587
k11 v42 0 0 2070431492 270872 0 2472858392
k17 v89 0 0 2070431492 270873 0 1657538198
k13 v77 0 0 2070431492 270874 0 2017260939
k6 v1 0 0 2070431492 270875 0 3378665095
k8 v30 0 0 2070431492 270876 0 3313569389
k11 v62 0 0 2070431492 270877 0 181872160
k1 v48 0 0 2070431492 270878 0 888462075
k18 v17 0 0 2070431492 270879 0 1307833371
k15 v72 0 0 2070431492 270880 0 3511473623
k16 v22 0 0 2070431492 270881 0 865163918
k14 v19 0 0 2070431492 270882 0 3158754111
k2 v92 0 0 2070431492 270883 0 1434276701
k11 v27 0 0 2070431492 270884 0 332785274
k4 v85 0 0 2070431492 270885 0 2423497644
k18 v64 0 0 2070431492 270886 0 125396091
k8 v60 0 0 2070431492 270887 0 1525022516
k12 v39 0 0 2070431491 270888 0 3240648529
k3 v3 0 0 2070431492 270889 0 4023181306
k4 v45 0 0 2070431492 270890 0 3687657491
k1 v0 0 0 2070431490 270891 0 3842751730
k15 v68 0 0 2070431490 270892 0 1750268351
k16 v6 0 0 2070431491 270893 0 2424442357
k3 v61 0 0 2070431492 270894 0 1664190365
k12 v70 0 0 2070431492 270895 0 294561159
k5 v56 0 0 2070431492 270896 0 647475989
k4 v55 0 0 2070431491 270897 0 2245599913
k15 v0 0 0 2070431492 270898 0 1084416840
k7 v31 0 0 2070431491 270899 0 3580876933
k14 v66 0 0 2070431492 270900 0 765944089
k7 v73 0 0 2070431491 270901 0 1928100944
k5 v80 0 0 2070431491 270902 0 1475034782
k13 v24 0 0 2070431492 270903 0 2818889795
k0 v32 0 0 2070431492 270904 0 2150836389
k11 v0 0 0 2070431492 270905 0 515920623
k0 v2 0 0 2070431492 270906 0 2196005870
k13 v93 0 0 2070431492 270907 0 1941975105
k0 v35 0 0 2070431492 270908 0 3452092730
k4 v74 0 0 2070431492 270909 0 2736483861
k19 v61 0 0 2070431491 270910 0 3627590207
k8 v81 0 0 2070431492 270911 0 226112430
k9 v56 0 0 2070431492 270912 0 4105282169
k13 v5 0 0 2070431492 270913 0 1283622593
k5 v58 0 0 2070431492 270914 0 3153505325
k1 v16 0 0 2070431492 270915 0 2846913315
k4 v14 0 0 2070431492 270916 0 3548126507
k9 v34 0 0 2070431492 270917 0 3040159094
k11 v22 0 0 2070431492 270918 0 596059523
k0 v49 0 0 2070431492 270919 0 1875517951
k2 v37 0 0 2070431493 270920 0 3983358631
k10 v32 0 0 2070431492 270921 0 4104800729
k10 v19 0 0 2070431493 270922 0 3315302529
k15 v70 0 0 2070431493 270923 0 1227756213
k16 v29 0 0 2070431492 270924 0 3384792832
k16 v75 0 0 2070431492 270925 0 2393988239
k3 v84 0 0 2070431493 270926 0 3506549162
k9 v66 0 0 2070431492 270927 0 4036913798
k17 v65 0 0 2070431492 270928 0 1068911496
k11 v94 0 0 2070431492 270929 0 3793075419
k18 v87 0 0 2070431492 270930 0 2578188803
k11 v37 0 0 2070431493 270931 0 2302351803
k8 v11 0 0 2070431493 270932 0 1397833333
k0 v89 0 0 2070431491 270933 0 790959925
k2 v85 0 0 2070431492 270934 0 3494602771
k11 v20 0 0 2070431492 270935 0 1600387372
k15 v72 0 0 2070431493 270936 0 4283824715
k10 v86 0 0 2070431493 270937 0 2140791866
k7 v91 0 0 2070431493 270938 0 4199285761
k9 v81 0 0 2070431493 270939 0 2449377154
k4 v78 0 0 2070431493 270940 0 1783382261
k17 v85 0 0 2070431493 270941 0 4120674397
k1 v83 0 0 2070431493 270942 0 3174202726
k18 v19 0 0 2070431493 270943 0 3635711572
k12 v16 0 0 2070431492 270944 0 3404724451
k0 v78 0 0 2070431493 270945 0 392631587
k2 v78 0 0 2070431492 270946 0 494310807
k13 v28 0 0 2070431492 270947 0 408389744
k14 v81 0 0 2070431493 270948 0 475457904
k2 v22 0 0 2070431493 270949 0 2356326109
k14 v19 0 0 2070431493 270950 0 4072559893
k12 v43 0 0 2070431492 270951 0 284373419
k15 v97 0 0 2070431493 270952 0 1743888210
k10 v8 0 0 2070431493 270953 0 134776174
k2 v76 0 0 2070431493 270954 0 4224767707
k11 v60 0 0 2070431493 270955 0 2243789243
k10 v77 0 0 2070431493 270956 0 1266490785
k14 v13 0 0 2070431493 270957 0 3941229548
k10 v47 0 0 2070431492 270958 0 1649062482
k10 v5 0 0 2070431493 270959 0 1152805705
k3 v47 0 0 2070431492 270960 0 3562733161
k2 v53 0 0 2070431493 270961 0 1269779877
k5 v27 0 0 2070431493 270962 0 825355209
k4 v62 0 0 2070431493 270963 0 2318066936
k1 v54 0 0 2070431493 270964 0 2709071438
k2 v36 0 0 2070431493 270965 0 4067712376
k14 v33 0 0 2070431493 270966 0 359918985
k5 v17 0 0 2070431493 270967 0 928554351
k16 v44 0 0 2070431492 270968 0 577713083
k4 v63 0 0 2070431493 270969 0 362952500
k13 v7 0 0 2070431493 270970 0 1699143586
k11 v97 0 0 2070431493 270971 0 1325709676
k18 v62 0 0 2070431493 270972 0 2558270572
k6 v72 0 0 2070431493 270973 0 4188331704
k8 v69 0 0 2070431493 270974 0 4131283397
k14 v13 0 0 2070431493 270975 0 3680032000
k19 v3 0 0 2070431493 270976 0 3940711677
k1 v36 0 0 2070431493 270977 0 3076877552
k16 v54 0 0 2070431493 270978 0 1893587596
k11 v47 0 0 2070431493 270979 0 789364023
k1 v36 0 0 2070431493 270980 0 4084776202
k14 v75 0 0 2070431493 270981 0 3329675050
k11 v57 0 0 2070431493 270982 0 1484693599
k16 v57 0 0 2070431493 270983 0 937167280
k14 v94 0 0 2070431493 270984 0 229182617
k12 v26 0 0 2070431493 270985 0 1834660539
k7 v85 0 0 2070431494 270986 0 3009980336
k1 v35 0 0 2070431493 270987 0 328230407
k10 v83 0 0 2070431493 270988 0 3755919115
k16 v75 0 0 2070431493 270989 0 3812202187
k11 v21 0 0 2070431493 270990 0 2253304679
k14 v57 0 0 2070431494 270991 0 3816545269
k19 v80 0 0 2070431493 270992 0 277913998
k5 v22 0 0 2070431494 270993 0 37307571
k2 v43 0 0 2070431490 270994 0 751925920
k17 v74 0 0 2070431493 270995 0 2958713442
k0 v97 0 0 2070431494 270996 0 2433196091
k9 v51 0 0 2070431494 270997 0 2701043856
k13 v46 0 0 2070431494 270998 0 3200073930
k9 v96 0 0 2070431493 270999 0 3807848281
k8 v28 0 0 2070431492 271000 0 1816259357
k8 v61 0 0 2070431494 271001 0 1500527252
k13 v71 0 0 2070431494 271002 0 2444349829
k8 v23 0 0 2070431493 271003 0 3115590456
k7 v10 0 0 2070431493 271004 0 1413652830
k0 v54 0 0 2070431494 271005 0 1831988810
k17 v6 0 0 2070431493 271006 0 1342021853
k18 v55 0 0 2070431494 271007 0 817083903
k0 v95 0 0 2070431494 271008 0 2331223692
k8 v72 0 0 2070431494 271009 0 2715451080
k12 v87 0 0 2070431494 271010 0 4043317535
k3 v8 0 0 2070431493 271011 0 784921796
k11 v94 0 0 2070431494 271012 0 2241901812
k15 v81 0 0 2070431492 271013 0 4007165472
k1 v92 0 0 2070431494 271014 0 1572065264
k19 v92 0 0 2070431494 271015 0 1316748480
k4 v26 0 0 2070431493 271016 0 4000223200
k13 v72 0 0 2070431491 271017 0 172821593
k2 v78 0 0 2070431494 271018 0 54072655
k7 v98 0 0 2070431494 271019 0 1388471289
k19 v88 0 0 2070431494 271020 0 4186281340
k14 v55 0 0 2070431493 271021 0 1867328955
k8 v80 0 0 2070431492 271022 0 18776904
k12 v93 0 0 2070431494 271023 0 157066306
k12 v77 0 0 2070431494 271024 0 3678393708
k16 v44 0 0 2070431494 271025 0 382700183
k1 v64 0 0 2070431494 271026 0 2784297424
k14 v67 0 0 2070431494 271027 0 2181199691
k5 v4 0 0 2070431494 271028 0 1447993254
k6 v32 0 0 2070431494 271029 0 1574215489
k5 v8 0 0 2070431494 271030 0 1281573490
k11 v70 0 0 2070431494 271031 0 808178864
k11 v61 0 0 2070431494 271032 0 3787145131
k1 v38 0 0 2070431494 271033 0 2270504300
k15 v47 0 0 2070431494 271034 0 3613041942
k0 v39 0 0 2070431494 271035 0 790319992
k7 v89 0 0 2070431494 271036 0 744690560
k7 v34 0 0 2070431492 271037 0 464168574
k14 v26 0 0 2070431494 271038 0 1942371918
k16 v16 0 0 2070431494 271039 0 4233453061
k1 v53 0 0 2070431494 271040 0 1836646036
k9 v59 0 0 2070431494 271041 0 600779981
k3 v76 0 0 2070431494 271042 0 2107023005
k4 v34 0 0 2070431494 271043 0 3389211973
k17 v64 0 0 2070431494 271044 0 1961766093
k1 v87 0 0 2070431494 271045 0 4130566107
k6 v33 0 0 2070431494 271046 0 3148268666
k9 v24 0 0 2070431494 271047 0 2854423486
k18 v33 0 0 2070431494 271048 0 3258751487
k0 v3 0 0 2070431494 271049 0 3776283398
k18 v55 0 0 2070431494 271050 0 2033836499
k0 v74 0 0 2070431494 271051 0 3948079320
k10 v40 0 0 2070431494 271052 0 4293301238
k14 v36 0 0 2070431494 271053 0 191174825
k19 v70 0 0 2070431494 271054 0 1231560545
k5 v55 0 0 2070431494 271055 0 2511494304
k5 v22 0 0 2070431494 271056 0 909914024
k1 v94 0 0 2070431494 271057 0 4122257722
k19 v52 0 0 2070431494 271058 0 3419875228
k15 v45 0 0 2070431493 271059 0 2792544380
k15 v54 0 0 2070431495 271060 0 1227123763
k8 v84 0 0 2070431495 271061 0 1762826775
k19 v32 0 0 2070431494 271062 0 3309532297
k0 v4 0 0 2070431495 271063 0 898636271
k8 v92 0 0 2070431493 271064 0 3388176798
k3 v56 0 0 2070431494 271065 0 3583499593
k13 v77 0 0 2070431494 271066 0 1970533862
k7 v98 0 0 2070431495 271067 0 94656620
k14 v66 0 0 2070431494 271068 0 1744107550
k4 v75 0 0 2070431494 271069 0 1156990556
k8 v9 0 0 2070431495 271070 0 275579062
k7 v15 0 0 2070431494 271071 0 221616792
k18 v74 0 0 2070431495 271072 0 92433818
k16 v43 0 0 2070431495 271073 0 1806715383
k7 v8 0 0 2070431495 271074 0 3455903412
k2 v77 0 0 2070431494 271075 0 3464849297
k4 v55 0 0 2070431495 271076 0 3938595143
k16 v0 0 0 2070431494 271077 0 3395778325
k2 v76 0 0 2070431495 271078 0 3538297348
k16 v80 0 0 2070431495 271079 0 167633274
k13 v52 0 0 2070431495 271080 0 710127254
k12 v4 0 0 2070431495 271081 0 1233645417
k8 v41 0 0 2070431494 271082 0 2559195538
k16 v46 0 0 2070431495 271083 0 1265032917
k16 v49 0 0 2070431494 271084 0 3021093037
k16 v94 0 0 2070431495 271085 0 2133033356
k11 v60 0 0 2070431492 271086 0 713697167
k4 v45 0 0 2070431495 271087 0 1734329509
k7 v21 0 0 2070431495 271088 0 787615688
k16 v62 0 0 2070431495 271089 0 463527035
k11 v89 0 0 2070431495 271090 0 1554252387
k3 v15 0 0 2070431495 271091 0 3411875487
k6 v31 0 0 2070431495 271092 0 3514229823
k1 v38 0 0 2070431495 271093 0 1181261860
k19 v90 0 0 2070431493 271094 0 2574836652
k5 v30 0 0 2070431494 271095 0 1092579357
k8 v52 0 0 2070431495 271096 0 33380459
k9 v4 0 0 2070431495 271097 0 4107000086
k2 v20 0 0 2070431495 271098 0 3514308094
k5 v42 0 0 2070431495 271099 0 2183778139
k15 v17 0 0 2070431495 271100 0 1212497557
k12 v2 0 0 2070431495 271101 0 2064335969
k0 v12 0 0 2070431495 271102 0 3233580568
k16 v57 0 0 2070431495 271103 0 125063376
k3 v59 0 0 2070431495 271104 0 3230173024
k7 v22 0 0 2070431494 271105 0 1324354060
k11 v46 0 0 2070431494 271106 0 984450173
k8 v36 0 0 2070431495 271107 0 391895903
k11 v75 0 0 2070431495 271108 0 3157485124
k6 v19 0 0 2070431495 271109 0 4243633873
k13 v31 0 0 2070431494 271110 0 134265582
k5 v60 0 0 2070431493 271111 0 339348984
k19 v37 0 0 2070431494 271112 0 1396364662
k8 v4 0 0 2070431495 271113 0 824200719
k8 v96 0 0 2070431495 271114 0 4236438176
k7 v76 0 0 2070431495 271115 0 1079381209
k0 v20 0 0 2070431495 271116 0 348314948
k7 v83 0 0 2070431495 271117 0 369045866
k17 v33 0 0 2070431495 271118 0 3336693607
k10 v11 0 0 2070431495 271119 0 2269723001
k13 v89 0 0 2070431495 271120 0 98261262
k1 v94 0 0 2070431495 271121 0 3535241154
k1 v12 0 0 2070431495 271122 0 1481357474
k8 v3 0 0 2070431495 271123 0 3525465797
k16 v57 0 0 2070431495 271124 0 1269895801
k2 v5 0 0 2070431495 271125 0 2538111766
k9 v31 0 0 2070431494 271126 0 3143201449
k14 v82 0 0 2070431495 271127 0 240241695
k13 v60 0 0 2070431495 271128 0 3866178114
k5 v2 0 0 2070431495 271129 0 3210761417
k10 v35 0 0 2070431495 271130 0 4280728698
k9 v21 0 0 2070431496 271131 0 673516218
k16 v53 0 0 2070431495 271132 0 1388590225
k8 v87 0 0 2070431494 271133 0 2253393999
k17 v54 0 0 2070431495 271134 0 2125061968
k18 v96 0 0 2070431495 271135 0 3967241944
k1 v28 0 0 2070431495 271136 0 300823884
k11 v69 0 0 2070431496 271137 0 4220419396
k17 v82 0 0 2070431495 271138 0 4277044186
k10 v12 0 0 2070431495 271139 0 728015069
k16 v84 0 0 2070431495 271140 0 740845654
k9 v45 0 0 2070431496 271141 0 2512056992
k11 v79 0 0 2070431496 271142 0 476847130
k3 v83 0 0 2070431496 271143 0 4186673397
k5 v39 0 0 2070431496 271144 0 1392074723
k16 v94 0 0 2070431496 271145 0 1074403438
k2 v33 0 0 2070431496 271146 0 1097008625
k14 v76 0 0 2070431495 271147 0 136631514
k8 v76 0 0 2070431496 271148 0 196897812
k9 v6 0 0 2070431496 271149 0 2657972673
k0 v25 0 0 2070431495 271150 0 1847263745
k0 v24 0 0 2070431496 271151 0 2632454117
k16 v10 0 0 2070431495 271152 0 3944284498
k11 v85 0 0 2070431496 271153 0 2610361769
k9 v78 0 0 2070431496 271154 0 608233628
k3 v35 0 0 2070431496 271155 0 1960594180
k1 v52 0 0 2070431495 271156 0 730951576
k3 v15 0 0 2070431496 271157 0 2720934139
k13 v72 0 0 2070431496 271158 0 950392374
k2 v84 0 0 2070431495 271159 0 4129184236
k12 v69 0 0 2070431496 271160 0 3303084117
k11 v26 0 0 2070431496 271161 0 3313069235
k12 v96 0 0 2070431496 271162 0 3328019928
k14 v21 0 0 2070431496 271163 0 2368005093
k2 v72 0 0 2070431496 271164 0 122653920
k7 v23 0 0 2070431496 271165 0 1832864389
k16 v31 0 0 2070431496 271166 0 2183088087
k3 v20 0 0 2070431496 271167 0 4043097182
k1 v3 0 0 2070431496 271168 0 372990705
k1 v95 0 0 2070431496 271169 0 4136591795
k4 v11 0 0 2070431496 271170 0 3602848165
k13 v49 0 0 2070431496 271171 0 2744098954
k0 v72 0 0 2070431496 271172 0 3175191224
k18 v34 0 0 2070431495 271173 0 3067887365
k17 v37 0 0 2070431496 271174 0 2931505251
k9 v22 0 0 2070431496 271175 0 3840486056
k11 v33 0 0 2070431496 271176 0 1068155842
k7 v79 0 0 2070431496 271177 0 2231199019
k9 v55 0 0 2070431496 271178 0 3655627822
k1 v39 0 0 2070431496 271179 0 3847044708
k9 v60 0 0 2070431495 271180 0 3296390148
k8 v51 0 0 2070431496 271181 0 3605301719
k17 v96 0 0 2070431496 271182 0 1475144597
k15 v76 0 0 2070431496 271183 0 1890452877
k15 v15 0 0 2070431496 271184 0 1719393094
k7 v30 0 0 2070431496 271185 0 1473423835
k6 v4 0 0 2070431496 271186 0 112982694
k16 v86 0 0 2070431496 271187 0 775059098
k18 v76 0 0 2070431496 271188 0 147641383
k1 v71 0 0 2070431495 271189 0 4022119603
k1 v31 0 0 2070431495 271190 0 759527798
k12 v98 0 0 2070431496 271191 0 4292137537
k2 v99 0 0 2070431496 271192 0 3153394579
k7 v5 0 0 2070431496 271193 0 138492754
k6 v48 0 0 2070431496 271194 0 541345939
k10 v71 0 0 2070431496 271195 0 1566385640
k8 v74 0 0 2070431496 271196 0 1462346821
k17 v87 0 0 2070431497 271197 0 491703713
k1 v90 0 0 2070431496 271198 0 3477260240
k17 v19 0 0 2070431497 271199 0 538780064
k3 v27 0 0 2070431497 271200 0 2221615048
k7 v78 0 0 2070431497 271201 0 1821392926
k11 v86 0 0 2070431496 271202 0 962257959
k10 v31 0 0 2070431497 271203 0 3358593578
k3 v10 0 0 2070431496 271204 0 3069691426
k17 v11 0 0 2070431496 271205 0 3233623265
k6 v57 0 0 2070431494 271206 0 2926987954
k17 v32 0 0 2070431496 271207 0 3118858964
k2 v47 0 0 2070431496 271208 0 3981853260
k2 v21 0 0 2070431496 271209 0 2253646622
k9 v88 0 0 2070431497 271210 0 3576669466
k15 v1 0 0 2070431497 271211 0 3760846159
k0 v72 0 0 2070431496 271212 0 2876850660
k0 v49 0 0 2070431496 271213 0 4212025662
k8 v5 0 0 2070431497 271214 0 1268140829
k14 v54 0 0 2070431495 271215 0 6728876
k19 v91 0 0 2070431496 271216 0 584265023
k0 v24 0 0 2070431497 271217 0 329560015
k2 v66 0 0 2070431495 271218 0 3820492195
k16 v7 0 0 2070431497 271219 0 2511032274
k1 v67 0 0 2070431497 271220 0 2021663988
k8 v17 0 0 2070431496 271221 0 1595685505
k12 v16 0 0 2070431497 271222 0 985236226
k8 v82 0 0 2070431496 271223 0 4236772084
k11 v7 0 0 2070431497 271224 0 1201320326
k15 v13 0 0 2070431497 271225 0 684416372
k0 v83 0 0 2070431497 271226 0 680234575
k7 v70 0 0 2070431497 271227 0 2761286980
k0 v99 0 0 2070431497 271228 0 2127003745
k11 v89 0 0 2070431497 271229 0 1763678525
k12 v25 0 0 2070431497 271230 0 3724166302
k3 v67 0 0 2070431497 271231 0 2379197547
k3 v62 0 0 2070431496 271232 0 1103245097
k12 v76 0 0 2070431496 271233 0 418897196
k1 v63 0 0 2070431497 271234 0 1405313182
k15 v38 0 0 2070431497 271235 0 4290751814
k18 v32 0 0 2070431497 271236 0 403789530
k4 v21 0 0 2070431497 271237 0 1005980205
k4 v55 0 0 2070431497 271238 0 2607053795
k18 v8 0 0 2070431497 271239 0 553817885
k10 v7 0 0 2070431496 271240 0 4244204654
k11 v50 0 0 2070431497 271241 0 4112911392
k3 v32 0 0 2070431497 271242 0 84196887
k16 v30 0 0 2070431497 271243 0 1200944074
k0 v48 0 0 2070431497 271244 0 457770698
k19 v24 0 0 2070431497 271245 0 3069830915
k6 v73 0 0 2070431497 271246 0 2379812777
k19 v65 0 0 2070431497 271247 0 4082219644
k8 v80 0 0 2070431497 271248 0 496357791
k11 v67 0 0 2070431497 271249 0 2812650072
k8 v46 0 0 2070431497 271250 0 1738973624
k3 v30 0 0 2070431497 271251 0 3844469103
k10 v73 0 0 2070431497 271252 0 265786295
k9 v92 0 0 2070431497 271253 0 834960805
k14 v2 0 0 2070431497 271254 0 584483036
k4 v83 0 0 2070431497 271255 0 112552602
k17 v0 0 0 2070431497 271256 0 3814078866
k11 v47 0 0 2070431497 271257 0 3693143196
k7 v50 0 0 2070431497 271258 0 3263622771
k5 v15 0 0 2070431496 271259 0 3285375201
k5 v75 0 0 2070431497 271260 0 717346985
k11 v98 0 0 2070431497 271261 0 1550975793
k2 v62 0 0 2070431498 271262 0 3387954468
k0 v70 0 0 2070431498 271263 0 1751712414
k9 v58 0 0 2070431498 271264 0 3321752164
k1 v16 0 0 2070431497 271265 0 243189107
k18 v71 0 0 2070431497 271266 0 2743786816
k15 v46 0 0 2070431498 271267 0 1652413116
k10 v91 0 0 2070431498 271268 0 929017332
k14 v14 0 0 2070431497 271269 0 4181784291
k3 v59 0 0 2070431498 271270 0 672919262
k17 v14 0 0 2070431498 271271 0 2677947725
k16 v20 0 0 2070431498 271272 0 439610848
k14 v52 0 0 2070431497 271273 0 2495081776
k15 v42 0 0 2070431497 271274 0 3747549885
k1 v10 0 0 2070431498 271275 0 1388257341
k12 v73 0 0 2070431497 271276 0 2242466100
k2 v87 0 0 2070431497 271277 0 2485142869
k9 v93 0 0 2070431496 271278 0 2021215192
k13 v32 0 0 2070431498 271279 0 939297406
k5 v78 0 0 2070431498 271280 0 1328472482
k1 v82 0 0 2070431497 271281 0 2487831756
k3 v91 0 0 2070431497 271282 0 1652622002
k13 v38 0 0 2070431498 271283 0 2438628855
k12 v2 0 0 2070431498 271284 0 2178898851
k9 v76 0 0 2070431497 271285 0 4066684569
k10 v36 0 0 2070431498 271286 0 2200962024
k4 v13 0 0 2070431498 271287 0 1599275791
k14 v37 0 0 2070431497 271288 0 2712184351
k0 v26 0 0 2070431498 271289 0 2434325998
k8 v5 0 0 2070431498 271290 0 4173974797
k16 v39 0 0 2070431497 271291 0 2244407279
k10 v27 0 0 2070431498 271292 0 472060931
k3 v25 0 0 2070431497 271293 0 1784232200
k6 v89 0 0 2070431498 271294 0 1964491716
k12 v78 0 0 2070431498 271295 0 1330161193
k5 v76 0 0 2070431498 271296 0 21915508
k14 v4 0 0 2070431498 271297 0 1575134466
k7 v41 0 0 2070431498 271298 0 3892428131
k4 v89 0 0 2070431498 271299 0 758083168
k4 v49 0 0 2070431498 271300 0 2089518094
k11 v8 0 0 2070431498 271301 0 610964549
k1 v18 0 0 2070431497 271302 0 3841327876
k11 v87 0 0 2070431498 271303 0 3893402487
k3 v81 0 0 2070431497 271304 0 497946743
k7 v41 0 0 2070431498 271305 0 3938623428
k9 v11 0 0 2070431498 271306 0 2713680510
k2 v51 0 0 2070431497 271307 0 86058803
k1 v45 0 0 2070431498 271308 0 4232804522
k4 v0 0 0 2070431498 271309 0 1343115185
k8 v32 0 0 2070431498 271310 0 641274284
k14 v22 0 0 2070431498 271311 0 2859925649
k3 v68 0 0 2070431498 271312 0 3093638702
k15 v88 0 0 2070431498 271313 0 2500927730
k9 v73 0 0 2070431498 271314 0 2931294593
k19 v8 0 0 2070431498 271315 0 4169604470
k16 v60 0 0 2070431498 271316 0 3499571080
k6 v9 0 0 2070431498 271317 0 430124156
k6 v62 0 0 2070431498 271318 0 2393910749
k15 v44 0 0 2070431496 271319 0 2655644268
k3 v72 0 0 2070431498 271320 0 1088082261
k10 v98 0 0 2070431498 271321 0 2710844656
k7 v88 0 0 2070431496 271322 0 2084188006
k5 v54 0 0 2070431498 271323 0 3873074244
k5 v72 0 0 2070431498 271324 0 3380373035
k11 v66 0 0 2070431498 271325 0 191291241
k0 v16 0 0 2070431497 271326 0 26588125
k5 v86 0 0 2070431498 271327 0 3769192863
k11 v72 0 0 2070431498 271328 0 1879034339
k6 v1 0 0 2070431498 271329 0 415066393
k2 v72 0 0 2070431498 271330 0 3664466358
k14 v1 0 0 2070431498 271331 0 2501455912
k1 v90 0 0 2070431498 271332 0 2277077045
k7 v58 0 0 2070431499 271333 0 353560815
k18 v29 0 0 2070431499 271334 0 716790249
k11 v13 0 0 2070431498 271335 0 1221190425
k8 v99 0 0 2070431498 271336 0 2158227767
k3 v43 0 0 2070431497 271337 0 3372254892
k11 v97 0 0 2070431499 271338 0 1523744741
k12 v82 0 0 2070431498 271339 0 1305879686
k13 v35 0 0 2070431499 271340 0 1898597894
k4 v61 0 0 2070431498 271341 0 461818460
k17 v39 0 0 2070431499 271342 0 2423697660
k6 v65 0 0 2070431499 271343 0 1180799216
k8 v81 0 0 2070431498 271344 0 3051081756
k2 v49 0 0 2070431498 271345 0 3946818285
k13 v41 0 0 2070431498 271346 0 3436217375
k6 v97 0 0 2070431499 271347 0 2765532246
k12 v12 0 0 2070431497 271348 0 847944454
k1 v98 0 0 2070431499 271349 0 812869975
k12 v22 0 0 2070431499 271350 0 2500193256
k14 v43 0 0 2070431498 271351 0 1042585293
k3 v23 0 0 2070431499 271352 0 1397561775
k17 v56 0 0 2070431498 271353 0 3467091699
k16 v67 0 0 2070431499 271354 0 3360054235
k17 v0 0 0 2070431499 271355 0 1699553030
k10 v28 0 0 2070431499 271356 0 2044477369
k4 v89 0 0 2070431499 271357 0 3466648945
k7 v49 0 0 2070431498 271358 0 3296523728
k17 v17 0 0 2070431498 271359 0 1138116996
k0 v17 0 0 2070431499 271360 0 539727347
k7 v25 0 0 2070431499 271361 0 4267296883
k12 v71 0 0 2070431499 271362 0 2281700828
k6 v7 0 0 2070431499 271363 0 2916267012
k6 v69 0 0 2070431499 271364 0 3650285490
k6 v31 0 0 2070431498 271365 0 484151290
k15 v91 0 0 2070431498 271366 0 2320477272
k7 v68 0 0 2070431499 271367 0 212561379
k15 v41 0 0 2070431499 271368 0 1891045147
k15 v43 0 0 2070431499 271369 0 2741127382
k11 v12 0 0 2070431499 271370 0 2608497752
k13 v45 0 0 2070431499 271371 0 59787078
k19 v76 0 0 2070431499 271372 0 287656803
k3 v0 0 0 2070431498 271373 0 3396833278
k2 v2 0 0 2070431497 271374 0 2179996121
k2 v25 0 0 2070431499 271375 0 14167047
k8 v81 0 0 2070431499 271376 0 1224805465
k10 v0 0 0 2070431499 271377 0 824612778
k15 v44 0 0 2070431498 271378 0 2522199469
k3 v98 0 0 2070431499 271379 0 3752002791
k6 v48 0 0 2070431498 271380 0 4201200921
k15 v9 0 0 2070431498 271381 0 331312571
k5 v89 0 0 2070431499 271382 0 545018035
k15 v60 0 0 2070431499 271383 0 410960353
k19 v81 0 0 2070431499 271384 0 3782378085
k9 v70 0 0 2070431499 271385 0 3681633819
k10 v51 0 0 2070431499 271386 0 3764373318
k0 v21 0 0 2070431499 271387 0 2596876552
k11 v61 0 0 2070431499 271388 0 2662433535
k16 v0 0 0 2070431499 271389 0 3590891417
k13 v29 0 0 2070431496 271390 0 3963515276
k17 v58 0 0 2070431499 271391 0 551112428
k16 v25 0 0 2070431498 271392 0 2208003984
k0 v81 0 0 2070431499 271393 0 1045534256
k2 v74 0 0 2070431499 271394 0 4212755503
k11 v4 0 0 2070431499 271395 0 1347114939
k4 v66 0 0 2070431499 271396 0 1911646661
k12 v65 0 0 2070431499 271397 0 551757411
k13 v18 0 0 2070431499 271398 0 3820900493
k19 v42 0 0 2070431500 271399 0 2442268758
k3 v16 0 0 2070431499 271400 0 2868106115
k15 v89 0 0 2070431499 271401 0 2466196262
k14 v9 0 0 2070431500 271402 0 754644329
k8 v48 0 0 2070431499 271403 0 1666790937
k5 v87 0 0 2070431500 271404 0 2687767325
k8 v5 0 0 2070431499 271405 0 1672371589
k13 v81 0 0 2070431499 271406 0 2913933609
k13 v18 0 0 2070431499 271407 0 4129312628
k18 v64 0 0 2070431499 271408 0 3174404627
k2 v79 0 0 2070431500 271409 0 919482807
k5 v41 0 0 2070431499 271410 0 714926712
k19 v79 0 0 2070431500 271411 0 2212752068
k6 v80 0 0 2070431498 271412 0 4035545042
k19 v92 0 0 2070431499 271413 0 205969856
k5 v71 0 0 2070431500 271414 0 1774218193
k12 v41 0 0 2070431499 271415 0 725141444
k2 v87 0 0 2070431499 271416 0 3109504328
k13 v94 0 0 2070431500 271417 0 1560860560
k3 v70 0 0 2070431499 271418 0 301378479
k8 v89 0 0 2070431499 271419 0 3390603823
k6 v2 0 0 2070431500 271420 0 1803903475
k16 v1 0 0 2070431500 271421 0 3084414454
k11 v25 0 0 2070431500 271422 0 4096065206
k8 v14 0 0 2070431500 271423 0 1659281143
k5 v23 0 0 2070431499 271424 0 1883628143
k19 v28 0 0 2070431500 271425 0 227356154
k8 v82 0 0 2070431500 271426 0 563772815
k6 v29 0 0 2070431500 271427 0 649522913
k19 v19 0 0 2070431499 271428 0 4201917532
k7 v54 0 0 2070431499 271429 0 2698931968
k13 v50 0 0 2070431500 271430 0 1747678125
k12 v45 0 0 2070431499 271431 0 37567991
k3 v25 0 0 2070431499 271432 0 1312079985
k2 v43 0 0 2070431500 271433 0 3798746553
k19 v95 0 0 2070431500 271434 0 4259969972
k14 v63 0 0 2070431500 271435 0 3075657839
k12 v44 0 0 2070431500 271436 0 1949652536
k8 v61 0 0 2070431500 271437 0 1160079235
k14 v26 0 0 2070431500 271438 0 999258758
k3 v35 0 0 2070431500 271439 0 1848925290
k11 v34 0 0 2070431500 271440 0 941774942
k13 v86 0 0 2070431500 271441 0 1485653999
k10 v78 0 0 2070431500 271442 0 1353247064
k11 v44 0 0 2070431500 271443 0 2062060997
k11 v94 0 0 2070431499 271444 0 3243660063
k2 v68 0 0 2070431500 271445 0 1741647551
k17 v98 0 0 2070431500 271446 0 2444408898
k19 v73 0 0 2070431498 271447 0 350480711
k2 v0 0 0 2070431500 271448 0 834564805
k17 v34 0 0 2070431500 271449 0 69898605
k9 v32 0 0 2070431500 271450 0 3071323597
k19 v26 0 0 2070431500 271451 0 1968616732
k7 v67 0 0 2070431500 271452 0 3472664873
k10 v36 0 0 2070431500 271453 0 1131478514
k1 v95 0 0 2070431500 271454 0 4088890743
k11 v5 0 0 2070431500 271455 0 4258229102
k12 v77 0 0 2070431500 271456 0 2752505251
k5 v98 0 0 2070431500 271457 0 1855418762
k2 v19 0 0 2070431500 271458 0 3743664091
k7 v52 0 0 2070431500 271459 0 2107384350
k8 v88 0 0 2070431500 271460 0 668783339
k10 v52 0 0 2070431500 271461 0 3419459510
k16 v90 0 0 2070431500 271462 0 4042429774
k11 v69 0 0 2070431501 271463 0 3881000677
k0 v25 0 0 2070431500 271464 0 879647343
k12 v91 0 0 2070431500 271465 0 3666385244
k19 v81 0 0 2070431500 271466 0 404960026
k1 v76 0 0 2070431500 271467 0 2797218199
k11 v57 0 0 2070431501 271468 0 1715556010
k19 v39 0 0 2070431500 271469 0 1552708338
k17 v7 0 0 2070431500 271470 0 990078793
k17 v27 0 0 2070431500 271471 0 4274416488
k1 v64 0 0 2070431500 271472 0 2400928503
k18 v35 0 0 2070431501 271473 0 592324590
k10 v49 0 0 2070431500 271474 0 449661218
k17 v72 0 0 2070431501 271475 0 4037671368
k2 v87 0 0 2070431500 271476 0 3790929844
k13 v56 0 0 2070431501 271477 0 1760219389
k14 v87 0 0 2070431499 271478 0 3304662873
k18 v75 0 0 2070431499 271479 0 1541147919
k14 v2 0 0 2070431501 271480 0 3993460149
k9 v49 0 0 2070431500 271481 0 4249228031
k1 v24 0 0 2070431500 271482 0 2529034609
k13 v14 0 0 2070431499 271483 0 1332340259
k6 v25 0 0 2070431501 271484 0 529532289
k2 v22 0 0 2070431501 271485 0 3885183936
k11 v18 0 0 2070431500 271486 0 1351629354
k0 v68 0 0 2070431500 271487 0 2977244848
k10 v86 0 0 2070431500 271488 0 4138745087
k14 v62 0 0 2070431501 271489 0 3196013402
k6 v84 0 0 2070431501 271490 0 3731855871
k1 v12 0 0 2070431500 271491 0 1131161523
k11 v36 0 0 2070431501 271492 0 78176157
k4 v82 0 0 2070431500 271493 0 1348306078
k8 v32 0 0 2070431501 271494 0 2378136551
k2 v51 0 0 2070431497 271495 0 2769372807
k3 v29 0 0 2070431501 271496 0 1685945240
k16 v84 0 0 2070431501 271497 0 2604945007
k9 v75 0 0 2070431500 271498 0 2238610569
k4 v13 0 0 2070431501 271499 0 3109543204
k13 v96 0 0 2070431501 271500 0 2907912727
k15 v28 0 0 2070431501 271501 0 513194462
k3 v20 0 0 2070431501 271502 0 1337986946
k19 v12 0 0 2070431501 271503 0 5118772
k2 v60 0 0 2070431501 271504 0 2416985707
k12 v48 0 0 2070431500 271505 0 919920940
k14 v83 0 0 2070431501 271506 0 971003582
k5 v84 0 0 2070431501 271507 0 1353083631
k3 v16 0 0 2070431501 271508 0 1242757182
k8 v25 0 0 2070431501 271509 0 4058152013
k19 v46 0 0 2070431501 271510 0 3916385980
k17 v53 0 0 2070431501 271511 0 2841058592
k18 v59 0 0 2070431500 271512 0 1875195339
k3 v66 0 0 2070431501 271513 0 3250834842
k6 v79 0 0 2070431501 271514 0 4142457765
k4 v78 0 0 2070431500 271515 0 2879929045
k12 v79 0 0 2070431501 271516 0 3471335907
k15 v58 0 0 2070431501 271517 0 552202807
k18 v82 0 0 2070431500 271518 0 260687978
k11 v12 0 0 2070431501 271519 0 4225424047
k7 v1 0 0 2070431501 271520 0 2802986754
k19 v24 0 0 2070431501 271521 0 3468800750
k13 v75 0 0 2070431501 271522 0 3766996353
k9 v16 0 0 2070431501 271523 0 1196254548
k4 v18 0 0 2070431501 271524 0 2321723541
k19 v27 0 0 2070431501 271525 0 84163104
k11 v42 0 0 2070431501 271526 0 4079484700
k5 v67 0 0 2070431501 271527 0 793051131
k14 v55 0 0 2070431501 271528 0 2283125976
k0 v28 0 0 2070431501 271529 0 1150217640
k5 v84 0 0 2070431501 271530 0 497107569
k13 v87 0 0 2070431501 271531 0 1286802903
k15 v65 0 0 2070431501 271532 0 2471843410
k13 v83 0 0 2070431501 271533 0 812155916
k18 v27 0 0 2070431502 271534 0 136416353
k13 v52 0 0 2070431502 271535 0 621515132
k10 v81 0 0 2070431501 271536 0 4046733304
k18 v76 0 0 2070431501 271537 0 1170695202
k16 v8 0 0 2070431502 271538 0 1711092068
k4 v84 0 0 2070431501 271539 0 1460671468
k3 v39 0 0 2070431502 271540 0 2467736661
k4 v75 0 0 2070431502 271541 0 1031486698
k3 v58 0 0 2070431502 271542 0 846917719
k12 v39 0 0 2070431502 271543 0 690115605
k4 v53 0 0 2070431502 271544 0 552293383
k2 v40 0 0 2070431502 271545 0 3830045032
k16 v20 0 0 2070431501 271546 0 3185600586
k11 v33 0 0 2070431502 271547 0 1824393234
k0 v36 0 0 2070431501 271548 0 3745147042
k16 v6 0 0 2070431502 271549 0 1615945159
k1 v46 0 0 2070431501 271550 0 3837125649
k8 v45 0 0 2070431501 271551 0 3385667944
k3 v77 0 0 2070431502 271552 0 2883840828
k14 v11 0 0 2070431502 271553 0 3157629847
k10 v1 0 0 2070431501 271554 0 3372724813
k9 v3 0 0 2070431502 271555 0 1356447789
k8 v89 0 0 2070431501 271556 0 1655805833
k7 v85 0 0 2070431501 271557 0 3734782123
k2 v15 0 0 2070431501 271558 0 2013502923
k8 v85 0 0 2070431502 271559 0 3096490318
k8 v44 0 0 2070431502 271560 0 964199125
k15 v0 0 0 2070431502 271561 0 374813492
k14 v79 0 0 2070431501 271562 0 1107410968
k10 v33 0 0 2070431502 271563 0 2418406316
k10 v72 0 0 2070431502 271564 0 2834979478
k1 v61 0 0 2070431501 271565 0 2651064803
k14 v32 0 0 2070431500 271566 0 3394017857
k1 v67 0 0 2070431502 271567 0 2795434327
k19 v83 0 0 2070431502 271568 0 3069642752
k11 v21 0 0 2070431502 271569 0 2762802400
k9 v4 0 0 2070431501 271570 0 1105281398
k19 v0 0 0 2070431502 271571 0 4067945475
k10 v9 0 0 2070431502 271572 0 2408386804
k14 v91 0 0 2070431500 271573 0 3630580210
k19 v26 0 0 2070431502 271574 0 4047303983
k12 v32 0 0 2070431502 271575 0 1330435762
k3 v80 0 0 2070431501 271576 0 4023768072
k6 v14 0 0 2070431501 271577 0 2569326527
k5 v84 0 0 2070431502 271578 0 1560176454
k11 v45 0 0 2070431502 271579 0 499089480
k4 v31 0 0 2070431502 271580 0 1903041325
k4 v17 0 0 2070431502 271581 0 143832772
k16 v63 0 0 2070431502 271582 0 3813219000
k7 v32 0 0 2070431502 271583 0 2198813721
k4 v64 0 0 2070431501 271584 0 1025806064
k9 v53 0 0 2070431502 271585 0 2877068355
k18 v61 0 0 2070431502 271586 0 2694355052
k7 v98 0 0 2070431502 271587 0 1900040488
k1 v10 0 0 2070431502 271588 0 2738610265
k11 v48 0 0 2070431502 271589 0 2696069592
k9 v56 0 0 2070431502 271590 0 4232305198
k14 v57 0 0 2070431502 271591 0 298031391
k18 v60 0 0 2070431502 271592 0 2689666073
k0 v63 0 0 2070431502 271593 0 472937187
k8 v38 0 0 2070431502 271594 0 3969497951
k16 v75 0 0 2070431502 271595 0 3056859139
k17 v3 0 0 2070431502 271596 0 3551749764
k1 v40 0 0 2070431502 271597 0 2822902148
k5 v13 0 0 2070431503 271598 0 3248907945
k10 v19 0 0 2070431501 271599 0 1556675259
k10 v41 0 0 2070431502 271600 0 236553191
k18 v38 0 0 2070431503 271601 0 1246403250
k9 v46 0 0 2070431503 271602 0 2153885645
k14 v94 0 0 2070431502 271603 0 2788372475
k0 v70 0 0 2070431502 271604 0 2120662545
k13 v31 0 0 2070431502 271605 0 1819068615
k0 v85 0 0 2070431502 271606 0 735019938
k6 v44 0 0 2070431503 271607 0 1104737932
k19 v57 0 0 2070431502 271608 0 1190379094
k8 v55 0 0 2070431501 271609 0 2326812155
k9 v3 0 0 2070431501 271610 0 3063755961
k4 v23 0 0 2070431503 271611 0 3970911105
k8 v95 0 0 2070431503 271612 0 497609911
k14 v71 0 0 2070431502 271613 0 1605671267
k15 v15 0 0 2070431503 271614 0 4294708081
k3 v28 0 0 2070431503 271615 0 3423112531
k11 v19 0 0 2070431502 271616 0 3523933461
k16 v78 0 0 2070431502 271617 0 787636858
k10 v71 0 0 2070431503 271618 0 1891033509
k8 v96 0 0 2070431502 271619 0 2640279592
k4 v86 0 0 2070431503 271620 0 491658381
k0 v33 0 0 2070431503 271621 0 1903155157
k0 v58 0 0 2070431502 271622 0 1386682934
k7 v70 0 0 2070431503 271623 0 2293261448
k14 v47 0 0 2070431503 271624 0 556052053
k16 v77 0 0 2070431502 271625 0 1646120576
k0 v13 0 0 2070431503 271626 0 3672785007
k19 v89 0 0 2070431503 271627 0 3211572061
k0 v1 0 0 2070431503 271628 0 1518482393
k1 v19 0 0 2070431503 271629 0 2434012746
k12 v93 0 0 2070431503 271630 0 1333532182
k19 v70 0 0 2070431503 271631 0 1549605942
k17 v96 0 0 2070431503 271632 0 3455053772
k7 v6 0 0 2070431503 271633 0 1009326326
k5 v95 0 0 2070431503 271634 0 3554711358
k19 v9 0 0 2070431503 271635 0 3081880415
k7 v9 0 0 2070431503 271636 0 1036098706
k10 v93 0 0 2070431503 271637 0 3987428152
k8 v18 0 0 2070431502 271638 0 3150634774
k1 v92 0 0 2070431503 271639 0 2270621299
k11 v10 0 0 2070431503 271640 0 3062725906
k16 v71 0 0 2070431502 271641 0 2262821603
k15 v40 0 0 2070431503 271642 0 163854630
k9 v52 0 0 2070431503 271643 0 1329880727
k12 v24 0 0 2070431503 271644 0 2448943249
k7 v79 0 0 2070431502 271645 0 4000404182
k1 v95 0 0 2070431503 271646 0 3838132906
k19 v0 0 0 2070431502 271647 0 3034470962
k7 v16 0 0 2070431503 271648 0 500652514
k8 v48 0 0 2070431504 271649 0 3973215856
k8 v78 0 0 2070431504 271650 0 1204561389
k11 v67 0 0 2070431504 271651 0 741478326
k2 v62 0 0 2070431501 271652 0 419101284
k13 v53 0 0 2070431504 271653 0 3328300903
k10 v95 0 0 2070431504 271654 0 1290659973
k11 v76 0 0 2070431503 271655 0 3089529715
k17 v32 0 0 2070431504 271656 0 672185393
k15 v62 0 0 2070431503 271657 0 1534840997
k12 v97 0 0 2070431503 271658 0 3452242933
k19 v40 0 0 2070431504 271659 0 3788661110
k19 v94 0 0 2070431503 271660 0 3736012917
k4 v68 0 0 2070431502 271661 0 96584281
k13 v71 0 0 2070431503 271662 0 4193461911
k12 v28 0 0 2070431504 271663 0 79797962
k6 v7 0 0 2070431503 271664 0 132911964
k4 v50 0 0 2070431504 271665 0 1091000971
k14 v28 0 0 2070431503 271666 0 2662928876
k9 v89 0 0 2070431503 271667 0 2987350742
k18 v95 0 0 2070431504 271668 0 3802618614
k4 v62 0 0 2070431503 271669 0 1453844721
k3 v97 0 0 2070431502 271670 0 1529609870
k11 v99 0 0 2070431504 271671 0 2052792209
k1 v11 0 0 2070431504 271672 0 3811955393
k13 v36 0 0 2070431504 271673 0 408082128
k0 v21 0 0 2070431504 271674 0 1426201968
k8 v29 0 0 2070431503 271675 0 3686707388
k5 v41 0 0 2070431503 271676 0 14891114
k19 v53 0 0 2070431504 271677 0 1285969602
k2 v71 0 0 2070431504 271678 0 2567046832
k17 v84 0 0 2070431504 271679 0 1992516304
k2 v28 0 0 2070431504 271680 0 790143316
k3 v31 0 0 2070431504 271681 0 3390444715
k17 v72 0 0 2070431503 271682 0 1553524676
k8 v21 0 0 2070431504 271683 0 296128428
k2 v85 0 0 2070431504 271684 0 1007905526
k1 v11 0 0 2070431504 271685 0 2804417339
k5 v89 0 0 2070431503 271686 0 2708448296
k1 v31 0 0 2070431504 271687 0 1910137028
k19 v60 0 0 2070431503 271688 0 504417024
k6 v64 0 0 2070431504 271689 0 1061782238
k14 v3 0 0 2070431503 271690 0 1653523250
k1 v29 0 0 2070431503 271691 0 780595520
k16 v61 0 0 2070431504 271692 0 4238319722
k12 v58 0 0 2070431504 271693 0 1719295919
k9 v3 0 0 2070431504 271694 0 2483203681
k11 v48 0 0 2070431503 271695 0 3554298771
k4 v35 0 0 2070431504 271696 0 3166804908
k7 v9 0 0 2070431504 271697 0 596123932
k10 v5 0 0 2070431503 271698 0 1926580207
k16 v30 0 0 2070431504 271699 0 4147103170
k15 v10 0 0 2070431504 271700 0 60889633
k18 v0 0 0 2070431504 271701 0 2356567882
k16 v16 0 0 2070431504 271702 0 3276921931
k18 v18 0 0 2070431502 271703 0 3903758006
k9 v29 0 0 2070431504 271704 0 4007662544
k4 v85 0 0 2070431504 271705 0 2121080592
k8 v89 0 0 2070431504 271706 0 2257818509
k6 v90 0 0 2070431504 271707 0 362675706
k19 v10 0 0 2070431504 271708 0 3416093340
k12 v49 0 0 2070431504 271709 0 3510981399
k18 v9 0 0 2070431504 271710 0 1813244360
k7 v26 0 0 2070431504 271711 0 62508255
k7 v53 0 0 2070431504 271712 0 1794754907
k0 v35 0 0 2070431504 271713 0 2001074343
k16 v81 0 0 2070431504 271714 0 3483712897
k18 v22 0 0 2070431504 271715 0 1431468125
k4 v27 0 0 2070431505 271716 0 2479905021
k6 v81 0 0 2070431504 271717 0 4007800597
k16 v5 0 0 2070431505 271718 0 1893999157
k11 v89 0 0 2070431504 271719 0 2439581136
k2 v70 0 0 2070431504 271720 0 2328564336
k7 v54 0 0 2070431505 271721 0 1853653708
k0 v40 0 0 2070431504 271722 0 779428344
k19 v62 0 0 2070431504 271723 0 2294583277
k4 v70 0 0 2070431504 271724 0 57517326
k16 v49 0 0 2070431504 271725 0 2116577766
k17 v23 0 0 2070431505 271726 0 2750707095
k10 v95 0 0 2070431504 271727 0 3660827302
k12 v53 0 0 2070431505 271728 0 3485439238
k13 v42 0 0 2070431505 271729 0 3077240395
k2 v3 0 0 2070431505 271730 0 164889096
k5 v68 0 0 2070431504 271731 0 3869934724
k14 v45 0 0 2070431505 271732 0 3265362826
k14 v33 0 0 2070431504 271733 0 4208218584
k11 v11 0 0 2070431503 271734 0 175502000
k1 v37 0 0 2070431505 271735 0 3213629321
k11 v0 0 0 2070431504 271736 0 1863988500
k8 v9 0 0 2070431505 271737 0 2257836913
k3 v49 0 0 2070431504 271738 0 1526822796
k2 v90 0 0 2070431505 271739 0 1169084192
k9 v88 0 0 2070431504 271740 0 701779269
k12 v52 0 0 2070431503 271741 0 3120062524
k14 v23 0 0 2070431504 271742 0 2036004226
k13 v78 0 0 2070431505 271743 0 1694711982
k18 v34 0 0 2070431505 271744 0 2647758114
k11 v42 0 0 2070431505 271745 0 4072936988
k2 v49 0 0 2070431505 271746 0 2534713037
k9 v52 0 0 2070431505 271747 0 1442575729
k11 v67 0 0 2070431504 271748 0 1150204333
k12 v10 0 0 2070431505 271749 0 1870238084
k14 v48 0 0 2070431504 271750 0 2397135753
k17 v55 0 0 2070431505 271751 0 71233112
k0 v43 0 0 2070431503 271752 0 2388030382
k11 v34 0 0 2070431505 271753 0 1217970208
k15 v38 0 0 2070431504 271754 0 404343297
k11 v15 0 0 2070431505 271755 0 2673958301
k10 v81 0 0 2070431504 271756 0 391153061
k6 v64 0 0 2070431505 271757 0 3708050424
k8 v9 0 0 2070431504 271758 0 3375152018
k16 v62 0 0 2070431505 271759 0 3452873460
k16 v81 0 0 2070431504 271760 0 2928078336
k9 v42 0 0 2070431505 271761 0 2684290311
k18 v14 0 0 2070431505 271762 0 751560631
k19 v73 0 0 2070431504 271763 0 1970315241
k7 v60 0 0 2070431505 271764 0 569489391
k6 v56 0 0 2070431505 271765 0 1554281292
k18 v36 0 0 2070431505 271766 0 1722635586
k4 v8 0 0 2070431505 271767 0 14522332
k5 v95 0 0 2070431505 271768 0 122516539
k8 v46 0 0 2070431505 271769 0 2193133186
k3 v83 0 0 2070431505 271770 0 946206773
k19 v91 0 0 2070431505 271771 0 2469391870
k8 v7 0 0 2070431505 271772 0 3843411087
k15 v13 0 0 2070431504 271773 0 2187989677
k8 v42 0 0 2070431505 271774 0 2017030561
k17 v71 0 0 2070431504 271775 0 89462152
k0 v85 0 0 2070431505 271776 0 2633628507
k18 v75 0 0 2070431505 271777 0 3273934661
k14 v62 0 0 2070431505 271778 0 986160178
k9 v61 0 0 2070431505 271779 0 495561103
k9 v76 0 0 2070431505 271780 0 3112792310
k9 v85 0 0 2070431505 271781 0 1127121747
k0 v63 0 0 2070431505 271782 0 2753947655
k0 v68 0 0 2070431505 271783 0 2404139582
k0 v84 0 0 2070431505 271784 0 3237275042
k17 v84 0 0 2070431505 271785 0 2772176154
k7 v8 0 0 2070431505 271786 0 706750167
k16 v41 0 0 2070431505 271787 0 284711070
k18 v93 0 0 2070431505 271788 0 403475922
k2 v98 0 0 2070431505 271789 0 3558930035
k18 v98 0 0 2070431505 271790 0 3815110293
k11 v41 0 0 2070431505 271791 0 836308353
k4 v25 0 0 2070431505 271792 0 862042829
k3 v21 0 0 2070431504 271793 0 3733256421
k0 v51 0 0 2070431506 271794 0 3437418042
k11 v11 0 0 2070431506 271795 0 1444497475
k5 v24 0 0 2070431506 271796 0 664185272
k16 v85 0 0 2070431505 271797 0 1759302717
k17 v56 0 0 2070431506 271798 0 4257277532
k18 v46 0 0 2070431505 271799 0 2207156456
k9 v84 0 0 2070431505 271800 0 1763887290
k2 v70 0 0 2070431505 271801 0 77457303
k10 v5 0 0 2070431505 271802 0 2707155550
k14 v3 0 0 2070431505 271803 0 1623381450
k3 v85 0 0 2070431505 271804 0 2231805495
k6 v69 0 0 2070431506 271805 0 2302995081
k15 v38 0 0 2070431506 271806 0 916618563
k12 v43 0 0 2070431506 271807 0 43370892
k19 v76 0 0 2070431506 271808 0 2747661732
k15 v89 0 0 2070431505 271809 0 71227068
k5 v29 0 0 2070431506 271810 0 2448247165
k0 v46 0 0 2070431506 271811 0 2574993052
k4 v41 0 0 2070431506 271812 0 1397625439
k14 v78 0 0 2070431506 271813 0 3281849694
k2 v54 0 0 2070431505 271814 0 3523318721
k11 v69 0 0 2070431506 271815 0 4099234119
k8 v86 0 0 2070431505 271816 0 1862768979
k5 v12 0 0 2070431506 271817 0 2545993249
k13 v9 0 0 2070431506 271818 0 1052245931
k4 v79 0 0 2070431506 271819 0 1451204549
k5 v75 0 0 2070431506 271820 0 3451801066
k13 v47 0 0 2070431505 271821 0 207272970
k3 v29 0 0 2070431506 271822 0 1280829404
k0 v69 0 0 2070431506 271823 0 827386651
k16 v17 0 0 2070431506 271824 0 3920528334
k12 v45 0 0 2070431506 271825 0 3070550709
k2 v23 0 0 2070431506 271826 0 3831326770
k6 v84 0 0 2070431505 271827 0 1407668635
k12 v85 0 0 2070431506 271828 0 899780917
k0 v81 0 0 2070431505 271829 0 186965616
k11 v24 0 0 2070431506 271830 0 772701050
k13 v31 0 0 2070431506 271831 0 1859373651
k12 v93 0 0 2070431506 271832 0 3581218243
k18 v10 0 0 2070431506 271833 0 2870667505
k3 v82 0 0 2070431505 271834 0 1711587069
k19 v80 0 0 2070431506 271835 0 3692769099
k14 v18 0 0 2070431506 271836 0 1263741107
k14 v50 0 0 2070431506 271837 0 3714763771
k0 v47 0 0 2070431506 271838 0 777655037
k19 v94 0 0 2070431506 271839 0 2711160960
k18 v25 0 0 2070431506 271840 0 3589078859
k6 v61 0 0 2070431506 271841 0 2012893667
k12 v34 0 0 2070431506 271842 0 4031296990
k8 v88 0 0 2070431506 271843 0 2211242873
k16 v12 0 0 2070431506 271844 0 3332976483
k5 v96 0 0 2070431506 271845 0 3357705319
k12 v12 0 0 2070431506 271846 0 4106480754
k19 v97 0 0 2070431506 271847 0 2516352577
k9 v41 0 0 2070431506 271848 0 888942687
k9 v6 0 0 2070431506 271849 0 2684674862
k2 v75 0 0 2070431507 271850 0 1927463775
k0 v21 0 0 2070431506 271851 0 2299219221
k15 v34 0 0 2070431506 271852 0 2268284743
k0 v51 0 0 2070431506 271853 0 3537545679
k11 v42 0 0 2070431506 271854 0 1022450399
k10 v61 0 0 2070431506 271855 0 4126461437
k5 v84 0 0 2070431506 271856 0 3084470401
k17 v73 0 0 2070431507 271857 0 684048989
k19 v10 0 0 2070431507 271858 0 465217474
k12 v18 0 0 2070431505 271859 0 2869116247
k6 v93 0 0 2070431507 271860 0 655642096
k2 v10 0 0 2070431506 271861 0 2023921920
k13 v92 0 0 2070431507 271862 0 3774881316
k16 v16 0 0 2070431504 271863 0 2258928110
k7 v52 0 0 2070431507 271864 0 2322027691
k6 v24 0 0 2070431505 271865 0 2817430478
k5 v67 0 0 2070431506 271866 0 3388585890
k8 v71 0 0 2070431506 271867 0 1351454921
k16 v36 0 0 2070431506 271868 0 3283181093
k3 v81 0 0 2070431506 271869 0 4098312306
k2 v6 0 0 2070431506 271870 0 4089146750
k1 v22 0 0 2070431506 271871 0 3193257573
k10 v89 0 0 2070431507 271872 0 999249352
k4 v7 0 0 2070431507 271873 0 61497317
k15 v65 0 0 2070431507 271874 0 4127426642
k2 v63 0 0 2070431506 271875 0 3678600609
k2 v0 0 0 2070431507 271876 0 3983038387
k0 v61 0 0 2070431507 271877 0 42351320
k18 v82 0 0 2070431506 271878 0 1057056130
k13 v24 0 0 2070431507 271879 0 3657022360
k19 v20 0 0 2070431507 271880 0 2695183482
k15 v68 0 0 2070431507 271881 0 913915271
k7 v20 0 0 2070431507 271882 0 1971990259
k12 v96 0 0 2070431507 271883 0 656081890
k13 v34 0 0 2070431507 271884 0 4174446966
k17 v19 0 0 2070431507 271885 0 3003356788
k10 v71 0 0 2070431507 271886 0 2238811757
k9 v44 0 0 2070431506 271887 0 2448688619
k8 v18 0 0 2070431507 271888 0 530598304
k13 v62 0 0 2070431506 271889 0 2295686485
k8 v42 0 0 2070431507 271890 0 210603652
k6 v34 0 0 2070431507 271891 0 354522388
k5 v30 0 0 2070431507 271892 0 100930739
k17 v72 0 0 2070431507 271893 0 550815099
k8 v94 0 0 2070431507 271894 0 1142118406
k10 v23 0 0 2070431507 271895 0 3899868720
k8 v52 0 0 2070431507 271896 0 3306007196
k15 v7 0 0 2070431506 271897 0 3694502715
k10 v23 0 0 2070431506 271898 0 2440509667
k13 v10 0 0 2070431507 271899 0 3868524328
k12 v89 0 0 2070431507 271900 0 1507628355
k17 v98 0 0 2070431507 271901 0 559241117
k10 v44 0 0 2070431507 271902 0 119942984
k19 v23 0 0 2070431506 271903 0 1579422768
k11 v2 0 0 2070431507 271904 0 4227133331
k4 v93 0 0 2070431507 271905 0 197423499
k19 v43 0 0 2070431507 271906 0 432334125
k17 v34 0 0 2070431507 271907 0 1695532539
k2 v92 0 0 2070431507 271908 0 919029498
k14 v30 0 0 2070431506 271909 0 254687887
k0 v24 0 0 2070431507 271910 0 3364184940
k4 v4 0 0 2070431507 271911 0 570715002
k2 v2 0 0 2070431507 271912 0 4294705132
k15 v14 0 0 2070431507 271913 0 166967388
k19 v65 0 0 2070431507 271914 0 1255633200
k18 v20 0 0 2070431507 271915 0 4056710657
k0 v65 0 0 2070431507 271916 0 3913415447
k2 v42 0 0 2070431507 271917 0 407682641
k11 v34 0 0 2070431507 271918 0 245350777
k18 v51 0 0 2070431507 271919 0 1375308819
k10 v76 0 0 2070431507 271920 0 2269408715
k2 v39 0 0 2070431508 271921 0 3471157250
k13 v47 0 0 2070431507 271922 0 3723399121
k15 v44 0 0 2070431508 271923 0 1605800844
k11 v57 0 0 2070431507 271924 0 4193810464
k11 v58 0 0 2070431507 271925 0 2625386816
k5 v88 0 0 2070431508 271926 0 3432388280
k10 v74 0 0 2070431508 271927 0 3689652012
k11 v93 0 0 2070431508 271928 0 4119577364
k19 v21 0 0 2070431508 271929 0 2014006378
k1 v69 0 0 2070431507 271930 0 4107952064
k16 v73 0 0 2070431508 271931 0 2164098676
k3 v22 0 0 2070431508 271932 0 3536937924
k7 v64 0 0 2070431507 271933 0 2221701332
k5 v5 0 0 2070431507 271934 0 783815895
k8 v68 0 0 2070431507 271935 0 1996503345
k2 v35 0 0 2070431508 271936 0 1397778713
k11 v29 0 0 2070431508 271937 0 2049482311
k11 v65 0 0 2070431507 271938 0 3848251764
k3 v41 0 0 2070431507 271939 0 2979127471
k2 v71 0 0 2070431507 271940 0 2238784852
k6 v87 0 0 2070431508 271941 0 2367731153
k6 v4 0 0 2070431508 271942 0 4170326398
k3 v65 0 0 2070431506 271943 0 682816538
k1 v99 0 0 2070431507 271944 0 3656123247
k10 v72 0 0 2070431508 271945 0 1769151689
k17 v0 0 0 2070431508 271946 0 2949913453
k16 v56 0 0 2070431508 271947 0 480699925
k18 v52 0 0 2070431508 271948 0 950018271
k6 v24 0 0 2070431507 271949 0 4064700596
k12 v50 0 0 2070431508 271950 0 3596232355
k10 v81 0 0 2070431508 271951 0 4016140574
k7 v69 0 0 2070431508 271952 0 4136313126
k15 v95 0 0 2070431508 271953 0 2538549276
k19 v73 0 0 2070431508 271954 0 2399655179
k10 v38 0 0 2070431508 271955 0 761123451
k2 v22 0 0 2070431508 271956 0 692269222
k15 v66 0 0 2070431508 271957 0 278870012
k2 v50 0 0 2070431508 271958 0 350875132
k17 v67 0 0 2070431508 271959 0 116257501
k10 v91 0 0 2070431507 271960 0 2999349044
k12 v12 0 0 2070431508 271961 0 355523468
k16 v5 0 0 2070431507 271962 0 767470708
k9 v39 0 0 2070431507 271963 0 1420167915
k11 v33 0 0 2070431508 271964 0 2667654351
k1 v11 0 0 2070431508 271965 0 2725915432
k17 v59 0 0 2070431508 271966 0 3788872143
k2 v10 0 0 2070431508 271967 0 2211335121
k6 v6 0 0 2070431508 271968 0 3409406742
k9 v21 0 0 2070431508 271969 0 1969792481
k0 v14 0 0 2070431508 271970 0 1849069457
k1 v85 0 0 2070431507 271971 0 3929143046
k14 v85 0 0 2070431506 271972 0 2633215563
k18 v26 0 0 2070431508 271973 0 4262996556
k3 v46 0 0 2070431508 271974 0 995262977
k4 v42 0 0 2070431508 271975 0 438157495
k4 v89 0 0 2070431508 271976 0 877200833
k0 v32 0 0 2070431508 271977 0 1099990526
k19 v30 0 0 2070431508 271978 0 2640709400
k5 v94 0 0 2070431505 271979 0 2586600248
k5 v82 0 0 2070431508 271980 0 3226375382
k19 v17 0 0 2070431508 271981 0 1115184258
k12 v11 0 0 2070431508 271982 0 2603280527
k10 v79 0 0 2070431508 271983 0 71424339
k9 v65 0 0 2070431507 271984 0 1332481000
k18 v47 0 0 2070431508 271985 0 809825399
k16 v7 0 0 2070431508 271986 0 1352802394
k19 v92 0 0 2070431508 271987 0 442114669
k16 v29 0 0 2070431508 271988 0 2271016391
k18 v76 0 0 2070431509 271989 0 1310851648
k11 v95 0 0 2070431508 271990 0 3039050536
k8 v45 0 0 2070431508 271991 0 2504944799
k18 v14 0 0 2070431507 271992 0 2238566596
k3 v1 0 0 2070431509 271993 0 1173922861
k9 v7 0 0 2070431508 271994 0 3575857185
k17 v43 0 0 2070431507 271995 0 3494624317
k19 v30 0 0 2070431508 271996 0 159057820
k8 v47 0 0 2070431508 271997 0 165330325
k17 v45 0 0 2070431509 271998 0 4098641303
k0 v24 0 0 2070431509 271999 0 48143279
k17 v76 0 0 2070431509 272000 0 3713730147
k3 v96 0 0 2070431509 272001 0 498719574
k7 v76 0 0 2070431509 272002 0 3842450870
k16 v57 0 0 2070431509 272003 0 3970336079
k3 v38 0 0 2070431509 272004 0 3087035519
k15 v32 0 0 2070431509 272005 0 296668717
k5 v21 0 0 2070431509 272006 0 10097389
k18 v8 0 0 2070431507 272007 0 319777780
k3 v53 0 0 2070431509 272008 0 3506093517
k9 v59 0 0 2070431509 272009 0 1943780477
k3 v46 0 0 2070431508 272010 0 1629163245
k11 v48 0 0 2070431509 272011 0 1252976363
k9 v97 0 0 2070431509 272012 0 3206433067
k11 v62 0 0 2070431509 272013 0 3410568490
k6 v93 0 0 2070431508 272014 0 486792930
k17 v33 0 0 2070431509 272015 0 2560445621
k10 v72 0 0 2070431508 272016 0 2117974203
k9 v46 0 0 2070431509 272017 0 266274939
k11 v2 0 0 2070431509 272018 0 2040655296
k7 v86 0 0 2070431508 272019 0 2274236922
k0 v48 0 0 2070431508 272020 0 205570798
k7 v20 0 0 2070431506 272021 0 495888967
k4 v47 0 0 2070431509 272022 0 2384425280
k17 v4 0 0 2070431509 272023 0 1858161927
k7 v29 0 0 2070431509 272024 0 1097179482
k9 v50 0 0 2070431508 272025 0 3908881013
k12 v41 0 0 2070431509 272026 0 2314214076
k12 v70 0 0 2070431509 272027 0 2391970392
k12 v77 0 0 2070431508 272028 0 618932378
k11 v21 0 0 2070431509 272029 0 2393913992
k14 v60 0 0 2070431507 272030 0 2810940798
k12 v61 0 0 2070431509 272031 0 599254833
k18 v22 0 0 2070431509 272032 0 1491430732
k12 v80 0 0 2070431509 272033 0 2804527685
k16 v13 0 0 2070431509 272034 0 4256514611
k12 v41 0 0 2070431509 272035 0 2736726856
k2 v9 0 0 2070431509 272036 0 2235781782
k1 v73 0 0 2070431509 272037 0 1551289807
k6 v54 0 0 2070431508 272038 0 1685974750
k8 v10 0 0 2070431509 272039 0 11207103
k19 v91 0 0 2070431509 272040 0 95040960
k5 v89 0 0 2070431509 272041 0 339735119
k0 v72 0 0 2070431509 272042 0 3663396509
k14 v0 0 0 2070431509 272043 0 500791212
k19 v36 0 0 2070431509 272044 0 1102339676
k16 v47 0 0 2070431509 272045 0 573507979
k12 v86 0 0 2070431509 272046 0 1530056016
k9 v21 0 0 2070431509 272047 0 510486981
k19 v18 0 0 2070431509 272048 0 272456522
k3 v89 0 0 2070431509 272049 0 824969789
k13 v45 0 0 2070431509 272050 0 259762738
k16 v75 0 0 2070431507 272051 0 3822797029
k3 v30 0 0 2070431508 272052 0 3118522174
k16 v81 0 0 2070431509 272053 0 3332330530
k14 v73 0 0 2070431508 272054 0 775546928
k10 v55 0 0 2070431509 272055 0 2603869396
k3 v8 0 0 2070431509 272056 0 4085346722
k12 v27 0 0 2070431509 272057 0 3887768939
k12 v25 0 0 2070431509 272058 0 2867646248
k18 v44 0 0 2070431509 272059 0 3447869478
k8 v13 0 0 2070431509 272060 0 2014000599
k7 v42 0 0 2070431509 272061 0 4283720573
k3 v33 0 0 2070431510 272062 0 3499172699
k8 v9 0 0 2070431509 272063 0 1777109944
k13 v45 0 0 2070431510 272064 0 1634065927
k12 v45 0 0 2070431510 272065 0 3809281426
k17 v38 0 0 2070431510 272066 0 2360974819
k10 v67 0 0 2070431509 272067 0 445893728
k8 v61 0 0 2070431510 272068 0 466567267
k9 v9 0 0 2070431509 272069 0 2217412594
k19 v21 0 0 2070431509 272070 0 1493172236
k11 v25 0 0 2070431510 272071 0 108762714
k12 v16 0 0 2070431509 272072 0 2268085477
k13 v3 0 0 2070431509 272073 0 3589257855
k10 v97 0 0 2070431509 272074 0 2087287482
k6 v42 0 0 2070431509 272075 0 25765530
k3 v39 0 0 2070431509 272076 0 3927843646
k11 v7 0 0 2070431510 272077 0 3641332426
k11 v38 0 0 2070431509 272078 0 4127631176
k19 v21 0 0 2070431508 272079 0 1147714523
k6 v97 0 0 2070431508 272080 0 945015600
k4 v94 0 0 2070431510 272081 0 2817092516
k2 v38 0 0 2070431508 272082 0 3079696395
k9 v27 0 0 2070431510 272083 0 4279027480
k1 v44 0 0 2070431509 272084 0 3780400541
k5 v78 0 0 2070431509 272085 0 1346075207
k17 v38 0 0 2070431509 272086 0 2383658881
k2 v5 0 0 2070431509 272087 0 1127985629
k12 v40 0 0 2070431508 272088 0 3005843772
k14 v43 0 0 2070431510 272089 0 751798331
k11 v85 0 0 2070431510 272090 0 3569910298
k1 v82 0 0 2070431509 272091 0 784948215
k15 v9 0 0 2070431510 272092 0 3954856930
k9 v21 0 0 2070431510 272093 0 2062364922
k5 v84 0 0 2070431510 272094 0 3757415580
k12 v97 0 0 2070431509 272095 0 2189079832
k15 v90 0 0 2070431509 272096 0 1051384038
k7 v30 0 0 2070431510 272097 0 156204154
k19 v7 0 0 2070431510 272098 0 3981395215
k12 v13 0 0 2070431510 272099 0 1306793811
k3 v54 0 0 2070431510 272100 0 1240463707
k11 v39 0 0 2070431509 272101 0 4283455143
k8 v47 0 0 2070431510 272102 0 1039544214
k13 v95 0 0 2070431510 272103 0 985980228
k13 v72 0 0 2070431510 272104 0 1192157600
k14 v74 0 0 2070431510 272105 0 2895107482
k10 v82 0 0 2070431510 272106 0 1338520881
k9 v61 0 0 2070431510 272107 0 3138760111
k18 v45 0 0 2070431510 272108 0 129888455
k0 v92 0 0 2070431509 272109 0 1440015455
k10 v55 0 0 2070431510 272110 0 1371918400
k5 v55 0 0 2070431510 272111 0 3650874129
k2 v27 0 0 2070431510 272112 0 656855208
k12 v50 0 0 2070431510 272113 0 3170140277
k7 v98 0 0 2070431510 272114 0 3357591517
k15 v85 0 0 2070431510 272115 0 525132049
k3 v24 0 0 2070431510 272116 0 2005971634
k6 v72 0 0 2070431510 272117 0 4238660164
k6 v64 0 0 2070431510 272118 0 1623576768
k6 v28 0 0 2070431510 272119 0 3088177361
k15 v62 0 0 2070431510 272120 0 1391853870
k3 v2 0 0 2070431510 272121 0 1578252755
k17 v37 0 0 2070431510 272122 0 738191231
k19 v49 0 0 2070431510 272123 0 2944936541
k17 v30 0 0 2070431510 272124 0 2632050282
k4 v19 0 0 2070431510 272125 0 3842851784
k2 v20 0 0 2070431510 272126 0 2689076582
k2 v17 0 0 2070431510 272127 0 587798615
k8 v27 0 0 2070431511 272128 0 4262073898
k18 v32 0 0 2070431510 272129 0 2508272931
k18 v87 0 0 2070431511 272130 0 4232953673
k3 v83 0 0 2070431510 272131 0 455564931
k0 v45 0 0 2070431511 272132 0 963486971
k1 v93 0 0 2070431511 272133 0 2549574888
k12 v13 0 0 2070431510 272134 0 1298238381
k17 v93 0 0 2070431510 272135 0 3936876765
k5 v14 0 0 2070431511 272136 0 778737371
k19 v43 0 0 2070431511 272137 0 1368991182
k18 v13 0 0 2070431510 272138 0 217797742
k13 v1 0 0 2070431510 272139 0 1380967592
k10 v10 0 0 2070431510 272140 0 1853736463
k2 v87 0 0 2070431510 272141 0 3421915531
k10 v85 0 0 2070431511 272142 0 21233380
k7 v70 0 0 2070431510 272143 0 3485354483
k7 v88 0 0 2070431510 272144 0 1362200232
k15 v68 0 0 2070431511 272145 0 2964531577
k2 v39 0 0 2070431511 272146 0 252256032
k19 v80 0 0 2070431510 272147 0 14578642
k12 v18 0 0 2070431511 272148 0 440617410
k8 v13 0 0 2070431511 272149 0 3597611619
k9 v17 0 0 2070431511 272150 0 3555844752
k16 v93 0 0 2070431510 272151 0 288730047
k4 v40 0 0 2070431511 272152 0 372681157
k14 v73 0 0 2070431510 272153 0 492443236
k15 v23 0 0 2070431510 272154 0 1145826642
k11 v12 0 0 2070431510 272155 0 1131791397
k13 v97 0 0 2070431511 272156 0 1193057784
k1 v67 0 0 2070431511 272157 0 4126060841
k15 v86 0 0 2070431511 272158 0 3471342292
k0 v24 0 0 2070431511 272159 0 1296973570
k14 v19 0 0 2070431510 272160 0 2501467654
k7 v74 0 0 2070431510 272161 0 2967540806
k14 v82 0 0 2070431511 272162 0 3823054218
k0 v31 0 0 2070431511 272163 0 28785232
k9 v66 0 0 2070431510 272164 0 1978737741
k9 v82 0 0 2070431511 272165 0 1029894779
k0 v50 0 0 2070431511 272166 0 4019908757
k19 v61 0 0 2070431511 272167 0 2035847380
k6 v25 0 0 2070431511 272168 0 3737057574
k12 v81 0 0 2070431511 272169 0 1112067057
k10 v6 0 0 2070431511 272170 0 2417163376
k4 v13 0 0 2070431508 272171 0 337767407
k16 v51 0 0 2070431511 272172 0 150165453
k3 v30 0 0 2070431511 272173 0 334975516
k14 v56 0 0 2070431511 272174 0 1383826737
k5 v87 0 0 2070431511 272175 0 399485670
k5 v71 0 0 2070431511 272176 0 4107594718
k15 v43 0 0 2070431511 272177 0 1450536871
k8 v95 0 0 2070431511 272178 0 1826826712
k4 v48 0 0 2070431511 272179 0 1805480658
k16 v10 0 0 2070431511 272180 0 1174883727
k2 v38 0 0 2070431511 272181 0 741690309
k8 v62 0 0 2070431511 272182 0 805416914
k14 v0 0 0 2070431510 272183 0 2756437701
k16 v98 0 0 2070431511 272184 0 2588038991
k11 v54 0 0 2070431511 272185 0 299748998
k12 v40 0 0 2070431510 272186 0 1367919649
k0 v83 0 0 2070431511 272187 0 4217843527
k14 v1 0 0 2070431511 272188 0 4000449750
k9 v93 0 0 2070431511 272189 0 1643391141
k10 v4 0 0 2070431511 272190 0 1346545654
k4 v2 0 0 2070431510 272191 0 933161074
k5 v73 0 0 2070431511 272192 0 1357411676
k14 v19 0 0 2070431509 272193 0 3176940944
k1 v57 0 0 2070431512 272194 0 575184526
k19 v65 0 0 2070431512 272195 0 2152749521
k8 v34 0 0 2070431511 272196 0 1554979345
k4 v58 0 0 2070431511 272197 0 1616572872
k9 v69 0 0 2070431512 272198 0 3970063136
k7 v13 0 0 2070431512 272199 0 641236315
k0 v16 0 0 2070431510 272200 0 4119338431
k12 v94 0 0 2070431512 272201 0 2792801991
k15 v43 0 0 2070431511 272202 0 1022894729
k4 v91 0 0 2070431510 272203 0 441401354
k13 v73 0 0 2070431511 272204 0 4235621782
k15 v0 0 0 2070431511 272205 0 892721995
k8 v13 0 0 2070431512 272206 0 3401854589
k19 v97 0 0 2070431512 272207 0 702109328
k11 v3 0 0 2070431511 272208 0 1939045324
k9 v69 0 0 2070431512 272209 0 3906862592
k3 v74 0 0 2070431511 272210 0 1928740193
k3 v45 0 0 2070431512 272211 0 4212896358
k1 v29 0 0 2070431512 272212 0 413862497
k13 v41 0 0 2070431511 272213 0 52788489
k5 v46 0 0 2070431512 272214 0 3289348499
k3 v99 0 0 2070431512 272215 0 3834692826
k6 v83 0 0 2070431511 272216 0 315815965
k17 v48 0 0 2070431512 272217 0 287765385
k13 v44 0 0 2070431511 272218 0 3411768541
k9 v94 0 0 2070431511 272219 0 2647923287
k16 v48 0 0 2070431511 272220 0 1239234080
k11 v28 0 0 2070431512 272221 0 1590533610
k8 v88 0 0 2070431512 272222 0 628502151
k8 v57 0 0 2070431512 272223 0 3894665652
k3 v67 0 0 2070431512 272224 0 2854260619
k12 v13 0 0 2070431511 272225 0 2343010219
k10 v93 0 0 2070431512 272226 0 3865178388
k3 v98 0 0 2070431512 272227 0 2978423623
k15 v83 0 0 2070431511 272228 0 4070052768
k2 v76 0 0 2070431511 272229 0 4040139817
k17 v16 0 0 2070431512 272230 0 3375922530
k19 v49 0 0 2070431512 272231 0 3438054011
k2 v36 0 0 2070431512 272232 0 2391741581
k11 v16 0 0 2070431512 272233 0 266296539
k2 v64 0 0 2070431512 272234 0 2671264418
k11 v16 0 0 2070431512 272235 0 1501952861
k16 v0 0 0 2070431512 272236 0 2880019570
k1 v99 0 0 2070431512 272237 0 951362015
k18 v10 0 0 2070431512 272238 0 4089622839
k13 v76 0 0 2070431512 272239 0 4003160702
k0 v60 0 0 2070431512 272240 0 1566615955
k15 v48 0 0 2070431512 272241 0 2887861517
k11 v39 0 0 2070431512 272242 0 2345667139
k10 v75 0 0 2070431511 272243 0 1190719333
k18 v32 0 0 2070431512 272244 0 1949474639
k3 v80 0 0 2070431512 272245 0 2235394139
k14 v95 0 0 2070431512 272246 0 1720955360
k16 v44 0 0 2070431511 272247 0 3509051838
k9 v98 0 0 2070431512 272248 0 3753759733
k17 v39 0 0 2070431512 272249 0 2247008754
k16 v52 0 0 2070431512 272250 0 181535974
k9 v69 0 0 2070431512 272251 0 651146979
k19 v77 0 0 2070431512 272252 0 2175429774
k18 v72 0 0 2070431512 272253 0 675833604
k7 v11 0 0 2070431512 272254 0 1123492624
k7 v80 0 0 2070431512 272255 0 2225316863
k16 v61 0 0 2070431511 272256 0 112225194
k11 v70 0 0 2070431513 272257 0 3515514336
k0 v42 0 0 2070431513 272258 0 1994079939
k11 v45 0 0 2070431510 272259 0 2433877361
k4 v67 0 0 2070431512 272260 0 3220994813
k10 v79 0 0 2070431512 272261 0 720593793
k18 v64 0 0 2070431513 272262 0 3829855945
k8 v26 0 0 2070431513 272263 0 788591848
k14 v98 0 0 2070431512 272264 0 3782214049
k8 v13 0 0 2070431512 272265 0 3848536332
k5 v8 0 0 2070431511 272266 0 3986772486
k9 v99 0 0 2070431512 272267 0 1053171730
k14 v93 0 0 2070431513 272268 0 3005076811
k3 v56 0 0 2070431512 272269 0 117366975
k13 v85 0 0 2070431512 272270 0 3689722639
k11 v18 0 0 2070431512 272271 0 588832226
k18 v93 0 0 2070431512 272272 0 2222962141
k17 v96 0 0 2070431512 272273 0 3236859659
k8 v36 0 0 2070431513 272274 0 4267281286
k0 v49 0 0 2070431512 272275 0 1042878214
k5 v96 0 0 2070431513 272276 0 2530208110
k17 v29 0 0 2070431512 272277 0 2263986619
k3 v95 0 0 2070431512 272278 0 2256927694
k10 v12 0 0 2070431512 272279 0 665263360
k5 v45 0 0 2070431512 272280 0 1821394
k19 v9 0 0 2070431511 272281 0 1108612867
k9 v65 0 0 2070431512 272282 0 3591130008
k2 v57 0 0 2070431512 272283 0 144438445
k5 v47 0 0 2070431513 272284 0 1645443524
k13 v74 0 0 2070431513 272285 0 1210037377
k2 v29 0 0 2070431513 272286 0 3378105673
k12 v93 0 0 2070431513 272287 0 3553728244
k9 v92 0 0 2070431512 272288 0 2175961775
k10 v44 0 0 2070431513 272289 0 3914416211
k0 v47 0 0 2070431513 272290 0 2626854320
k2 v91 0 0 2070431512 272291 0 2286382080
k18 v54 0 0 2070431513 272292 0 2483303191
k3 v91 0 0 2070431513 272293 0 3987268808
k5 v76 0 0 2070431511 272294 0 1066249515
k10 v25 0 0 2070431513 272295 0 3615251432
k4 v51 0 0 2070431513 272296 0 3513615854
k1 v60 0 0 2070431513 272297 0 1293960781
k15 v57 0 0 2070431513 272298 0 1523883574
k7 v34 0 0 2070431513 272299 0 4255610309
k10 v79 0 0 2070431513 272300 0 1131628937
k15 v73 0 0 2070431513 272301 0 2521994161
k12 v54 0 0 2070431513 272302 0 3460759346
k9 v34 0 0 2070431513 272303 0 1565978873
k12 v42 0 0 2070431513 272304 0 2212841215
k15 v36 0 0 2070431513 272305 0 3410854417
k3 v7 0 0 2070431513 272306 0 500917261
k8 v29 0 0 2070431513 272307 0 2344770074
k12 v71 0 0 2070431512 272308 0 927843908
k8 v75 0 0 2070431513 272309 0 1263848794
k1 v68 0 0 2070431513 272310 0 689254629
k0 v26 0 0 2070431513 272311 0 2692523180
k18 v78 0 0 2070431513 272312 0 358168924
k18 v42 0 0 2070431512 272313 0 3974310494
k13 v1 0 0 2070431513 272314 0 3236135395
k18 v6 0 0 2070431513 272315 0 3095895409
k10 v45 0 0 2070431513 272316 0 3166911280
k8 v66 0 0 2070431513 272317 0 3831907511
k10 v4 0 0 2070431513 272318 0 2124723120
k14 v34 0 0 2070431513 272319 0 931609458
k17 v44 0 0 2070431513 272320 0 4211179783
k8 v93 0 0 2070431513 272321 0 3622109785
k0 v60 0 0 2070431513 272322 0 533581912
k19 v62 0 0 2070431513 272323 0 1572372272
k4 v72 0 0 2070431513 272324 0 484385631
k5 v71 0 0 2070431513 272325 0 824096000
k5 v53 0 0 2070431513 272326 0 876187954
k17 v59 0 0 2070431513 272327 0 2647364339
k17 v14 0 0 2070431513 272328 0 3204156458
k6 v54 0 0 2070431513 272329 0 603984467
k11 v36 0 0 2070431513 272330 0 3022023070
k11 v22 0 0 2070431514 272331 0 1992898817
k12 v69 0 0 2070431513 272332 0 22005029
k3 v38 0 0 2070431513 272333 0 1628038020
k19 v15 0 0 2070431513 272334 0 2610471691
k3 v77 0 0 2070431513 272335 0 1496658072
k10 v1 0 0 2070431514 272336 0 3270284118
k7 v26 0 0 2070431514 272337 0 2313045747
k15 v21 0 0 2070431513 272338 0 37447432
k17 v11 0 0 2070431513 272339 0 2376599363
k7 v53 0 0 2070431514 272340 0 2176684278
k5 v86 0 0 2070431514 272341 0 4134218770
k7 v3 0 0 2070431514 272342 0 1714911381
k11 v92 0 0 2070431513 272343 0 362401674
k1 v99 0 0 2070431514 272344 0 1745193595
k8 v61 0 0 2070431514 272345 0 991578964
k6 v80 0 0 2070431511 272346 0 51122265
k0 v32 0 0 2070431514 272347 0 723492895
k1 v23 0 0 2070431513 272348 0 3347900357
k6 v32 0 0 2070431513 272349 0 1385428722
k14 v18 0 0 2070431514 272350 0 3699055976
k10 v1 0 0 2070431513 272351 0 2212851770
k16 v12 0 0 2070431514 272352 0 1422789693
k12 v51 0 0 2070431514 272353 0 4040807838
k9 v53 0 0 2070431512 272354 0 3473868574
k5 v85 0 0 2070431513 272355 0 917096434
k19 v3 0 0 2070431514 272356 0 2730810280
k19 v95 0 0 2070431513 272357 0 2445968652
k17 v78 0 0 2070431514 272358 0 2491067291
k10 v29 0 0 2070431514 272359 0 329039383
k13 v36 0 0 2070431514 272360 0 1438151045
k11 v87 0 0 2070431513 272361 0 2423991015
k11 v26 0 0 2070431512 272362 0 3551349495
k4 v76 0 0 2070431514 272363 0 281018116
k14 v86 0 0 2070431514 272364 0 427927482
k8 v0 0 0 2070431514 272365 0 1505849270
k5 v11 0 0 2070431514 272366 0 3787604672
k0 v11 0 0 2070431514 272367 0 1677080774
k14 v30 0 0 2070431514 272368 0 1878785782
k12 v43 0 0 2070431514 272369 0 1566864991
k17 v88 0 0 2070431514 272370 0 322075347
k12 v65 0 0 2070431514 272371 0 4103604936
k11 v35 0 0 2070431514 272372 0 611575571
k8 v10 0 0 2070431514 272373 0 1669787541
k1 v35 0 0 2070431514 272374 0 2017657282
k3 v36 0 0 2070431514 272375 0 593997472
k13 v28 0 0 2070431514 272376 0 2214753485
k17 v68 0 0 2070431513 272377 0 2239359421
k3 v7 0 0 2070431514 272378 0 2362594847
k8 v94 0 0 2070431514 272379 0 4067878192
k16 v2 0 0 2070431514 272380 0 1169935483
k14 v76 0 0 2070431514 272381 0 578679259
k14 v96 0 0 2070431514 272382 0 3667898024
k18 v80 0 0 2070431514 272383 0 3633865495
k8 v33 0 0 2070431514 272384 0 1828090584
k12 v66 0 0 2070431515 272385 0 4172006821
k8 v55 0 0 2070431515 272386 0 3765733591
k11 v86 0 0 2070431514 272387 0 2736624180
k13 v6 0 0 2070431514 272388 0 2282117866
k7 v83 0 0 2070431514 272389 0 4055129224
k19 v77 0 0 2070431515 272390 0 150968596
k13 v35 0 0 2070431514 272391 0 3897969203
k4 v71 0 0 2070431514 272392 0 3820761067
k8 v81 0 0 2070431514 272393 0 3059184433
k0 v91 0 0 2070431515 272394 0 2866750928
k5 v73 0 0 2070431515 272395 0 837428714
k16 v12 0 0 2070431514 272396 0 968372317
k11 v76 0 0 2070431515 272397 0 576747443
k19 v30 0 0 2070431514 272398 0 4281446826
k1 v89 0 0 2070431515 272399 0 2248402021
k5 v9 0 0 2070431514 272400 0 3080381388
k9 v74 0 0 2070431515 272401 0 639739902
k7 v73 0 0 2070431515 272402 0 20669426
k9 v16 0 0 2070431514 272403 0 3830363816
k6 v54 0 0 2070431513 272404 0 268271817
k10 v97 0 0 2070431514 272405 0 1663159227
k18 v39 0 0 2070431514 272406 0 2424018994
k14 v44 0 0 2070431513 272407 0 1559675434
k5 v24 0 0 2070431515 272408 0 2049276199
k2 v20 0 0 2070431515 272409 0 1533688721
k0 v20 0 0 2070431513 272410 0 2694000769
k7 v58 0 0 2070431514 272411 0 835240093
k5 v41 0 0 2070431515 272412 0 1556033091
k15 v40 0 0 2070431514 272413 0 3858982285
k2 v50 0 0 2070431515 272414 0 2262935987
k7 v90 0 0 2070431515 272415 0 870243960
k13 v89 0 0 2070431515 272416 0 1973617429
k15 v52 0 0 2070431515 272417 0 466703621
k19 v44 0 0 2070431515 272418 0 2270541108
k17 v88 0 0 2070431515 272419 0 2533393679
k6 v62 0 0 2070431515 272420 0 1363642130
k16 v56 0 0 2070431515 272421 0 2009439934
k10 v66 0 0 2070431513 272422 0 206779491
k0 v91 0 0 2070431514 272423 0 3098961105
k18 v72 0 0 2070431515 272424 0 1307095427
k9 v19 0 0 2070431515 272425 0 27637247
k7 v99 0 0 2070431515 272426 0 3792297494
k7 v39 0 0 2070431514 272427 0 4136560578
k15 v90 0 0 2070431515 272428 0 1674218706
k12 v56 0 0 2070431515 272429 0 3208688933
k1 v83 0 0 2070431515 272430 0 2425635453
k18 v44 0 0 2070431515 272431 0 3462410439
k6 v70 0 0 2070431515 272432 0 933722805
k11 v13 0 0 2070431515 272433 0 201054721
k8 v11 0 0 2070431515 272434 0 534041327
k0 v82 0 0 2070431515 272435 0 334981034
k5 v58 0 0 2070431515 272436 0 1546735939
k7 v91 0 0 2070431515 272437 0 1728795602
k7 v72 0 0 2070431515 272438 0 2633305703
k18 v72 0 0 2070431514 272439 0 892249447
k12 v15 0 0 2070431515 272440 0 3613342639
k14 v18 0 0 2070431515 272441 0 2514452025
k17 v45 0 0 2070431515 272442 0 4083520847
k19 v16 0 0 2070431515 272443 0 629628861
k9 v44 0 0 2070431515 272444 0 658602372
k7 v63 0 0 2070431515 272445 0 3601456759
k18 v34 0 0 2070431515 272446 0 3985192669
k18 v28 0 0 2070431515 272447 0 3095312873
k0 v99 0 0 2070431515 272448 0 247338884
k18 v22 0 0 2070431515 272449 0 1911043161
k14 v74 0 0 2070431515 272450 0 2819431778
k12 v67 0 0 2070431515 272451 0 1823445005
k1 v72 0 0 2070431515 272452 0 2405296165
k1 v42 0 0 2070431516 272453 0 1675058276
k7 v1 0 0 2070431515 272454 0 2854026127
k9 v75 0 0 2070431515 272455 0 568433495
k10 v84 0 0 2070431516 272456 0 1016173498
k16 v27 0 0 2070431515 272457 0 676369059
k2 v80 0 0 2070431515 272458 0 2240593968
k4 v80 0 0 2070431516 272459 0 4291986664
k9 v65 0 0 2070431516 272460 0 1334138166
k17 v24 0 0 2070431515 272461 0 1217801314
k8 v86 0 0 2070431516 272462 0 2594610202
k8 v77 0 0 2070431513 272463 0 3794736983
k19 v57 0 0 2070431516 272464 0 2421368074
k10 v99 0 0 2070431516 272465 0 1014102803
k7 v37 0 0 2070431516 272466 0 3007394373
k18 v45 0 0 2070431516 272467 0 1964599567
k3 v30 0 0 2070431515 272468 0 1112874792
k9 v83 0 0 2070431516 272469 0 3383459610
k18 v62 0 0 2070431516 272470 0 1041904145
k17 v0 0 0 2070431516 272471 0 1441306511
k5 v45 0 0 2070431515 272472 0 383760808
k10 v59 0 0 2070431515 272473 0 3530374284
k16 v28 0 0 2070431516 272474 0 4075381452
k1 v55 0 0 2070431515 272475 0 3323465058
k4 v0 0 0 2070431516 272476 0 1228856454
k5 v70 0 0 2070431516 272477 0 3048413426
k16 v45 0 0 2070431516 272478 0 506474155
k0 v40 0 0 2070431516 272479 0 3405905112
k11 v66 0 0 2070431516 272480 0 3764467591
k4 v17 0 0 2070431516 272481 0 1690284488
k0 v41 0 0 2070431515 272482 0 3359727243
k3 v75 0 0 2070431513 272483 0 1411593930
k12 v18 0 0 2070431516 272484 0 2197227137
k11 v96 0 0 2070431514 272485 0 2468760465
k4 v79 0 0 2070431516 272486 0 3292228014
k17 v49 0 0 2070431516 272487 0 3669074534
k1 v57 0 0 2070431515 272488 0 2988720798
k19 v14 0 0 2070431516 272489 0 2452832060
k11 v83 0 0 2070431516 272490 0 434536735
k17 v83 0 0 2070431516 272491 0 3979854372
k8 v40 0 0 2070431516 272492 0 584207167
k2 v84 0 0 2070431515 272493 0 563022790
k19 v33 0 0 2070431516 272494 0 601853096
k19 v5 0 0 2070431516 272495 0 3676492574
k13 v66 0 0 2070431516 272496 0 1517234655
k8 v81 0 0 2070431516 272497 0 231311857
k2 v76 0 0 2070431516 272498 0 3392089164
k1 v20 0 0 2070431516 272499 0 2899394240
k3 v75 0 0 2070431516 272500 0 2168544688
k7 v23 0 0 2070431516 272501 0 2433144722
k18 v59 0 0 2070431514 272502 0 3130408853
k14 v93 0 0 2070431516 272503 0 2169718511
k10 v37 0 0 2070431516 272504 0 1100321513
k16 v26 0 0 2070431516 272505 0 1341745418
k19 v21 0 0 2070431514 272506 0 2981445807
k5 v23 0 0 2070431516 272507 0 717923325
k0 v88 0 0 2070431516 272508 0 3308873478
k1 v98 0 0 2070431516 272509 0 3633004301
k16 v22 0 0 2070431515 272510 0 4079885250
k6 v47 0 0 2070431515 272511 0 1038663181
k1 v14 0 0 2070431516 272512 0 3430529132
k11 v19 0 0 2070431514 272513 0 729598378
k7 v59 0 0 2070431516 272514 0 3544280966
k11 v24 0 0 2070431516 272515 0 4065127711
k9 v68 0 0 2070431516 272516 0 310216189
k3 v47 0 0 2070431517 272517 0 2998425009
k19 v93 0 0 2070431516 272518 0 4176739698
k5 v39 0 0 2070431517 272519 0 2985215866
k1 v77 0 0 2070431516 272520 0 2778541243
k6 v91 0 0 2070431517 272521 0 1366889647
k9 v7 0 0 2070431515 272522 0 237292732
k14 v75 0 0 2070431517 272523 0 428934010
k12 v71 0 0 2070431517 272524 0 4126608542
k12 v78 0 0 2070431517 272525 0 340840491
k7 v53 0 0 2070431515 272526 0 984290432
k5 v77 0 0 2070431517 272527 0 640293745
k19 v11 0 0 2070431517 272528 0 3642965071
k1 v80 0 0 2070431517 272529 0 363118289
k4 v7 0 0 2070431516 272530 0 1100288554
k7 v49 0 0 2070431516 272531 0 845728819
k17 v89 0 0 2070431517 272532 0 3901674484
k16 v32 0 0 2070431516 272533 0 3402766354
k8 v16 0 0 2070431517 272534 0 67703908
k15 v54 0 0 2070431517 272535 0 1423515172
k19 v90 0 0 2070431516 272536 0 3395111256
k15 v95 0 0 2070431516 272537 0 4163455667
k3 v52 0 0 2070431517 272538 0 2197081745
k14 v33 0 0 2070431517 272539 0 1952848041
k8 v89 0 0 2070431517 272540 0 2744991020
k9 v66 0 0 2070431516 272541 0 1108318902
k18 v17 0 0 2070431516 272542 0 4105953256
k11 v66 0 0 2070431517 272543 0 3057711835
k3 v33 0 0 2070431517 272544 0 3092556184
k4 v55 0 0 2070431517 272545 0 2783484004
k17 v21 0 0 2070431516 272546 0 434822738
k8 v1 0 0 2070431516 272547 0 1784330941
k7 v2 0 0 2070431517 272548 0 1381757798
k11 v90 0 0 2070431517 272549 0 2224619690
k7 v25 0 0 2070431517 272550 0 3328162163
k14 v80 0 0 2070431517 272551 0 1232545868
k14 v98 0 0 2070431517 272552 0 1616588451
k1 v11 0 0 2070431517 272553 0 894169456
k8 v6 0 0 2070431516 272554 0 2716935642
k7 v83 0 0 2070431517 272555 0 4265466088
k1 v68 0 0 2070431516 272556 0 365784583
k4 v81 0 0 2070431517 272557 0 1881208283
k15 v79 0 0 2070431517 272558 0 3077511947
k10 v31 0 0 2070431516 272559 0 1993585562
k15 v70 0 0 2070431517 272560 0 2236400302
k0 v55 0 0 2070431517 272561 0 3260819613
k11 v59 0 0 2070431517 272562 0 2875125046
k10 v76 0 0 2070431517 272563 0 2976729087
k9 v1 0 0 2070431517 272564 0 2574342478
k16 v88 0 0 2070431517 272565 0 1594906186
k8 v16 0 0 2070431517 272566 0 821343245
k11 v23 0 0 2070431517 272567 0 3906682645
k1 v68 0 0 2070431517 272568 0 1168309582
k1 v23 0 0 2070431517 272569 0 2083673036
k7 v85 0 0 2070431517 272570 0 82666774
k1 v17 0 0 2070431517 272571 0 2161826377
k6 v27 0 0 2070431517 272572 0 2790298567
k6 v22 0 0 2070431517 272573 0 2495705753
k8 v82 0 0 2070431517 272574 0 4156939529
k8 v15 0 0 2070431517 272575 0 3048390707
k10 v39 0 0 2070431517 272576 0 2747182359
k5 v80 0 0 2070431518 272577 0 1418781323
k1 v13 0 0 2070431517 272578 0 536185433
k5 v4 0 0 2070431517 272579 0 3816106027
k19 v92 0 0 2070431517 272580 0 2520151853
k1 v48 0 0 2070431517 272581 0 2050648688
k0 v56 0 0 2070431517 272582 0 1279663006
k0 v67 0 0 2070431518 272583 0 2449768918
k10 v89 0 0 2070431518 272584 0 488116625
k5 v40 0 0 2070431518 272585 0 1525795577
k19 v16 0 0 2070431518 272586 0 1918050344
k1 v94 0 0 2070431518 272587 0 2393337058
k13 v97 0 0 2070431518 272588 0 1097510745
k8 v42 0 0 2070431517 272589 0 2117921204
k15 v25 0 0 2070431517 272590 0 683266729
k11 v17 0 0 2070431518 272591 0 1494131896
k7 v66 0 0 2070431518 272592 0 2567141704
k12 v75 0 0 2070431518 272593 0 556698701
k8 v80 0 0 2070431517 272594 0 932546191
k4 v57 0 0 2070431518 272595 0 3202248471
k10 v22 0 0 2070431517 272596 0 76060923
k19 v67 0 0 2070431518 272597 0 1711982144
k7 v44 0 0 2070431518 272598 0 1306977843
k4 v97 0 0 2070431518 272599 0 627060182
k13 v45 0 0 2070431516 272600 0 3800052202
k12 v24 0 0 2070431518 272601 0 3862480589
k2 v17 0 0 2070431517 272602 0 3404204508
k13 v47 0 0 2070431518 272603 0 384370327
k2 v62 0 0 2070431517 272604 0 3739219997
k8 v34 0 0 2070431517 272605 0 602620771
k13 v47 0 0 2070431517 272606 0 2998853758
k19 v20 0 0 2070431517 272607 0 1374937765
k0 v36 0 0 2070431518 272608 0 2232556072
k13 v21 0 0 2070431518 272609 0 2652403214
k13 v58 0 0 2070431517 272610 0 107208304
k1 v20 0 0 2070431518 272611 0 3583524809
k14 v9 0 0 2070431517 272612 0 3710857311
k5 v65 0 0 2070431517 272613 0 128006864
k3 v73 0 0 2070431518 272614 0 1744032394
k3 v59 0 0 2070431518 272615 0 3443081864
k2 v54 0 0 2070431518 272616 0 3409378610
k18 v20 0 0 2070431518 272617 0 308441322
k19 v35 0 0 2070431518 272618 0 3134838128
k3 v58 0 0 2070431517 272619 0 3721077870
k14 v63 0 0 2070431518 272620 0 3805344688
k15 v10 0 0 2070431518 272621 0 2801198007
k9 v95 0 0 2070431516 272622 0 2628180173
k10 v13 0 0 2070431518 272623 0 2688976824
k11 v56 0 0 2070431518 272624 0 1292316431
k6 v98 0 0 2070431518 272625 0 104628509
k9 v9 0 0 2070431517 272626 0 589359692
k2 v22 0 0 2070431518 272627 0 1034906023
k5 v32 0 0 2070431518 272628 0 1398042200
k12 v67 0 0 2070431518 272629 0 2419446234
k5 v16 0 0 2070431518 272630 0 812016707
k19 v98 0 0 2070431518 272631 0 536392945
k3 v60 0 0 2070431517 272632 0 3682499994
k11 v28 0 0 2070431518 272633 0 1939545792
k16 v9 0 0 2070431518 272634 0 2139199643
k4 v3 0 0 2070431518 272635 0 1966125290
k13 v36 0 0 2070431518 272636 0 1700327829
k18 v22 0 0 2070431518 272637 0 3676885512
k7 v72 0 0 2070431518 272638 0 2918830909
k14 v23 0 0 2070431518 272639 0 539567733
k9 v10 0 0 2070431518 272640 0 2985233830
k11 v19 0 0 2070431518 272641 0 1520161634
k18 v87 0 0 2070431518 272642 0 1236068572
k6 v42 0 0 2070431515 272643 0 808083861
k10 v61 0 0 2070431519 272644 0 2215222663
k19 v46 0 0 2070431519 272645 0 56140506
k12 v68 0 0 2070431518 272646 0 1874837894
k2 v25 0 0 2070431519 272647 0 348959512
k3 v29 0 0 2070431518 272648 0 398162038
k18 v57 0 0 2070431519 272649 0 3458449370
k18 v26 0 0 2070431518 272650 0 3725185828
k1 v50 0 0 2070431517 272651 0 1649804257
k6 v78 0 0 2070431518 272652 0 2684161519
k10 v45 0 0 2070431519 272653 0 1621330771
k14 v5 0 0 2070431518 272654 0 2255097922
k5 v81 0 0 2070431519 272655 0 3730489425
k16 v73 0 0 2070431519 272656 0 253956698
k4 v17 0 0 2070431518 272657 0 2243846052
k5 v70 0 0 2070431518 272658 0 2385251050
k9 v81 0 0 2070431519 272659 0 1913286120
k18 v5 0 0 2070431518 272660 0 94559775
k12 v5 0 0 2070431518 272661 0 2343174366
k17 v39 0 0 2070431518 272662 0 2067539912
k13 v85 0 0 2070431518 272663 0 4020306276
k16 v18 0 0 2070431519 272664 0 4212936767
k11 v19 0 0 2070431519 272665 0 4057580182
k3 v55 0 0 2070431519 272666 0 4240915131
k1 v24 0 0 2070431519 272667 0 80373005
k0 v9 0 0 2070431519 272668 0 21708780
k8 v38 0 0 2070431519 272669 0 1299144452
k4 v78 0 0 2070431519 272670 0 2406705268
k13 v37 0 0 2070431518 272671 0 1215821000
k9 v35 0 0 2070431519 272672 0 2189099137
k6 v54 0 0 2070431519 272673 0 2117784776
k1 v5 0 0 2070431519 272674 0 1747076092
k7 v72 0 0 2070431519 272675 0 3555984690
k7 v24 0 0 2070431519 272676 0 4057549825
k19 v88 0 0 2070431519 272677 0 500906155
k18 v68 0 0 2070431519 272678 0 3539976704
k7 v6 0 0 2070431519 272679 0 13904635
k16 v15 0 0 2070431519 272680 0 599768732
k19 v96 0 0 2070431518 272681 0 173346935
k12 v85 0 0 2070431519 272682 0 2885547877
k17 v98 0 0 2070431518 272683 0 3437758670
k4 v45 0 0 2070431518 272684 0 3785780893
k14 v97 0 0 2070431518 272685 0 2429085268
k15 v6 0 0 2070431519 272686 0 3366963207
k13 v67 0 0 2070431519 272687 0 1425576904
k13 v73 0 0 2070431519 272688 0 39315392
k8 v16 0 0 2070431519 272689 0 3134011412
k17 v7 0 0 2070431519 272690 0 3556833136
k15 v17 0 0 2070431519 272691 0 2270014043
k0 v34 0 0 2070431519 272692 0 1984479039
k9 v65 0 0 2070431519 272693 0 484285423
k9 v88 0 0 2070431519 272694 0 906102581
k6 v97 0 0 2070431519 272695 0 3126599235
k7 v66 0 0 2070431518 272696 0 4024046498
k3 v46 0 0 2070431519 272697 0 3740500627
k16 v79 0 0 2070431519 272698 0 3484378766
k15 v34 0 0 2070431519 272699 0 83455204
k16 v13 0 0 2070431519 272700 0 288560532
k12 v57 0 0 2070431519 272701 0 1415604900
k8 v30 0 0 2070431519 272702 0 2406566826
k11 v61 0 0 2070431517 272703 0 4194581535
k11 v78 0 0 2070431519 272704 0 3349796480
k5 v55 0 0 2070431518 272705 0 1253769291
k14 v55 0 0 2070431519 272706 0 1009121429
k10 v16 0 0 2070431518 272707 0 1419256232
k7 v70 0 0 2070431519 272708 0 291994643
k1 v47 0 0 2070431519 272709 0 2146179928
k2 v4 0 0 2070431519 272710 0 3965717289
k10 v41 0 0 2070431519 272711 0 2748173617
k18 v16 0 0 2070431519 272712 0 3829333090
k13 v12 0 0 2070431519 272713 0 3314834529
k10 v46 0 0 2070431519 272714 0 1073651687
k0 v67 0 0 2070431520 272715 0 2347692580
k5 v61 0 0 2070431518 272716 0 1437028357
k12 v23 0 0 2070431520 272717 0 36761082
k8 v42 0 0 2070431520 272718 0 4055309869
k5 v93 0 0 2070431520 272719 0 3196883480
k5 v19 0 0 2070431520 272720 0 535772736
k6 v1 0 0 2070431520 272721 0 2798969024
k12 v34 0 0 2070431519 272722 0 626894085
k6 v61 0 0 2070431519 272723 0 2430149562
k2 v12 0 0 2070431519 272724 0 428531580
k2 v20 0 0 2070431519 272725 0 2973833810
k15 v1 0 0 2070431519 272726 0 2629864487
k11 v16 0 0 2070431520 272727 0 638007394
k8 v7 0 0 2070431518 272728 0 3538918828
k16 v16 0 0 2070431519 272729 0 3909069484
k5 v49 0 0 2070431520 272730 0 2467222354
k9 v53 0 0 2070431519 272731 0 1694303464
k10 v55 0 0 2070431520 272732 0 2089878965
k13 v71 0 0 2070431519 272733 0 2676277251
k17 v4 0 0 2070431519 272734 0 2867764493
k18 v48 0 0 2070431519 272735 0 1008759433
k14 v93 0 0 2070431520 272736 0 2877944122
k4 v93 0 0 2070431519 272737 0 2654643906
k14 v76 0 0 2070431520 272738 0 3444506651
k8 v69 0 0 2070431520 272739 0 1033789703
k19 v26 0 0 2070431520 272740 0 376181714
k11 v53 0 0 2070431520 272741 0 1302542322
k17 v2 0 0 2070431520 272742 0 1528469045
k7 v1 0 0 2070431518 272743 0 1831845184
k1 v16 0 0 2070431520 272744 0 63788612
k11 v2 0 0 2070431520 272745 0 1722440306
k8 v74 0 0 2070431520 272746 0 2529357438
k2 v91 0 0 2070431520 272747 0 2595459935
k8 v45 0 0 2070431520 272748 0 372800085
k13 v65 0 0 2070431520 272749 0 2547085605
k8 v47 0 0 2070431519 272750 0 858770184
k11 v15 0 0 2070431520 272751 0 3669738667
k16 v74 0 0 2070431520 272752 0 343224646
k0 v26 0 0 2070431520 272753 0 2904801923
k10 v77 0 0 2070431520 272754 0 5024112
k0 v5 0 0 2070431520 272755 0 4226515608
k4 v34 0 0 2070431520 272756 0 2233229895
k17 v24 0 0 2070431520 272757 0 2136123634
k1 v43 0 0 2070431520 272758 0 135472197
k8 v93 0 0 2070431520 272759 0 571683493
k1 v41 0 0 2070431520 272760 0 138569368
k7 v76 0 0 2070431520 272761 0 1724449235
k3 v57 0 0 2070431520 272762 0 3424373176
k14 v32 0 0 2070431520 272763 0 1952773337
k7 v34 0 0 2070431519 272764 0 3846938703
k9 v13 0 0 2070431519 272765 0 346228668
k7 v58 0 0 2070431520 272766 0 3568622862
k7 v38 0 0 2070431518 272767 0 3522875129
k5 v5 0 0 2070431520 272768 0 126530892
k1 v39 0 0 2070431520 272769 0 767331643
k10 v85 0 0 2070431518 272770 0 186083016
k10 v72 0 0 2070431520 272771 0 1429559620
k16 v13 0 0 2070431520 272772 0 8930941
k1 v92 0 0 2070431520 272773 0 634756341
k17 v74 0 0 2070431520 272774 0 3671631994
k18 v96 0 0 2070431520 272775 0 2898409615
k10 v75 0 0 2070431520 272776 0 4214253840
k11 v98 0 0 2070431520 272777 0 482785432
k11 v80 0 0 2070431520 272778 0 2573201787
k6 v16 0 0 2070431520 272779 0 3265007358
k19 v49 0 0 2070431521 272780 0 1501470671
k9 v92 0 0 2070431520 272781 0 470219372
k10 v51 0 0 2070431520 272782 0 1042874637
k1 v55 0 0 2070431521 272783 0 879521800
k10 v56 0 0 2070431521 272784 0 1167917190
k16 v94 0 0 2070431520 272785 0 2149791842
k19 v16 0 0 2070431521 272786 0 4271427405
k5 v77 0 0 2070431520 272787 0 3002885104
k1 v19 0 0 2070431520 272788 0 3674050573
k7 v2 0 0 2070431521 272789 0 397526666
k8 v76 0 0 2070431520 272790 0 42904615
k14 v36 0 0 2070431521 272791 0 3477682849
k12 v23 0 0 2070431520 272792 0 1901348871
k14 v36 0 0 2070431521 272793 0 4252981283
k18 v83 0 0 2070431521 272794 0 3351082971
k12 v41 0 0 2070431521 272795 0 3461131540
k17 v59 0 0 2070431521 272796 0 2085609660
k12 v57 0 0 2070431520 272797 0 724160835
k3 v63 0 0 2070431521 272798 0 3304132395
k10 v25 0 0 2070431519 272799 0 3721918494
k8 v18 0 0 2070431520 272800 0 3136932191
k11 v63 0 0 2070431521 272801 0 2776435973
k12 v8 0 0 2070431521 272802 0 3561388511
k1 v47 0 0 2070431521 272803 0 923321588
k12 v87 0 0 2070431521 272804 0 869083028
k7 v14 0 0 2070431521 272805 0 2920471527
k2 v42 0 0 2070431520 272806 0 3686455565
k4 v74 0 0 2070431520 272807 0 3495331072
k11 v66 0 0 2070431521 272808 0 1597335123
k10 v38 0 0 2070431521 272809 0 1233547652
k18 v19 0 0 2070431521 272810 0 412932583
k11 v77 0 0 2070431521 272811 0 1971851253
k1 v28 0 0 2070431521 272812 0 2775837285
k8 v16 0 0 2070431521 272813 0 1162132306
k0 v5 0 0 2070431519 272814 0 2606247101
k19 v96 0 0 2070431521 272815 0 2817900065
k13 v13 0 0 2070431521 272816 0 1871684676
k6 v60 0 0 2070431520 272817 0 3979695129
k18 v84 0 0 2070431521 272818 0 3694976938
k4 v55 0 0 2070431521 272819 0 35584028
k19 v56 0 0 2070431521 272820 0 4023384560
k12 v45 0 0 2070431521 272821 0 2969271550
k7 v55 0 0 2070431521 272822 0 2504631987
k1 v20 0 0 2070431521 272823 0 603304911
k11 v88 0 0 2070431521 272824 0 976468710
k12 v48 0 0 2070431519 272825 0 2293143591
k9 v55 0 0 2070431521 272826 0 475419371
k19 v52 0 0 2070431521 272827 0 3999499374
k12 v83 0 0 2070431519 272828 0 947482847
k1 v89 0 0 2070431521 272829 0 3767582394
k2 v31 0 0 2070431521 272830 0 2235698142
k18 v51 0 0 2070431521 272831 0 2367811265
k18 v99 0 0 2070431521 272832 0 215770749
k6 v43 0 0 2070431521 272833 0 219810138
k4 v50 0 0 2070431521 272834 0 2680062496
k15 v36 0 0 2070431521 272835 0 1705148657
k5 v7 0 0 2070431521 272836 0 3250928749
k2 v53 0 0 2070431521 272837 0 4142984787
k9 v34 0 0 2070431521 272838 0 273492946
k12 v95 0 0 2070431521 272839 0 3509654162
k5 v8 0 0 2070431521 272840 0 3998219599
k13 v67 0 0 2070431521 272841 0 17800553
k14 v77 0 0 2070431521 272842 0 3275871642
k5 v59 0 0 2070431521 272843 0 3061777730
k1 v75 0 0 2070431521 272844 0 3465547392
k13 v45 0 0 2070431521 272845 0 1265184668
k19 v33 0 0 2070431521 272846 0 1622144797
k5 v78 0 0 2070431521 272847 0 1404107389
k9 v20 0 0 2070431521 272848 0 3291829648
k0 v14 0 0 2070431522 272849 0 4254638970
k10 v50 0 0 2070431520 272850 0 969137100
k12 v92 0 0 2070431522 272851 0 1924023640
k15 v3 0 0 2070431522 272852 0 195631599
k1 v82 0 0 2070431522 272853 0 2748177454
k0 v4 0 0 2070431520 272854 0 3757349065
k10 v70 0 0 2070431521 272855 0 1826238058
k10 v5 0 0 2070431522 272856 0 2691675902
k19 v95 0 0 2070431522 272857 0 3018604118
k5 v98 0 0 2070431520 272858 0 3398402219
k3 v31 0 0 2070431522 272859 0 1173430546
k10 v99 0 0 2070431521 272860 0 949519666
k18 v26 0 0 2070431522 272861 0 2378566402
k7 v19 0 0 2070431521 272862 0 1401894719
k13 v43 0 0 2070431522 272863 0 337364546
k15 v2 0 0 2070431521 272864 0 3026009237
k3 v63 0 0 2070431522 272865 0 2901352942
k12 v60 0 0 2070431522 272866 0 3111294052
k1 v25 0 0 2070431522 272867 0 3851749867
k18 v19 0 0 2070431521 272868 0 3574220138
k7 v1 0 0 2070431522 272869 0 1684713983
k7 v26 0 0 2070431522 272870 0 3916810923
k15 v26 0 0 2070431522 272871 0 395471188
k14 v97 0 0 2070431522 272872 0 2621923472
k18 v40 0 0 2070431522 272873 0 3425475492
k17 v14 0 0 2070431518 272874 0 2666437274
k5 v66 0 0 2070431522 272875 0 1802365372
k12 v35 0 0 2070431521 272876 0 2425794186
k7 v92 0 0 2070431522 272877 0 3056942240
k14 v10 0 0 2070431522 272878 0 2719885311
k16 v18 0 0 2070431522 272879 0 3410498533
k0 v94 0 0 2070431521 272880 0 2386423746
k16 v4 0 0 2070431522 272881 0 4032877228
k15 v43 0 0 2070431522 272882 0 3931416691
k14 v43 0 0 2070431522 272883 0 1748792294
k10 v64 0 0 2070431522 272884 0 581034844
k1 v3 0 0 2070431521 272885 0 4109498390
k1 v14 0 0 2070431521 272886 0 1726393318
k6 v78 0 0 2070431522 272887 0 2730507719
k10 v38 0 0 2070431522 272888 0 3489732254
k16 v70 0 0 2070431522 272889 0 2884798380
k8 v82 0 0 2070431522 272890 0 439410555
k2 v4 0 0 2070431522 272891 0 3354155797
k15 v84 0 0 2070431522 272892 0 1037658394
k14 v51 0 0 2070431522 272893 0 1022028995
k6 v18 0 0 2070431521 272894 0 4036822550
k2 v48 0 0 2070431522 272895 0 3933607426
k8 v51 0 0 2070431522 272896 0 1259518820
k0 v98 0 0 2070431522 272897 0 2634492218
k7 v16 0 0 2070431522 272898 0 1345122122
k5 v20 0 0 2070431522 272899 0 1536955092
k4 v49 0 0 2070431522 272900 0 2831284113
k6 v83 0 0 2070431522 272901 0 1012054218
k6 v24 0 0 2070431522 272902 0 923616657
k1 v64 0 0 2070431522 272903 0 1247209669
k11 v67 0 0 2070431522 272904 0 2698277535
k12 v13 0 0 2070431522 272905 0 3894417378
k10 v24 0 0 2070431521 272906 0 978236507
k4 v70 0 0 2070431522 272907 0 1679953473
k10 v33 0 0 2070431522 272908 0 1423751995
k9 v50 0 0 2070431522 272909 0 2247305939
k10 v6 0 0 2070431522 272910 0 3861484299
k17 v76 0 0 2070431522 272911 0 3407226447
k2 v12 0 0 2070431523 272912 0 84185501
k11 v22 0 0 2070431523 272913 0 462314069
k12 v31 0 0 2070431522 272914 0 3740482405
k7 v0 0 0 2070431522 272915 0 273396821
k19 v32 0 0 2070431522 272916 0 892366390
k12 v83 0 0 2070431523 272917 0 2908132641
k10 v35 0 0 2070431521 272918 0 1605520186
k19 v14 0 0 2070431523 272919 0 518385359
k12 v31 0 0 2070431523 272920 0 1953710246
k8 v17 0 0 2070431523 272921 0 3939122391
k9 v1 0 0 2070431521 272922 0 2098650350
k17 v92 0 0 2070431523 272923 0 2867731939
k16 v77 0 0 2070431521 272924 0 3300702754
k9 v88 0 0 2070431523 272925 0 3546474958
k18 v97 0 0 2070431522 272926 0 1186587311
k15 v81 0 0 2070431522 272927 0 3754804676
k15 v33 0 0 2070431522 272928 0 3430360082
k14 v80 0 0 2070431522 272929 0 3210361304
k10 v85 0 0 2070431522 272930 0 1150064938
k16 v44 0 0 2070431523 272931 0 781970436
k17 v85 0 0 2070431523 272932 0 3433653144
k17 v31 0 0 2070431523 272933 0 3316855317
k18 v61 0 0 2070431523 272934 0 1909586047
k10 v72 0 0 2070431523 272935 0 1476412492
k6 v17 0 0 2070431522 272936 0 2240868837
k7 v63 0 0 2070431523 272937 0 3965208559
k0 v87 0 0 2070431523 272938 0 2153456743
k2 v47 0 0 2070431523 272939 0 1138608898
k12 v85 0 0 2070431523 272940 0 1627348184
k3 v81 0 0 2070431523 272941 0 2786078019
k6 v45 0 0 2070431523 272942 0 1878315859
k8 v12 0 0 2070431522 272943 0 995226214
k11 v64 0 0 2070431523 272944 0 3302922007
k18 v27 0 0 2070431523 272945 0 4217325269
k10 v19 0 0 2070431523 272946 0 2989334452
k2 v33 0 0 2070431523 272947 0 4279999752
k13 v31 0 0 2070431521 272948 0 1634818997
k3 v29 0 0 2070431523 272949 0 841251314
k9 v36 0 0 2070431523 272950 0 3964587004
k5 v60 0 0 2070431523 272951 0 4239393528
k7 v36 0 0 2070431523 272952 0 856397858
k2 v38 0 0 2070431523 272953 0 2831657283
k2 v78 0 0 2070431522 272954 0 970275745
k5 v97 0 0 2070431522 272955 0 4180143839
k16 v10 0 0 2070431523 272956 0 2795072013
k8 v90 0 0 2070431523 272957 0 2104042033
k3 v95 0 0 2070431523 272958 0 2804389114
k19 v69 0 0 2070431523 272959 0 3327837926
k12 v76 0 0 2070431523 272960 0 2160544338
k12 v18 0 0 2070431523 272961 0 1981363634
k7 v58 0 0 2070431523 272962 0 3733481690
k1 v66 0 0 2070431523 272963 0 1220534885
k12 v58 0 0 2070431522 272964 0 3577595346
k15 v54 0 0 2070431523 272965 0 2768458056
k17 v52 0 0 2070431523 272966 0 3885714615
k6 v36 0 0 2070431523 272967 0 3611900138
k14 v81 0 0 2070431523 272968 0 142973853
k10 v79 0 0 2070431523 272969 0 3222033107
k16 v90 0 0 2070431523 272970 0 3602190483
k11 v44 0 0 2070431522 272971 0 2474761448
k9 v44 0 0 2070431522 272972 0 2994703706
k17 v79 0 0 2070431523 272973 0 1301825728
k0 v47 0 0 2070431520 272974 0 2456013209
k13 v12 0 0 2070431523 272975 0 3755069547
k0 v62 0 0 2070431523 272976 0 3784605082
k12 v82 0 0 2070431523 272977 0 3434926805
k19 v73 0 0 2070431524 272978 0 516884848
k13 v70 0 0 2070431523 272979 0 1335356461
k4 v73 0 0 2070431523 272980 0 1181975658
k4 v44 0 0 2070431524 272981 0 3489110082
k1 v10 0 0 2070431523 272982 0 3070158243
k10 v73 0 0 2070431523 272983 0 1734883181
k6 v70 0 0 2070431523 272984 0 1612767053
k7 v67 0 0 2070431524 272985 0 2517838028
k3 v35 0 0 2070431523 272986 0 4031390252
k0 v84 0 0 2070431523 272987 0 2755631747
k4 v29 0 0 2070431523 272988 0 1419520377
k15 v2 0 0 2070431524 272989 0 4214294227
k9 v23 0 0 2070431524 272990 0 1539401728
k18 v73 0 0 2070431524 272991 0 1591768551
k2 v76 0 0 2070431523 272992 0 3016175290
k8 v78 0 0 2070431524 272993 0 1422839114
k8 v84 0 0 2070431524 272994 0 2225924424
k12 v35 0 0 2070431522 272995 0 2266411205
k3 v12 0 0 2070431524 272996 0 4274906860
k15 v50 0 0 2070431523 272997 0 3531906990
k18 v11 0 0 2070431523 272998 0 3105142013
k14 v33 0 0 2070431523 272999 0 2397049080
k15 v46 0 0 2070431524 273000 0 3275768718
k18 v88 0 0 2070431523 273001 0 1710961949
k17 v89 0 0 2070431523 273002 0 1571915280
k19 v38 0 0 2070431521 273003 0 3497472419
k3 v9 0 0 2070431523 273004 0 541980531
k11 v95 0 0 2070431523 273005 0 3017202904
k5 v83 0 0 2070431522 273006 0 1168011530
k18 v18 0 0 2070431524 273007 0 2202800490
k2 v18 0 0 2070431524 273008 0 3817987133
k18 v78 0 0 2070431524 273009 0 3958520098
k14 v42 0 0 2070431524 273010 0 387721268
k17 v40 0 0 2070431523 273011 0 3102302173
k8 v10 0 0 2070431524 273012 0 1749555453
k11 v1 0 0 2070431524 273013 0 3178196262
k6 v8 0 0 2070431524 273014 0 94656731
k17 v46 0 0 2070431524 273015 0 1382223381
k2 v46 0 0 2070431524 273016 0 3893057478
k17 v22 0 0 2070431524 273017 0 3632628232
k2 v83 0 0 2070431524 273018 0 1779017626
k12 v1 0 0 2070431524 273019 0 2130192620
k3 v76 0 0 2070431524 273020 0 1551509038
k14 v0 0 0 2070431523 273021 0 2838787170
k12 v78 0 0 2070431524 273022 0 3870139464
k12 v8 0 0 2070431524 273023 0 2129499083
k17 v73 0 0 2070431524 273024 0 430625777
k13 v30 0 0 2070431524 273025 0 3183282770
k2 v96 0 0 2070431524 273026 0 1117546444
k2 v36 0 0 2070431524 273027 0 2595315334
k1 v49 0 0 2070431524 273028 0 2125761805
k4 v2 0 0 2070431524 273029 0 3406426481
k15 v66 0 0 2070431524 273030 0 633535658
k1 v54 0 0 2070431524 273031 0 2269108544
k16 v71 0 0 2070431524 273032 0 529498648
k4 v56 0 0 2070431524 273033 0 3840443913
k15 v68 0 0 2070431524 273034 0 1482060489
k7 v74 0 0 2070431524 273035 0 3931991875
k1 v3 0 0 2070431524 273036 0 1673349903
k6 v16 0 0 2070431524 273037 0 2146145375
k15 v67 0 0 2070431523 273038 0 2193179901
k16 v31 0 0 2070431524 273039 0 4001521512
k14 v16 0 0 2070431523 273040 0 3638333370
k3 v12 0 0 2070431524 273041 0 4181493058
k13 v90 0 0 2070431524 273042 0 927459372
k6 v23 0 0 2070431524 273043 0 1314657570
k10 v30 0 0 2070431524 273044 0 3603857052
k14 v84 0 0 2070431524 273045 0 3750268546
k11 v87 0 0 2070431524 273046 0 3223575500
k18 v32 0 0 2070431524 273047 0 932452597
k19 v24 0 0 2070431524 273048 0 814149797
k4 v71 0 0 2070431524 273049 0 516481000
k14 v36 0 0 2070431524 273050 0 924839401
k1 v37 0 0 2070431524 273051 0 3659984382
k19 v67 0 0 2070431524 273052 0 1996176233
k17 v49 0 0 2070431524 273053 0 2142204270
k11 v54 0 0 2070431524 273054 0 4105113824
k7 v39 0 0 2070431525 273055 0 2261913977
k11 v62 0 0 2070431524 273056 0 967077204
k14 v40 0 0 2070431524 273057 0 2509922467
k2 v0 0 0 2070431525 273058 0 2747857447
k14 v24 0 0 2070431525 273059 0 2137236268
k17 v71 0 0 2070431525 273060 0 2091632699
k8 v0 0 0 2070431525 273061 0 3881767095
k17 v3 0 0 2070431524 273062 0 419718894
k1 v42 0 0 2070431524 273063 0 2822465378
k10 v89 0 0 2070431525 273064 0 3216034829
k4 v56 0 0 2070431525 273065 0 2027152378
k1 v16 0 0 2070431525 273066 0 3660120005
k15 v95 0 0 2070431524 273067 0 2415159906
k8 v40 0 0 2070431524 273068 0 449536471
k18 v3 0 0 2070431525 273069 0 3938494459
k5 v31 0 0 2070431525 273070 0 2288792585
k5 v85 0 0 2070431525 273071 0 2172020100
k17 v20 0 0 2070431523 273072 0 1635022186
k8 v61 0 0 2070431525 273073 0 3052726414
k1 v12 0 0 2070431524 273074 0 1805327543
k5 v43 0 0 2070431523 273075 0 2422028575
k6 v53 0 0 2070431524 273076 0 1485494630
k5 v54 0 0 2070431525 273077 0 446330647
k4 v31 0 0 2070431525 273078 0 3687208149
k13 v88 0 0 2070431525 273079 0 408869388
k9 v51 0 0 2070431525 273080 0 1978176583
k17 v0 0 0 2070431525 273081 0 1538545011
k4 v58 0 0 2070431525 273082 0 619975504
k13 v31 0 0 2070431525 273083 0 1337791450
k2 v10 0 0 2070431525 273084 0 273028261
k19 v93 0 0 2070431524 273085 0 865753738
k14 v96 0 0 2070431524 273086 0 2829832503
k9 v21 0 0 2070431525 273087 0 1397654744
k6 v20 0 0 2070431525 273088 0 3350296793
k5 v75 0 0 2070431525 273089 0 249964447
k18 v47 0 0 2070431523 273090 0 950354495
k4 v32 0 0 2070431525 273091 0 2939391836
k4 v95 0 0 2070431525 273092 0 2758570503
k10 v85 0 0 2070431525 273093 0 681254940
k6 v60 0 0 2070431525 273094 0 2017417561
k14 v88 0 0 2070431525 273095 0 3368820900
k11 v11 0 0 2070431525 273096 0 979001148
k1 v66 0 0 2070431525 273097 0 2710048737
k13 v12 0 0 2070431525 273098 0 3873893521
k13 v31 0 0 2070431525 273099 0 3029373287
k7 v84 0 0 2070431525 273100 0 2909785482
k6 v41 0 0 2070431525 273101 0 864472013
k16 v5 0 0 2070431525 273102 0 4204037298
k7 v93 0 0 2070431525 273103 0 4175215428
k1 v16 0 0 2070431525 273104 0 1412400784
k12 v60 0 0 2070431525 273105 0 3699364918
k12 v93 0 0 2070431525 273106 0 351159569
k16 v98 0 0 2070431525 273107 0 1071337147
k9 v64 0 0 2070431525 273108 0 1527413358
k0 v11 0 0 2070431526 273109 0 356103033
k16 v85 0 0 2070431525 273110 0 1490237304
k10 v19 0 0 2070431526 273111 0 1267975331
k5 v88 0 0 2070431525 273112 0 2688232253
k14 v64 0 0 2070431525 273113 0 683704484
k15 v43 0 0 2070431525 273114 0 4185021273
k0 v20 0 0 2070431525 273115 0 683157508
k13 v58 0 0 2070431525 273116 0 2334544711
k12 v41 0 0 2070431525 273117 0 1848174264
k3 v91 0 0 2070431525 273118 0 3497582503
k8 v29 0 0 2070431526 273119 0 4068986425
k2 v9 0 0 2070431526 273120 0 2698111960
k11 v52 0 0 2070431525 273121 0 2090993678
k6 v20 0 0 2070431525 273122 0 2289398496
k18 v64 0 0 2070431525 273123 0 711187528
k13 v72 0 0 2070431525 273124 0 143077087
k12 v76 0 0 2070431525 273125 0 3288473107
k18 v60 0 0 2070431525 273126 0 435798868
k13 v39 0 0 2070431526 273127 0 2377049404
k13 v14 0 0 2070431525 273128 0 3593271744
k12 v43 0 0 2070431526 273129 0 3064726528
k19 v51 0 0 2070431525 273130 0 3412811156
k1 v51 0 0 2070431525 273131 0 3634589348
k0 v40 0 0 2070431526 273132 0 483354760
k1 v15 0 0 2070431526 273133 0 940500007
k7 v6 0 0 2070431526 273134 0 4067017482
k8 v25 0 0 2070431526 273135 0 2390780080
k10 v86 0 0 2070431526 273136 0 3252780227
k17 v24 0 0 2070431524 273137 0 3885935830
k11 v90 0 0 2070431526 273138 0 3756565970
k7 v12 0 0 2070431526 273139 0 3463436356
k10 v21 0 0 2070431526 273140 0 2995151704
k6 v79 0 0 2070431525 273141 0 3528079168
k15 v78 0 0 2070431526 273142 0 1845502028
k15 v42 0 0 2070431526 273143 0 1527788496
k10 v4 0 0 2070431526 273144 0 853470669
k0 v10 0 0 2070431526 273145 0 3689050095
k9 v33 0 0 2070431526 273146 0 543742313
k8 v55 0 0 2070431526 273147 0 3491666671
k18 v19 0 0 2070431526 273148 0 2619604519
k7 v68 0 0 2070431526 273149 0 4124240039
k18 v55 0 0 2070431525 273150 0 444080299
k4 v39 0 0 2070431526 273151 0 2724761030
k10 v92 0 0 2070431526 273152 0 1882697138
k17 v62 0 0 2070431525 273153 0 3708783760
k6 v81 0 0 2070431526 273154 0 4055824205
k13 v12 0 0 2070431526 273155 0 1818299198
k2 v20 0 0 2070431526 273156 0 1736771345
k17 v73 0 0 2070431526 273157 0 3444700847
k13 v73 0 0 2070431525 273158 0 3290057744
k0 v95 0 0 2070431526 273159 0 2028835773
k16 v68 0 0 2070431526 273160 0 3062705155
k16 v40 0 0 2070431526 273161 0 3599354509
k15 v99 0 0 2070431526 273162 0 3677144020
k16 v23 0 0 2070431526 273163 0 3173769219
k11 v33 0 0 2070431524 273164 0 1496083081
k15 v63 0 0 2070431526 273165 0 2406316547
k5 v0 0 0 2070431526 273166 0 1827092278
k10 v49 0 0 2070431526 273167 0 2510680709
k3 v19 0 0 2070431526 273168 0 3817935109
k8 v4 0 0 2070431526 273169 0 1465389408
k14 v6 0 0 2070431525 273170 0 1276409087
k1 v6 0 0 2070431526 273171 0 4209427731
k4 v39 0 0 2070431526 273172 0 2327906923
k9 v71 0 0 2070431526 273173 0 2272190786
k8 v85 0 0 2070431525 273174 0 3744202437
k17 v41 0 0 2070431527 273175 0 2174334130
k0 v72 0 0 2070431526 273176 0 3464163647
k16 v3 0 0 2070431527 273177 0 1152056538
k14 v61 0 0 2070431526 273178 0 1790767649
k6 v90 0 0 2070431526 273179 0 3173639606
k10 v13 0 0 2070431526 273180 0 172781139
k6 v64 0 0 2070431527 273181 0 2969455722
k1 v55 0 0 2070431526 273182 0 1069104700
k10 v30 0 0 2070431527 273183 0 2795925945
k0 v71 0 0 2070431526 273184 0 1488558410
k4 v90 0 0 2070431526 273185 0 4149624430
k9 v15 0 0 2070431527 273186 0 2235546683
k3 v81 0 0 2070431526 273187 0 1231322266
k16 v90 0 0 2070431526 273188 0 2768556701
k19 v6 0 0 2070431526 273189 0 3939458728
k2 v93 0 0 2070431527 273190 0 86679346
k16 v50 0 0 2070431526 273191 0 1108282926
k12 v73 0 0 2070431526 273192 0 571715785
k18 v36 0 0 2070431527 273193 0 603899261
k8 v51 0 0 2070431527 273194 0 1907143096
k11 v17 0 0 2070431527 273195 0 1875767602
k9 v7 0 0 2070431527 273196 0 2948031238
k7 v58 0 0 2070431526 273197 0 412603545
k16 v0 0 0 2070431526 273198 0 2863628363
k19 v2 0 0 2070431526 273199 0 2782977990
k12 v19 0 0 2070431527 273200 0 1623450444
k19 v34 0 0 2070431526 273201 0 2444996440
k14 v39 0 0 2070431527 273202 0 1543238345
k19 v14 0 0 2070431527 273203 0 2346961977
k3 v84 0 0 2070431527 273204 0 2580480398
k10 v24 0 0 2070431527 273205 0 1030570158
k13 v76 0 0 2070431527 273206 0 659086329
k3 v3 0 0 2070431527 273207 0 1916191487
k0 v95 0 0 2070431525 273208 0 4211591194
k16 v63 0 0 2070431527 273209 0 2410668016
k1 v23 0 0 2070431527 273210 0 830854092
k4 v50 0 0 2070431527 273211 0 1979671128
k11 v1 0 0 2070431527 273212 0 2163381007
k10 v17 0 0 2070431526 273213 0 1927824040
k17 v48 0 0 2070431527 273214 0 1980152667
k12 v97 0 0 2070431527 273215 0 545013551
k2 v27 0 0 2070431527 273216 0 1607968302
k5 v36 0 0 2070431527 273217 0 3402151705
k16 v53 0 0 2070431527 273218 0 3966240357
k6 v44 0 0 2070431526 273219 0 1294816224
k14 v27 0 0 2070431526 273220 0 549555266
k17 v7 0 0 2070431526 273221 0 2481043806
k18 v43 0 0 2070431527 273222 0 1718149748
k0 v95 0 0 2070431526 273223 0 2516107868
k7 v4 0 0 2070431527 273224 0 3883561153
k5 v88 0 0 2070431527 273225 0 3182209840
k15 v49 0 0 2070431527 273226 0 3464990511
k13 v2 0 0 2070431527 273227 0 2117754201
k18 v55 0 0 2070431526 273228 0 1272189995
k8 v2 0 0 2070431527 273229 0 174951193
k1 v87 0 0 2070431527 273230 0 3185239280
k19 v87 0 0 2070431527 273231 0 2920470464
k6 v16 0 0 2070431527 273232 0 639283058
k4 v78 0 0 2070431527 273233 0 1028785019
k15 v80 0 0 2070431527 273234 0 851732387
k2 v92 0 0 2070431527 273235 0 35158537
k16 v47 0 0 2070431527 273236 0 2690160450
k7 v84 0 0 2070431527 273237 0 2969062791
k18 v74 0 0 2070431527 273238 0 119489721
k1 v54 0 0 2070431527 273239 0 1801493536
k15 v82 0 0 2070431527 273240 0 2569650862
k13 v94 0 0 2070431527 273241 0 1979817950
k5 v9 0 0 2070431527 273242 0 766272728
k12 v60 0 0 2070431527 273243 0 3720115199
k4 v66 0 0 2070431528 273244 0 677271916
k8 v23 0 0 2070431527 273245 0 3522382992
k3 v65 0 0 2070431527 273246 0 442039334
k4 v57 0 0 2070431528 273247 0 487240458
k16 v54 0 0 2070431527 273248 0 199713309
k17 v16 0 0 2070431527 273249 0 1371065279
k15 v3 0 0 2070431527 273250 0 597867741
k11 v9 0 0 2070431527 273251 0 822984354
k11 v47 0 0 2070431526 273252 0 2058008260
k17 v39 0 0 2070431527 273253 0 852375646
k12 v58 0 0 2070431527 273254 0 1979374430
k4 v4 0 0 2070431526 273255 0 251460315
k8 v70 0 0 2070431527 273256 0 3650535307
k12 v73 0 0 2070431527 273257 0 2288063128
k12 v98 0 0 2070431527 273258 0 3997473183
k6 v43 0 0 2070431527 273259 0 1741315377
k13 v39 0 0 2070431528 273260 0 3269027579
k1 v31 0 0 2070431527 273261 0 2026176794
k19 v12 0 0 2070431528 273262 0 3413511859
k2 v35 0 0 2070431527 273263 0 1929097724
k10 v32 0 0 2070431528 273264 0 3793879482
k7 v14 0 0 2070431528 273265 0 3876418986
k15 v58 0 0 2070431527 273266 0 859021099
k1 v74 0 0 2070431528 273267 0 3469500564
k7 v43 0 0 2070431528 273268 0 1053043281
k19 v67 0 0 2070431528 273269 0 1794081087
k11 v32 0 0 2070431527 273270 0 3319748337
k9 v62 0 0 2070431528 273271 0 2182410312
k4 v31 0 0 2070431528 273272 0 270885125
k19 v35 0 0 2070431528 273273 0 3593466411
k9 v7 0 0 2070431528 273274 0 1552585164
k19 v3 0 0 2070431528 273275 0 1637038938
k10 v63 0 0 2070431528 273276 0 965916012
k4 v42 0 0 2070431528 273277 0 2870763218
k4 v75 0 0 2070431528 273278 0 3068028525
k5 v77 0 0 2070431527 273279 0 660134360
k15 v6 0 0 2070431528 273280 0 3654348093
k11 v56 0 0 2070431528 273281 0 3060325566
k13 v99 0 0 2070431528 273282 0 994517368
k2 v90 0 0 2070431527 273283 0 2463712482
k5 v40 0 0 2070431528 273284 0 3671119476
k12 v73 0 0 2070431528 273285 0 1806692837
k16 v29 0 0 2070431528 273286 0 2598905006
k18 v64 0 0 2070431528 273287 0 3391628965
k5 v25 0 0 2070431528 273288 0 2882686113
k3 v53 0 0 2070431528 273289 0 2999391255
k7 v24 0 0 2070431526 273290 0 4289877507
k19 v95 0 0 2070431528 273291 0 800175528
k5 v26 0 0 2070431528 273292 0 4283859926
k15 v64 0 0 2070431528 273293 0 873497079
k6 v18 0 0 2070431528 273294 0 3171931369
k6 v44 0 0 2070431528 273295 0 4194393958
k2 v60 0 0 2070431528 273296 0 2069448466
k11 v77 0 0 2070431528 273297 0 1616063284
k13 v26 0 0 2070431528 273298 0 3793311857
k8 v97 0 0 2070431528 273299 0 3166692015
k6 v4 0 0 2070431528 273300 0 4129714338
k10 v64 0 0 2070431527 273301 0 4081378932
k12 v70 0 0 2070431528 273302 0 1038621749
k0 v60 0 0 2070431527 273303 0 2247438072
k1 v76 0 0 2070431528 273304 0 2468240908
k17 v19 0 0 2070431527 273305 0 1042758443
k1 v85 0 0 2070431528 273306 0 1117060714
k11 v95 0 0 2070431528 273307 0 3460238818
k18 v0 0 0 2070431528 273308 0 3511623165
k7 v63 0 0 2070431527 273309 0 2785678102
k18 v35 0 0 2070431528 273310 0 3661648107
k1 v20 0 0 2070431529 273311 0 704764432
k19 v5 0 0 2070431527 273312 0 3487578419
k9 v70 0 0 2070431529 273313 0 2511174801
k18 v83 0 0 2070431528 273314 0 1692631983
k12 v27 0 0 2070431527 273315 0 3324826591
k10 v36 0 0 2070431528 273316 0 587921793
k9 v29 0 0 2070431528 273317 0 1224004570
k1 v51 0 0 2070431529 273318 0 4148419655
k16 v37 0 0 2070431528 273319 0 742370418
k12 v69 0 0 2070431528 273320 0 1799144627
k6 v82 0 0 2070431528 273321 0 2578219774
k14 v74 0 0 2070431528 273322 0 2638958968
k6 v41 0 0 2070431529 273323 0 4287799525
k3 v69 0 0 2070431528 273324 0 2655627828
k5 v72 0 0 2070431529 273325 0 194703735
k2 v28 0 0 2070431529 273326 0 2352487681
k16 v89 0 0 2070431529 273327 0 994377673
k10 v95 0 0 2070431528 273328 0 3511693207
k13 v64 0 0 2070431528 273329 0 2547815299
k19 v34 0 0 2070431528 273330 0 667964695
k17 v83 0 0 2070431528 273331 0 1813018636
k8 v52 0 0 2070431529 273332 0 977994907
k16 v58 0 0 2070431528 273333 0 1610016113
k4 v38 0 0 2070431528 273334 0 24569038
k1 v76 0 0 2070431529 273335 0 1156174218
k15 v43 0 0 2070431528 273336 0 4190908655
k8 v38 0 0 2070431528 273337 0 717116856
k11 v26 0 0 2070431529 273338 0 1980656053
k3 v99 0 0 2070431529 273339 0 2862232062
k16 v86 0 0 2070431527 273340 0 429750191
k15 v66 0 0 2070431528 273341 0 2089574863
k13 v14 0 0 2070431529 273342 0 3588796476
k3 v75 0 0 2070431529 273343 0 1438908074
k12 v49 0 0 2070431529 273344 0 598965478
k8 v38 0 0 2070431529 273345 0 3513590049
k0 v90 0 0 2070431529 273346 0 2786389885
k7 v67 0 0 2070431529 273347 0 1692888879
k3 v7 0 0 2070431528 273348 0 3721848956
k9 v43 0 0 2070431529 273349 0 3174996441
k5 v91 0 0 2070431529 273350 0 264524493
k9 v72 0 0 2070431529 273351 0 1784463427
k12 v2 0 0 2070431529 273352 0 3155996174
k18 v59 0 0 2070431529 273353 0 533041991
k19 v14 0 0 2070431529 273354 0 1868557634
k14 v84 0 0 2070431529 273355 0 1476025994
k14 v73 0 0 2070431529 273356 0 3515229428
k4 v48 0 0 2070431528 273357 0 1194413543
k16 v44 0 0 2070431529 273358 0 952762083
k9 v97 0 0 2070431528 273359 0 2523567738
k2 v32 0 0 2070431529 273360 0 363082235
k9 v59 0 0 2070431529 273361 0 3199001631
k4 v52 0 0 2070431529 273362 0 1013261509
k15 v44 0 0 2070431529 273363 0 2946408524
k10 v16 0 0 2070431529 273364 0 1008569445
k15 v6 0 0 2070431529 273365 0 3660534665
k8 v14 0 0 2070431528 273366 0 43817604
k17 v15 0 0 2070431529 273367 0 3458206402
k0 v67 0 0 2070431529 273368 0 2520923936
k8 v34 0 0 2070431529 273369 0 2909439912
k9 v54 0 0 2070431528 273370 0 3700341082
k19 v59 0 0 2070431529 273371 0 3036991359
k4 v19 0 0 2070431529 273372 0 489476401
k1 v85 0 0 2070431529 273373 0 4127595572
k6 v59 0 0 2070431529 273374 0 3021578725
k6 v82 0 0 2070431529 273375 0 933332367
k16 v57 0 0 2070431529 273376 0 2512243031
k4 v98 0 0 2070431530 273377 0 687478828
k7 v10 0 0 2070431530 273378 0 1638851098
k8 v28 0 0 2070431529 273379 0 3762574314
k15 v51 0 0 2070431529 273380 0 981306628
k16 v36 0 0 2070431529 273381 0 1123690029
k7 v42 0 0 2070431529 273382 0 3754210156
k7 v68 0 0 2070431529 273383 0 1963860846
k13 v89 0 0 2070431529 273384 0 2261869211
k2 v2 0 0 2070431529 273385 0 2439699220
k10 v68 0 0 2070431529 273386 0 1957301970
k10 v23 0 0 2070431529 273387 0 1295687760
k3 v87 0 0 2070431530 273388 0 834808015
k1 v86 0 0 2070431530 273389 0 2687037729
k10 v72 0 0 2070431530 273390 0 3821662123
k3 v59 0 0 2070431530 273391 0 1357593733
k7 v93 0 0 2070431530 273392 0 461660966
k10 v79 0 0 2070431529 273393 0 4070713464
k0 v65 0 0 2070431529 273394 0 4217717149
k10 v59 0 0 2070431530 273395 0 1208517099
k8 v0 0 0 2070431530 273396 0 4000085124
k18 v45 0 0 2070431530 273397 0 912989754
k4 v34 0 0 2070431530 273398 0 3086752777
k3 v30 0 0 2070431530 273399 0 2528337599
k19 v81 0 0 2070431530 273400 0 163153803
k4 v52 0 0 2070431530 273401 0 2250652773
k5 v39 0 0 2070431528 273402 0 917050426
k9 v80 0 0 2070431530 273403 0 1301917273
k4 v73 0 0 2070431529 273404 0 1925643635
k19 v22 0 0 2070431530 273405 0 441529871
k10 v82 0 0 2070431530 273406 0 1803600949
k7 v32 0 0 2070431529 273407 0 1485875312
k0 v47 0 0 2070431530 273408 0 3823662398
k0 v51 0 0 2070431529 273409 0 3913176412
k19 v87 0 0 2070431530 273410 0 2354606185
k14 v47 0 0 2070431529 273411 0 837438444
k14 v67 0 0 2070431529 273412 0 4261615954
k7 v92 0 0 2070431528 273413 0 815927254
k7 v5 0 0 2070431530 273414 0 3096360792
k0 v71 0 0 2070431530 273415 0 2830728818
k11 v46 0 0 2070431530 273416 0 2295833154
k9 v23 0 0 2070431530 273417 0 1185432747
k19 v45 0 0 2070431530 273418 0 3108274464
k7 v11 0 0 2070431530 273419 0 2223549462
k15 v50 0 0 2070431530 273420 0 3345876037
k13 v7 0 0 2070431530 273421 0 994011206
k2 v69 0 0 2070431529 273422 0 35512129
k7 v79 0 0 2070431530 273423 0 398928305
k5 v91 0 0 2070431530 273424 0 4211390109
k5 v0 0 0 2070431529 273425 0 2923245239
k2 v98 0 0 2070431530 273426 0 1194828101
k1 v31 0 0 2070431529 273427 0 427246510
k16 v47 0 0 2070431530 273428 0 130847357
k0 v71 0 0 2070431530 273429 0 105549607
k17 v32 0 0 2070431530 273430 0 399101649
k8 v38 0 0 2070431530 273431 0 632145265
k1 v26 0 0 2070431528 273432 0 3623286863
k18 v99 0 0 2070431530 273433 0 3114325481
k16 v5 0 0 2070431530 273434 0 3335354232
k10 v24 0 0 2070431530 273435 0 134134897
k7 v92 0 0 2070431530 273436 0 2328829963
k0 v79 0 0 2070431530 273437 0 80748076
k3 v32 0 0 2070431530 273438 0 3576079389
k19 v3 0 0 2070431530 273439 0 735743136
k19 v80 0 0 2070431530 273440 0 1809257489
k8 v42 0 0 2070431530 273441 0 504427922
k11 v36 0 0 2070431530 273442 0 2207720437
k0 v99 0 0 2070431529 273443 0 3188248181
k12 v2 0 0 2070431530 273444 0 2120701038
k9 v92 0 0 2070431530 273445 0 1239307281
k11 v51 0 0 2070431531 273446 0 1009272122
k7 v74 0 0 2070431530 273447 0 3245840042
k14 v34 0 0 2070431530 273448 0 681178804
k11 v37 0 0 2070431530 273449 0 84197752
k11 v88 0 0 2070431530 273450 0 4151831474
k12 v45 0 0 2070431529 273451 0 300410822
k8 v76 0 0 2070431530 273452 0 17606108
k16 v14 0 0 2070431530 273453 0 3288176604
k0 v83 0 0 2070431530 273454 0 812654157
k13 v33 0 0 2070431530 273455 0 185130227
k12 v20 0 0 2070431531 273456 0 1200597806
k17 v98 0 0 2070431530 273457 0 3391523985
k16 v43 0 0 2070431530 273458 0 1282305953
k12 v7 0 0 2070431530 273459 0 3783364619
k2 v63 0 0 2070431531 273460 0 2762586839
k0 v97 0 0 2070431530 273461 0 2658548886
k10 v1 0 0 2070431531 273462 0 1726653266
k10 v22 0 0 2070431531 273463 0 535184471
k15 v21 0 0 2070431531 273464 0 1679938589
k13 v11 0 0 2070431531 273465 0 3958248901
k6 v61 0 0 2070431530 273466 0 4106996432
k1 v9 0 0 2070431531 273467 0 4219573739
k19 v13 0 0 2070431530 273468 0 3037433173
k17 v21 0 0 2070431531 273469 0 1008302521
k8 v28 0 0 2070431531 273470 0 1758453740
k0 v97 0 0 2070431531 273471 0 1394497087
k13 v28 0 0 2070431531 273472 0 651134498
k11 v65 0 0 2070431529 273473 0 2993973610
k10 v31 0 0 2070431531 273474 0 1628862195
k14 v19 0 0 2070431531 273475 0 21901806
k7 v29 0 0 2070431530 273476 0 3780679738
k3 v71 0 0 2070431531 273477 0 609049057
k5 v37 0 0 2070431531 273478 0 3636833850
k8 v94 0 0 2070431529 273479 0 4031372589
k13 v65 0 0 2070431531 273480 0 3138232715
k3 v50 0 0 2070431531 273481 0 4175987553
k15 v57 0 0 2070431531 273482 0 3575727388
k11 v68 0 0 2070431530 273483 0 122496914
k18 v99 0 0 2070431531 273484 0 907979857
k8 v52 0 0 2070431531 273485 0 538331890
k5 v60 0 0 2070431531 273486 0 561898815
k12 v8 0 0 2070431531 273487 0 3354353257
k18 v4 0 0 2070431531 273488 0 72519885
k12 v61 0 0 2070431531 273489 0 3209763663
k7 v10 0 0 2070431531 273490 0 4069817663
k14 v16 0 0 2070431531 273491 0 321104321
k12 v83 0 0 2070431530 273492 0 2295124497
k5 v24 0 0 2070431530 273493 0 3447100465
k15 v74 0 0 2070431531 273494 0 3386164250
k11 v27 0 0 2070431531 273495 0 4061765159
k18 v60 0 0 2070431531 273496 0 2974008894
k2 v82 0 0 2070431531 273497 0 1444699355
k7 v95 0 0 2070431531 273498 0 875900510
k10 v52 0 0 2070431531 273499 0 2276617656
k13 v90 0 0 2070431530 273500 0 2794965241
k12 v24 0 0 2070431531 273501 0 4166284094
k6 v71 0 0 2070431530 273502 0 3008141213
k9 v96 0 0 2070431530 273503 0 4007450487
k7 v20 0 0 2070431531 273504 0 1519085106
k8 v41 0 0 2070431531 273505 0 2798301819
k9 v66 0 0 2070431531 273506 0 320121986
k0 v68 0 0 2070431531 273507 0 2285731670
k7 v30 0 0 2070431529 273508 0 2910496086
k4 v47 0 0 2070431531 273509 0 2394522135
k10 v77 0 0 2070431531 273510 0 798044494
k7 v71 0 0 2070431531 273511 0 3464119331
k16 v80 0 0 2070431531 273512 0 1564215307
k3 v6 0 0 2070431531 273513 0 1892784302
k2 v2 0 0 2070431532 273514 0 3906635283
k7 v74 0 0 2070431531 273515 0 2174505272
k1 v46 0 0 2070431531 273516 0 4138435822
k4 v30 0 0 2070431531 273517 0 2572936549
k13 v6 0 0 2070431530 273518 0 895496565
k1 v73 0 0 2070431532 273519 0 2938686782
k2 v75 0 0 2070431532 273520 0 2389339334
k1 v87 0 0 2070431532 273521 0 1733270808
k7 v27 0 0 2070431529 273522 0 714063039
k17 v92 0 0 2070431532 273523 0 109682486
k8 v60 0 0 2070431532 273524 0 3011078796
k5 v74 0 0 2070431532 273525 0 3770891115
k4 v10 0 0 2070431532 273526 0 3897388259
k14 v34 0 0 2070431531 273527 0 3751473458
k10 v3 0 0 2070431532 273528 0 1743910158
k6 v58 0 0 2070431531 273529 0 2213443119
k0 v89 0 0 2070431532 273530 0 4246562781
k12 v80 0 0 2070431531 273531 0 1976118837
k13 v39 0 0 2070431532 273532 0 3980981920
k17 v30 0 0 2070431532 273533 0 213093254
k0 v51 0 0 2070431532 273534 0 2893806136
k13 v60 0 0 2070431531 273535 0 1494814037
k4 v34 0 0 2070431531 273536 0 3442076435
k15 v95 0 0 2070431531 273537 0 3782886044
k13 v8 0 0 2070431531 273538 0 3820400354
k6 v26 0 0 2070431531 273539 0 4063482151
k2 v23 0 0 2070431532 273540 0 2212956804
k1 v96 0 0 2070431531 273541 0 401628817
k5 v50 0 0 2070431532 273542 0 19282746
k9 v49 0 0 2070431532 273543 0 2143192740
k9 v23 0 0 2070431531 273544 0 525906552
k18 v10 0 0 2070431532 273545 0 3445809264
k4 v63 0 0 2070431530 273546 0 1756093630
k14 v90 0 0 2070431532 273547 0 3661850929
k15 v70 0 0 2070431531 273548 0 2615710841
k6 v59 0 0 2070431531 273549 0 3791925723
k13 v3 0 0 2070431532 273550 0 2468332739
k17 v45 0 0 2070431532 273551 0 2019935217
k10 v72 0 0 2070431532 273552 0 3215666412
k13 v63 0 0 2070431531 273553 0 2758253483
k7 v88 0 0 2070431532 273554 0 2384625027
k1 v90 0 0 2070431532 273555 0 2029153172
k4 v39 0 0 2070431532 273556 0 4051343087
k11 v82 0 0 2070431532 273557 0 364559699
k8 v66 0 0 2070431532 273558 0 2661330640
k19 v18 0 0 2070431532 273559 0 1723726125
k9 v10 0 0 2070431532 273560 0 579365848
k11 v64 0 0 2070431531 273561 0 2563060234
k8 v4 0 0 2070431532 273562 0 2835301701
k11 v18 0 0 2070431532 273563 0 2662198488
k14 v40 0 0 2070431532 273564 0 1513840847
k13 v85 0 0 2070431532 273565 0 689444082
k19 v15 0 0 2070431532 273566 0 1429363990
k15 v19 0 0 2070431532 273567 0 2684007177
k19 v10 0 0 2070431532 273568 0 3762004103
k8 v97 0 0 2070431532 273569 0 2895091104
k14 v8 0 0 2070431532 273570 0 3341858197
k12 v11 0 0 2070431532 273571 0 587215012
k7 v36 0 0 2070431532 273572 0 2632502937
k14 v2 0 0 2070431532 273573 0 3137881704
k4 v35 0 0 2070431532 273574 0 335420904
k14 v28 0 0 2070431532 273575 0 688187597
k19 v6 0 0 2070431532 273576 0 2052622516
k15 v81 0 0 2070431533 273577 0 1969325562
k18 v35 0 0 2070431533 273578 0 2037313944
k12 v63 0 0 2070431531 273579 0 3330231707
k18 v24 0 0 2070431532 273580 0 2365359339
k19 v14 0 0 2070431532 273581 0 1972034973
k3 v25 0 0 2070431533 273582 0 1798432509
k17 v77 0 0 2070431532 273583 0 4082878031
k1 v38 0 0 2070431531 273584 0 3142783196
k7 v49 0 0 2070431531 273585 0 1124265721
k13 v93 0 0 2070431532 273586 0 324170864
k7 v79 0 0 2070431532 273587 0 2225408379
k4 v4 0 0 2070431533 273588 0 1908815195
k0 v75 0 0 2070431533 273589 0 1929609518
k10 v6 0 0 2070431532 273590 0 2297905400
k11 v25 0 0 2070431533 273591 0 2787265975
k19 v30 0 0 2070431532 273592 0 4115402317
k12 v58 0 0 2070431533 273593 0 1028101885
k18 v67 0 0 2070431532 273594 0 1409442473
k2 v61 0 0 2070431532 273595 0 780083109
k11 v66 0 0 2070431533 273596 0 1412665857
k9 v93 0 0 2070431533 273597 0 543489536
k10 v74 0 0 2070431533 273598 0 81240137
k10 v38 0 0 2070431532 273599 0 279554246
k11 v87 0 0 2070431531 273600 0 3951071597
k3 v83 0 0 2070431532 273601 0 3573931560
k4 v54 0 0 2070431533 273602 0 229522715
k16 v71 0 0 2070431533 273603 0 1007112070
k1 v6 0 0 2070431532 273604 0 2352481747
k14 v80 0 0 2070431533 273605 0 2931396481
k15 v20 0 0 2070431532 273606 0 326843907
k3 v97 0 0 2070431533 273607 0 2663518711
k7 v43 0 0 2070431532 273608 0 865126719
k12 v59 0 0 2070431532 273609 0 1929499086
k17 v9 0 0 2070431533 273610 0 1102966865
k15 v88 0 0 2070431532 273611 0 18160714
k16 v1 0 0 2070431533 273612 0 4185399457
k16 v3 0 0 2070431533 273613 0 716007276
k18 v93 0 0 2070431533 273614 0 2264332310
k0 v2 0 0 2070431532 273615 0 3441742140
k2 v1 0 0 2070431532 273616 0 1743783605
k10 v41 0 0 2070431533 273617 0 3481079852
k8 v67 0 0 2070431533 273618 0 584159802
k16 v60 0 0 2070431533 273619 0 1033336291
k17 v61 0 0 2070431533 273620 0 268935521
k10 v90 0 0 2070431532 273621 0 2591931512
k9 v89 0 0 2070431532 273622 0 1201039732
k4 v91 0 0 2070431533 273623 0 196085222
k18 v16 0 0 2070431533 273624 0 2328403750
k0 v1 0 0 2070431531 273625 0 3997443404
k16 v11 0 0 2070431533 273626 0 3033098859
k17 v27 0 0 2070431533 273627 0 3382488776
k6 v12 0 0 2070431532 273628 0 1126386662
k2 v69 0 0 2070431533 273629 0 3445343882
k13 v30 0 0 2070431533 273630 0 4192065190
k9 v27 0 0 2070431533 273631 0 2031948658
k1 v31 0 0 2070431533 273632 0 1232084444
k17 v66 0 0 2070431533 273633 0 3685498374
k6 v35 0 0 2070431533 273634 0 662620589
k3 v55 0 0 2070431533 273635 0 1400354413
k1 v25 0 0 2070431533 273636 0 4230721567
k0 v77 0 0 2070431533 273637 0 967744035
k12 v83 0 0 2070431533 273638 0 1530032165
k3 v40 0 0 2070431533 273639 0 1267903200
k19 v60 0 0 2070431533 273640 0 2627655625
k12 v64 0 0 2070431533 273641 0 3174332362
k17 v14 0 0 2070431533 273642 0 1691478294
k16 v67 0 0 2070431533 273643 0 553122065
k9 v14 0 0 2070431533 273644 0 3583131291
k18 v47 0 0 2070431533 273645 0 2132438710
k5 v64 0 0 2070431533 273646 0 2393258228
k2 v38 0 0 2070431533 273647 0 3205573589
k13 v36 0 0 2070431534 273648 0 3131956967
k7 v76 0 0 2070431534 273649 0 3145272281
k11 v44 0 0 2070431533 273650 0 936121596
k1 v2 0 0 2070431533 273651 0 1975769274
k9 v52 0 0 2070431533 273652 0 349203012
k7 v19 0 0 2070431533 273653 0 3224630682
k12 v17 0 0 2070431533 273654 0 131015210
k17 v92 0 0 2070431533 273655 0 2340651333
k14 v11 0 0 2070431533 273656 0 1544597255
k14 v40 0 0 2070431534 273657 0 2810850108
k4 v90 0 0 2070431533 273658 0 2288841198
k14 v56 0 0 2070431534 273659 0 586160377
k1 v13 0 0 2070431534 273660 0 1497547613
k18 v50 0 0 2070431533 273661 0 1718377169
k15 v92 0 0 2070431534 273662 0 567767851
k8 v7 0 0 2070431532 273663 0 217617952
k6 v58 0 0 2070431533 273664 0 1641613357
k2 v43 0 0 2070431534 273665 0 3757279488
k6 v73 0 0 2070431533 273666 0 2237264042
k3 v32 0 0 2070431533 273667 0 1895019857
k17 v14 0 0 2070431534 273668 0 2541739243
k0 v67 0 0 2070431533 273669 0 1044182744
k18 v61 0 0 2070431534 273670 0 1779020059
k17 v19 0 0 2070431533 273671 0 4226482721
k4 v61 0 0 2070431534 273672 0 1387294843
k3 v9 0 0 2070431534 273673 0 1385575863
k2 v47 0 0 2070431534 273674 0 2311534895
k3 v93 0 0 2070431533 273675 0 3881209513
k18 v70 0 0 2070431534 273676 0 3337530949
k1 v32 0 0 2070431534 273677 0 2523006358
k8 v14 0 0 2070431534 273678 0 3939970051
k9 v63 0 0 2070431534 273679 0 3759986525
k15 v12 0 0 2070431534 273680 0 1015887317
k6 v10 0 0 2070431534 273681 0 2480343666
k9 v67 0 0 2070431533 273682 0 1285336043
k10 v54 0 0 2070431534 273683 0 441824319
k3 v65 0 0 2070431534 273684 0 937616183
k10 v47 0 0 2070431534 273685 0 2088558061
k3 v32 0 0 2070431533 273686 0 1668720922
k15 v27 0 0 2070431534 273687 0 593031662
k15 v16 0 0 2070431534 273688 0 3132707972
k13 v63 0 0 2070431534 273689 0 201671160
k18 v54 0 0 2070431534 273690 0 805555949
k8 v37 0 0 2070431534 273691 0 2061956855
k17 v9 0 0 2070431534 273692 0 2002635378
k12 v11 0 0 2070431534 273693 0 3480410437
k1 v79 0 0 2070431534 273694 0 2539316380
k5 v33 0 0 2070431534 273695 0 3421622475
k3 v38 0 0 2070431534 273696 0 1063545354
k19 v69 0 0 2070431534 273697 0 696137392
k11 v16 0 0 2070431534 273698 0 3139936032
k0 v94 0 0 2070431534 273699 0 3692657176
k8 v1 0 0 2070431533 273700 0 3547153279
k7 v26 0 0 2070431534 273701 0 1094109517
k17 v97 0 0 2070431533 273702 0 1363108371
k3 v84 0 0 2070431534 273703 0 2024043739
k8 v47 0 0 2070431534 273704 0 3642480640
k2 v22 0 0 2070431533 273705 0 4200441166
k15 v87 0 0 2070431534 273706 0 1306197625
k15 v67 0 0 2070431534 273707 0 2265891720
k7 v37 0 0 2070431533 273708 0 1619837893
k8 v8 0 0 2070431534 273709 0 4040563931
k11 v68 0 0 2070431534 273710 0 3041849034
k12 v88 0 0 2070431534 273711 0 159377926
k4 v78 0 0 2070431534 273712 0 2313618886
k6 v99 0 0 2070431534 273713 0 3418542232
k19 v54 0 0 2070431534 273714 0 2041829344
k17 v64 0 0 2070431534 273715 0 4140127518
k13 v86 0 0 2070431535 273716 0 136306156
k11 v61 0 0 2070431534 273717 0 45323769
k3 v73 0 0 2070431534 273718 0 935587482
k15 v83 0 0 2070431535 273719 0 1237803846
k12 v53 0 0 2070431533 273720 0 2185525548
k17 v85 0 0 2070431535 273721 0 3941407019
k10 v21 0 0 2070431535 273722 0 950153492
k4 v80 0 0 2070431534 273723 0 1131729730
k3 v72 0 0 2070431534 273724 0 4233569417
k19 v30 0 0 2070431535 273725 0 378844921
k5 v65 0 0 2070431535 273726 0 2443121122
k1 v73 0 0 2070431534 273727 0 1602985957
k7 v71 0 0 2070431534 273728 0 4279732188
k8 v15 0 0 2070431535 273729 0 3832972052
k14 v1 0 0 2070431533 273730 0 1579563176
k1 v62 0 0 2070431535 273731 0 1040509458
k9 v78 0 0 2070431534 273732 0 301324745
k16 v50 0 0 2070431535 273733 0 3241256198
k6 v98 0 0 2070431534 273734 0 3797985655
k15 v14 0 0 2070431534 273735 0 1899025601
k12 v16 0 0 2070431535 273736 0 717253054
k9 v69 0 0 2070431535 273737 0 1519752650
k19 v80 0 0 2070431535 273738 0 4229179670
k12 v16 0 0 2070431535 273739 0 2908255601
k18 v2 0 0 2070431535 273740 0 3612204896
k6 v47 0 0 2070431535 273741 0 2193405275
k13 v37 0 0 2070431533 273742 0 2539414359
k0 v42 0 0 2070431535 273743 0 1992979900
k6 v35 0 0 2070431533 273744 0 2592979021
k14 v6 0 0 2070431534 273745 0 3449779682
k7 v41 0 0 2070431531 273746 0 1458002535
k2 v76 0 0 2070431535 273747 0 3401779947
k15 v63 0 0 2070431535 273748 0 2245565532
k17 v0 0 0 2070431535 273749 0 282790629
k8 v32 0 0 2070431534 273750 0 4191259048
k16 v94 0 0 2070431535 273751 0 2389466530
k7 v54 0 0 2070431535 273752 0 55814191
k14 v48 0 0 2070431535 273753 0 707485553
k3 v56 0 0 2070431535 273754 0 2677790902
k5 v41 0 0 2070431535 273755 0 366263936
k1 v69 0 0 2070431535 273756 0 1203411743
k8 v40 0 0 2070431535 273757 0 3641962277
k10 v1 0 0 2070431534 273758 0 3289797643
k4 v44 0 0 2070431535 273759 0 161008455
k17 v29 0 0 2070431535 273760 0 3875517782
k6 v34 0 0 2070431535 273761 0 1198959271
k11 v46 0 0 2070431535 273762 0 3013726281
k18 v79 0 0 2070431535 273763 0 921811512
k12 v76 0 0 2070431535 273764 0 3892366353
k16 v4 0 0 2070431535 273765 0 3861847582
k19 v99 0 0 2070431534 273766 0 3482364039
k2 v69 0 0 2070431535 273767 0 704785722
k19 v45 0 0 2070431535 273768 0 3864933935
k3 v98 0 0 2070431534 273769 0 3391774358
k0 v62 0 0 2070431535 273770 0 3143997787
k4 v83 0 0 2070431534 273771 0 3625991905
k18 v69 0 0 2070431535 273772 0 2985452240
k6 v37 0 0 2070431535 273773 0 3677089752
k2 v40 0 0 2070431535 273774 0 479590471
k17 v9 0 0 2070431535 273775 0 1184110148
k1 v15 0 0 2070431535 273776 0 4277138626
k15 v63 0 0 2070431535 273777 0 409290
k5 v8 0 0 2070431535 273778 0 3538086465
k4 v98 0 0 2070431535 273779 0 1912319121
k1 v23 0 0 2070431535 273780 0 1557400399
k11 v90 0 0 2070431535 273781 0 3202399494
k3 v45 0 0 2070431535 273782 0 4050264631
k1 v87 0 0 2070431534 273783 0 881376064
k17 v72 0 0 2070431535 273784 0 928792837
k9 v73 0 0 2070431534 273785 0 1620261783
k8 v15 0 0 2070431535 273786 0 1853430285
k17 v97 0 0 2070431535 273787 0 3828665961
k2 v84 0 0 2070431534 273788 0 238032508
k10 v66 0 0 2070431536 273789 0 2884880578
k4 v74 0 0 2070431536 273790 0 617679978
k11 v85 0 0 2070431536 273791 0 2247983955
k19 v26 0 0 2070431535 273792 0 1316606356
k15 v32 0 0 2070431536 273793 0 138374468
k15 v6 0 0 2070431536 273794 0 2303833165
k4 v69 0 0 2070431536 273795 0 1882029340
k14 v32 0 0 2070431536 273796 0 3996873685
k10 v71 0 0 2070431536 273797 0 1244441206
k12 v43 0 0 2070431536 273798 0 2448593215
k0 v67 0 0 2070431535 273799 0 1270079239
k2 v7 0 0 2070431535 273800 0 1582377211
k2 v21 0 0 2070431536 273801 0 555430834
k6 v27 0 0 2070431536 273802 0 2387172407
k7 v37 0 0 2070431535 273803 0 494142431
k5 v45 0 0 2070431535 273804 0 478852645
k6 v93 0 0 2070431536 273805 0 3507071548
k14 v14 0 0 2070431536 273806 0 3647915172
k12 v89 0 0 2070431536 273807 0 566627290
k14 v25 0 0 2070431536 273808 0 1502892175
k19 v2 0 0 2070431536 273809 0 3225599872
k3 v73 0 0 2070431536 273810 0 3848041401
k3 v90 0 0 2070431535 273811 0 246285409
k6 v87 0 0 2070431535 273812 0 3224517096
k13 v96 0 0 2070431536 273813 0 1012841858
k7 v94 0 0 2070431535 273814 0 1030273774
k2 v73 0 0 2070431536 273815 0 56126760
k19 v8 0 0 2070431535 273816 0 2676125349
k3 v71 0 0 2070431535 273817 0 3999044625
k9 v53 0 0 2070431536 273818 0 611215363
k8 v39 0 0 2070431536 273819 0 120460910
k9 v78 0 0 2070431536 273820 0 944227927
k19 v33 0 0 2070431536 273821 0 196946306
k8 v54 0 0 2070431535 273822 0 679441780
k19 v31 0 0 2070431536 273823 0 4081401228
k4 v6 0 0 2070431536 273824 0 2694864820
k1 v71 0 0 2070431536 273825 0 3174407360
k19 v1 0 0 2070431534 273826 0 2849127830
k8 v77 0 0 2070431536 273827 0 2431306341
k10 v47 0 0 2070431536 273828 0 1723815480
k7 v51 0 0 2070431536 273829 0 412000459
k3 v58 0 0 2070431536 273830 0 812531154
k2 v27 0 0 2070431536 273831 0 2810056766
k4 v95 0 0 2070431534 273832 0 3080637411
k8 v58 0 0 2070431535 273833 0 3817870313
k17 v58 0 0 2070431536 273834 0 1580472338
k19 v37 0 0 2070431535 273835 0 2926668299
k2 v84 0 0 2070431536 273836 0 2258682680
k4 v88 0 0 2070431536 273837 0 2705833448
k9 v46 0 0 2070431536 273838 0 2478501868
k17 v41 0 0 2070431536 273839 0 2365327413
k4 v2 0 0 2070431536 273840 0 2393640283
k8 v11 0 0 2070431536 273841 0 2955118914
k0 v58 0 0 2070431536 273842 0 1911714024
k4 v37 0 0 2070431536 273843 0 3793196509
k11 v18 0 0 2070431536 273844 0 2756212822
k12 v91 0 0 2070431536 273845 0 385389736
k1 v99 0 0 2070431536 273846 0 3699468723
k18 v56 0 0 2070431536 273847 0 531549627
k0 v71 0 0 2070431537 273848 0 1540322421
k3 v98 0 0 2070431536 273849 0 3555237331
k5 v66 0 0 2070431536 273850 0 3150969502
k12 v44 0 0 2070431536 273851 0 4027409879
k10 v63 0 0 2070431535 273852 0 3183035888
k10 v39 0 0 2070431536 273853 0 4028322889
k14 v55 0 0 2070431536 273854 0 2584566576
k11 v70 0 0 2070431536 273855 0 3614961748
k9 v88 0 0 2070431536 273856 0 659028090
k7 v14 0 0 2070431536 273857 0 3123793764
k1 v39 0 0 2070431535 273858 0 209265122
k2 v79 0 0 2070431537 273859 0 861612632
k16 v73 0 0 2070431536 273860 0 1901489964
k18 v17 0 0 2070431537 273861 0 4047798576
k4 v54 0 0 2070431537 273862 0 1840658528
k9 v32 0 0 2070431536 273863 0 1368365517
k13 v98 0 0 2070431537 273864 0 2734847545
k18 v81 0 0 2070431537 273865 0 2871218953
k15 v74 0 0 2070431537 273866 0 2080855962
k7 v67 0 0 2070431536 273867 0 2117679791
k5 v40 0 0 2070431537 273868 0 3709686521
k7 v66 0 0 2070431537 273869 0 1232547065
k9 v92 0 0 2070431537 273870 0 1996269740
k2 v24 0 0 2070431537 273871 0 3279222198
k17 v39 0 0 2070431537 273872 0 1352083798
k10 v64 0 0 2070431537 273873 0 71762225
k19 v24 0 0 2070431537 273874 0 3258268351
k11 v80 0 0 2070431537 273875 0 1414310794
k7 v50 0 0 2070431536 273876 0 4240065961
k11 v7 0 0 2070431537 273877 0 99447306
k6 v27 0 0 2070431537 273878 0 3175326374
k18 v19 0 0 2070431536 273879 0 3977063158
k8 v84 0 0 2070431537 273880 0 4247395086
k0 v97 0 0 2070431537 273881 0 3573262141
k17 v23 0 0 2070431537 273882 0 2466532811
k0 v24 0 0 2070431537 273883 0 394789856
k15 v88 0 0 2070431537 273884 0 3683429079
k1 v85 0 0 2070431536 273885 0 2992274785
k2 v56 0 0 2070431536 273886 0 3907703814
k16 v11 0 0 2070431537 273887 0 3302008629
k9 v3 0 0 2070431537 273888 0 342397999
k2 v67 0 0 2070431537 273889 0 3181474290
k3 v30 0 0 2070431537 273890 0 2595580910
k15 v14 0 0 2070431537 273891 0 3458696102
k18 v91 0 0 2070431536 273892 0 3159228915
k5 v50 0 0 2070431537 273893 0 2859421585
k0 v24 0 0 2070431537 273894 0 1493958416
k1 v81 0 0 2070431537 273895 0 836762769
k5 v5 0 0 2070431537 273896 0 3941137219
k13 v54 0 0 2070431537 273897 0 1733186273
k19 v73 0 0 2070431537 273898 0 142178575
k2 v12 0 0 2070431537 273899 0 4262350210
k8 v62 0 0 2070431537 273900 0 476691638
k8 v64 0 0 2070431537 273901 0 2169573410
k1 v0 0 0 2070431537 273902 0 1321345458
k15 v83 0 0 2070431537 273903 0 269521333
k18 v73 0 0 2070431537 273904 0 2295496765
k7 v41 0 0 2070431537 273905 0 1551097804
k10 v5 0 0 2070431537 273906 0 2095259879
k10 v62 0 0 2070431537 273907 0 1509632000
k7 v69 0 0 2070431537 273908 0 2428663374
k0 v15 0 0 2070431536 273909 0 2300273804
k19 v64 0 0 2070431537 273910 0 143778007
k0 v14 0 0 2070431537 273911 0 3922575211
k8 v5 0 0 2070431537 273912 0 3403798874
k11 v70 0 0 2070431537 273913 0 4063402229
k15 v75 0 0 2070431537 273914 0 2527428542
k15 v79 0 0 2070431537 273915 0 1552446228
k2 v1 0 0 2070431537 273916 0 2004031623
k3 v84 0 0 2070431537 273917 0 1935321912
k15 v96 0 0 2070431538 273918 0 2673238884
k8 v75 0 0 2070431538 273919 0 1809275497
k2 v86 0 0 2070431537 273920 0 1876959230
k14 v13 0 0 2070431536 273921 0 3428009979
k15 v90 0 0 2070431538 273922 0 3822889058
k0 v25 0 0 2070431537 273923 0 3351566869
k1 v31 0 0 2070431537 273924 0 3267481281
k17 v27 0 0 2070431538 273925 0 4272144458
k11 v0 0 0 2070431538 273926 0 2598720250
k6 v18 0 0 2070431537 273927 0 2200824101
k19 v60 0 0 2070431538 273928 0 1438854515
k19 v41 0 0 2070431538 273929 0 3447399945
k19 v79 0 0 2070431538 273930 0 4223574822
k7 v74 0 0 2070431537 273931 0 1791882861
k19 v79 0 0 2070431538 273932 0 3381182884
k4 v99 0 0 2070431537 273933 0 1266722767
k2 v58 0 0 2070431536 273934 0 2009953639
k9 v1 0 0 2070431538 273935 0 113313478
k18 v58 0 0 2070431536 273936 0 2730411645
k18 v54 0 0 2070431538 273937 0 2098845925
k3 v72 0 0 2070431537 273938 0 1064333666
k13 v41 0 0 2070431538 273939 0 563535089
k1 v5 0 0 2070431538 273940 0 2304190815
k1 v85 0 0 2070431536 273941 0 1737500260
k0 v66 0 0 2070431538 273942 0 3189951547
k5 v75 0 0 2070431538 273943 0 207976553
k17 v28 0 0 2070431538 273944 0 2678783384
k5 v36 0 0 2070431537 273945 0 1045398578
k18 v93 0 0 2070431538 273946 0 3070383231
k6 v22 0 0 2070431537 273947 0 2880157514
k0 v87 0 0 2070431538 273948 0 4066710343
k7 v50 0 0 2070431535 273949 0 1331136441
k14 v30 0 0 2070431538 273950 0 2397060794
k0 v46 0 0 2070431538 273951 0 1879700658
k14 v38 0 0 2070431538 273952 0 554535562
k14 v91 0 0 2070431538 273953 0 27024948
k14 v61 0 0 2070431537 273954 0 3689436529
k18 v64 0 0 2070431538 273955 0 817644598
k9 v57 0 0 2070431538 273956 0 1581216607
k17 v83 0 0 2070431538 273957 0 1174492959
k3 v89 0 0 2070431538 273958 0 2629438250
k19 v55 0 0 2070431538 273959 0 419649611
k4 v64 0 0 2070431538 273960 0 1157803464
k14 v26 0 0 2070431538 273961 0 2386866153
k16 v15 0 0 2070431537 273962 0 1164505670
k13 v84 0 0 2070431538 273963 0 3241356098
k17 v93 0 0 2070431538 273964 0 4038080795
k14 v42 0 0 2070431537 273965 0 2346227422
k11 v74 0 0 2070431537 273966 0 3303510380
k19 v6 0 0 2070431538 273967 0 3113709746
k6 v26 0 0 2070431538 273968 0 3095037470
k18 v93 0 0 2070431538 273969 0 857644254
k19 v11 0 0 2070431537 273970 0 1316080162
k4 v72 0 0 2070431538 273971 0 1176692981
k17 v63 0 0 2070431538 273972 0 3946675076
k4 v31 0 0 2070431538 273973 0 3376726790
k18 v45 0 0 2070431538 273974 0 2877332258
k7 v52 0 0 2070431538 273975 0 2960070065
k6 v29 0 0 2070431538 273976 0 1537520006
k1 v28 0 0 2070431538 273977 0 1365320495
k16 v7 0 0 2070431538 273978 0 2251302220
k9 v76 0 0 2070431538 273979 0 1535148485
k4 v66 0 0 2070431538 273980 0 2236806734
k18 v3 0 0 2070431538 273981 0 3656470241
k7 v77 0 0 2070431538 273982 0 993793321
k10 v79 0 0 2070431538 273983 0 1192015606
k11 v88 0 0 2070431539 273984 0 1994817043
k0 v53 0 0 2070431535 273985 0 870900917
k19 v84 0 0 2070431539 273986 0 2539610716
k10 v87 0 0 2070431538 273987 0 1988999099
k11 v20 0 0 2070431539 273988 0 2260660134
k9 v24 0 0 2070431537 273989 0 3457230333
k9 v69 0 0 2070431539 273990 0 2939413671
k13 v36 0 0 2070431537 273991 0 3042697544
k17 v83 0 0 2070431538 273992 0 845961790
k7 v78 0 0 2070431539 273993 0 2479898336
k19 v88 0 0 2070431539 273994 0 2006800130
k3 v28 0 0 2070431538 273995 0 2220867406
k9 v36 0 0 2070431538 273996 0 3296703675
k11 v38 0 0 2070431539 273997 0 48614514
k14 v35 0 0 2070431539 273998 0 2818809175
k10 v15 0 0 2070431538 273999 0 2569669734
k6 v73 0 0 2070431539 274000 0 3506812058
k15 v45 0 0 2070431539 274001 0 1269621383
k13 v22 0 0 2070431538 274002 0 1452826869
k14 v27 0 0 2070431539 274003 0 3726252443
k9 v85 0 0 2070431539 274004 0 190822637
k15 v19 0 0 2070431538 274005 0 3179257299
k6 v6 0 0 2070431538 274006 0 3713844757
k1 v27 0 0 2070431538 274007 0 3885618705
k18 v43 0 0 2070431536 274008 0 1560010454
k1 v90 0 0 2070431538 274009 0 3333609113
k7 v32 0 0 2070431539 274010 0 1009388420
k14 v61 0 0 2070431539 274011 0 2067040320
k10 v15 0 0 2070431539 274012 0 2001671953
k5 v85 0 0 2070431538 274013 0 2308154934
k19 v82 0 0 2070431539 274014 0 3786618142
k4 v17 0 0 2070431538 274015 0 878450432
k18 v83 0 0 2070431539 274016 0 764511758
k5 v70 0 0 2070431539 274017 0 1187658909
k16 v45 0 0 2070431539 274018 0 3980987076
k8 v69 0 0 2070431538 274019 0 3893589894
k13 v68 0 0 2070431539 274020 0 4000084482
k5 v61 0 0 2070431539 274021 0 3899366810
k18 v57 0 0 2070431539 274022 0 2911344729
k13 v46 0 0 2070431539 274023 0 947743707
k16 v41 0 0 2070431538 274024 0 3254587478
k8 v93 0 0 2070431539 274025 0 2437589341
k10 v83 0 0 2070431539 274026 0 795769713
k15 v49 0 0 2070431539 274027 0 3443829892
k4 v98 0 0 2070431539 274028 0 376680157
k18 v75 0 0 2070431538 274029 0 2899523325
k9 v99 0 0 2070431539 274030 0 563707333
k14 v97 0 0 2070431539 274031 0 2961592021
k7 v60 0 0 2070431539 274032 0 1249201345
k15 v9 0 0 2070431539 274033 0 1104093560
k17 v68 0 0 2070431537 274034 0 2652139152
k17 v29 0 0 2070431539 274035 0 3843781150
k7 v54 0 0 2070431539 274036 0 468377727
k19 v71 0 0 2070431539 274037 0 715550807
k9 v43 0 0 2070431537 274038 0 51301266
k14 v11 0 0 2070431539 274039 0 3649982590
k19 v20 0 0 2070431539 274040 0 2297187446
k0 v95 0 0 2070431539 274041 0 1966198296
k16 v7 0 0 2070431539 274042 0 2098978971
k19 v66 0 0 2070431539 274043 0 890996443
k2 v90 0 0 2070431539 274044 0 3462019499
k18 v92 0 0 2070431539 274045 0 4207587326
k18 v90 0 0 2070431539 274046 0 455707313
k3 v49 0 0 2070431539 274047 0 778691355
k0 v72 0 0 2070431539 274048 0 2524503922
k9 v96 0 0 2070431538 274049 0 1159831734
k8 v10 0 0 2070431538 274050 0 2944602047
k8 v92 0 0 2070431539 274051 0 2500739482
k7 v8 0 0 2070431539 274052 0 2105667267
k14 v72 0 0 2070431539 274053 0 2121829450
k7 v57 0 0 2070431539 274054 0 2197336965
k17 v7 0 0 2070431539 274055 0 615545003
k5 v0 0 0 2070431539 274056 0 2858824949
k12 v86 0 0 2070431540 274057 0 2382899617
k14 v77 0 0 2070431539 274058 0 3053880734
k12 v21 0 0 2070431539 274059 0 1272437845
k3 v61 0 0 2070431539 274060 0 464746109
k17 v43 0 0 2070431539 274061 0 647286793
k12 v88 0 0 2070431540 274062 0 3904973018
k3 v75 0 0 2070431539 274063 0 3785969017
k18 v57 0 0 2070431540 274064 0 2281365985
k4 v24 0 0 2070431539 274065 0 688836146
k8 v75 0 0 2070431540 274066 0 2444015045
k19 v47 0 0 2070431540 274067 0 2826885992
k10 v22 0 0 2070431539 274068 0 313904494
k5 v42 0 0 2070431540 274069 0 402162971
k17 v54 0 0 2070431540 274070 0 1006491792
k2 v56 0 0 2070431540 274071 0 2037224781
k13 v62 0 0 2070431539 274072 0 2374267477
k11 v48 0 0 2070431539 274073 0 3403166142
k9 v54 0 0 2070431539 274074 0 3282443133
k18 v69 0 0 2070431539 274075 0 2263549425
k6 v12 0 0 2070431539 274076 0 290077465
k14 v86 0 0 2070431539 274077 0 459864407
k16 v13 0 0 2070431538 274078 0 745434136
k11 v12 0 0 2070431539 274079 0 3925999151
k16 v14 0 0 2070431540 274080 0 3106632130
k0 v92 0 0 2070431540 274081 0 3863078669
k11 v47 0 0 2070431540 274082 0 3744350465
k14 v74 0 0 2070431540 274083 0 2309878830
k19 v2 0 0 2070431539 274084 0 3578492454
k12 v72 0 0 2070431540 274085 0 3055467527
k7 v34 0 0 2070431539 274086 0 3783395928
k18 v17 0 0 2070431539 274087 0 3483299185
k8 v76 0 0 2070431540 274088 0 2853763211
k9 v30 0 0 2070431539 274089 0 3313814674
k19 v0 0 0 2070431539 274090 0 2049683353
k19 v63 0 0 2070431540 274091 0 1599197687
k9 v71 0 0 2070431538 274092 0 2626043917
k16 v47 0 0 2070431540 274093 0 2974712537
k19 v30 0 0 2070431540 274094 0 11333469
k14 v38 0 0 2070431540 274095 0 536477903
k8 v86 0 0 2070431540 274096 0 2035036188
k0 v10 0 0 2070431540 274097 0 1592087878
k15 v22 0 0 2070431540 274098 0 4192778230
k18 v26 0 0 2070431540 274099 0 898131343
k17 v1 0 0 2070431540 274100 0 415089239
k13 v31 0 0 2070431540 274101 0 1124002939
k13 v29 0 0 2070431540 274102 0 1808984724
k0 v41 0 0 2070431540 274103 0 1705013451
k7 v77 0 0 2070431540 274104 0 2741330324
k5 v95 0 0 2070431540 274105 0 1323956480
k10 v13 0 0 2070431540 274106 0 1431319664
k14 v64 0 0 2070431540 274107 0 3300164713
k0 v28 0 0 2070431540 274108 0 2295677234
k2 v47 0 0 2070431540 274109 0 4143634045
k19 v61 0 0 2070431540 274110 0 975937767
k3 v40 0 0 2070431540 274111 0 1171683845
k16 v21 0 0 2070431540 274112 0 1826889046
k3 v58 0 0 2070431540 274113 0 1977699755
k6 v69 0 0 2070431539 274114 0 3302514540
k11 v49 0 0 2070431540 274115 0 1056620619
k8 v1 0 0 2070431539 274116 0 2189300170
k16 v94 0 0 2070431540 274117 0 1693823641
k6 v60 0 0 2070431539 274118 0 2429681044
k0 v65 0 0 2070431540 274119 0 883169362
k6 v85 0 0 2070431540 274120 0 3643106184
k15 v68 0 0 2070431539 274121 0 2717996636
k8 v45 0 0 2070431541 274122 0 4257299717
k5 v55 0 0 2070431540 274123 0 742164261
k10 v64 0 0 2070431540 274124 0 3963724375
k14 v88 0 0 2070431540 274125 0 4127130590
k15 v67 0 0 2070431540 274126 0 3941713496
k12 v12 0 0 2070431540 274127 0 3342744048
k5 v64 0 0 2070431540 274128 0 3518097227
k6 v95 0 0 2070431540 274129 0 2537380703
k7 v0 0 0 2070431541 274130 0 3654891352
k14 v66 0 0 2070431540 274131 0 1516694330
k10 v72 0 0 2070431541 274132 0 1821012275
k5 v0 0 0 2070431541 274133 0 3701779739
k17 v5 0 0 2070431541 274134 0 4241511117
k8 v17 0 0 2070431541 274135 0 4105121884
k13 v23 0 0 2070431540 274136 0 1525494263
k5 v47 0 0 2070431540 274137 0 478600452
k14 v60 0 0 2070431541 274138 0 3274558776
k3 v42 0 0 2070431540 274139 0 1145393903
k6 v11 0 0 2070431540 274140 0 695041675
k17 v61 0 0 2070431540 274141 0 3364381201
k1 v96 0 0 2070431541 274142 0 1711156188
k12 v17 0 0 2070431541 274143 0 1090474183
k13 v58 0 0 2070431541 274144 0 4205533262
k17 v44 0 0 2070431541 274145 0 2936043241
k10 v16 0 0 2070431540 274146 0 2043890867
k15 v74 0 0 2070431541 274147 0 197018977
k18 v74 0 0 2070431541 274148 0 397431247
k16 v88 0 0 2070431540 274149 0 2958156681
k6 v7 0 0 2070431541 274150 0 725125561
k0 v7 0 0 2070431540 274151 0 2356732646
k10 v58 0 0 2070431540 274152 0 394046556
k13 v55 0 0 2070431540 274153 0 3469976205
k12 v55 0 0 2070431540 274154 0 451010206
k0 v87 0 0 2070431540 274155 0 2249819582
k1 v1 0 0 2070431541 274156 0 2627243434
k0 v95 0 0 2070431541 274157 0 764482224
k6 v20 0 0 2070431541 274158 0 849684367
k8 v15 0 0 2070431540 274159 0 1525904880
k10 v6 0 0 2070431541 274160 0 1409754792
k11 v43 0 0 2070431541 274161 0 3295064938
k0 v25 0 0 2070431541 274162 0 206361401
k13 v24 0 0 2070431541 274163 0 213885268
k1 v9 0 0 2070431541 274164 0 825460675
k0 v70 0 0 2070431541 274165 0 3852735172
k1 v10 0 0 2070431541 274166 0 2747772437
k6 v50 0 0 2070431541 274167 0 3734766401
k16 v6 0 0 2070431541 274168 0 3996120608
k12 v13 0 0 2070431540 274169 0 1003718628
k18 v1 0 0 2070431541 274170 0 230870028
k3 v80 0 0 2070431540 274171 0 1984957306
k7 v81 0 0 2070431541 274172 0 4109157106
k6 v67 0 0 2070431541 274173 0 560498690
k3 v4 0 0 2070431541 274174 0 2834309849
k6 v70 0 0 2070431540 274175 0 3305507351
k11 v3 0 0 2070431541 274176 0 1060986822
k10 v95 0 0 2070431541 274177 0 612337545
k18 v60 0 0 2070431541 274178 0 3301017425
k11 v1 0 0 2070431541 274179 0 1919628677
k18 v28 0 0 2070431541 274180 0 2288425069
k19 v27 0 0 2070431541 274181 0 1989227481
k3 v79 0 0 2070431541 274182 0 774012352
k2 v43 0 0 2070431541 274183 0 2151777416
k13 v69 0 0 2070431541 274184 0 3989313679
k4 v85 0 0 2070431541 274185 0 2298069356
k7 v80 0 0 2070431541 274186 0 4273699725
k13 v62 0 0 2070431541 274187 0 4103589940
k4 v98 0 0 2070431541 274188 0 349977106
k10 v72 0 0 2070431541 274189 0 2200651545
k17 v98 0 0 2070431541 274190 0 2705891911
k3 v89 0 0 2070431541 274191 0 1222167322
k2 v82 0 0 2070431541 274192 0 3405048181
k16 v97 0 0 2070431540 274193 0 2703453167
k4 v78 0 0 2070431541 274194 0 1784943513
k7 v72 0 0 2070431542 274195 0 3691035704
k8 v45 0 0 2070431542 274196 0 460787715
k6 v32 0 0 2070431541 274197 0 3912447798
k9 v39 0 0 2070431542 274198 0 2757127402
k15 v93 0 0 2070431541 274199 0 2943242655
k3 v34 0 0 2070431541 274200 0 2753225474
k12 v26 0 0 2070431540 274201 0 3047590988
k15 v67 0 0 2070431541 274202 0 1392932930
k13 v76 0 0 2070431540 274203 0 2445312831
k17 v66 0 0 2070431541 274204 0 2376939371
k13 v1 0 0 2070431542 274205 0 1778060673
k7 v72 0 0 2070431542 274206 0 3930684314
k15 v55 0 0 2070431542 274207 0 288259979
k7 v9 0 0 2070431541 274208 0 4182720787
k17 v43 0 0 2070431541 274209 0 4149057604
k14 v41 0 0 2070431542 274210 0 367591784
k9 v57 0 0 2070431542 274211 0 2264360788
k10 v5 0 0 2070431541 274212 0 3731009675
k5 v12 0 0 2070431541 274213 0 64500772
k3 v73 0 0 2070431541 274214 0 839511577
k15 v22 0 0 2070431542 274215 0 2860079093
k12 v59 0 0 2070431541 274216 0 586647131
k14 v89 0 0 2070431542 274217 0 4034415824
k3 v52 0 0 2070431542 274218 0 2442173645
k2 v49 0 0 2070431540 274219 0 4235548867
k6 v31 0 0 2070431542 274220 0 2578754519
k14 v76 0 0 2070431542 274221 0 2498669056
k3 v91 0 0 2070431542 274222 0 4053502489
k7 v10 0 0 2070431542 274223 0 2823366907
k10 v71 0 0 2070431542 274224 0 142694725
k4 v6 0 0 2070431542 274225 0 2215457202
k15 v78 0 0 2070431541 274226 0 3618347671
k9 v18 0 0 2070431542 274227 0 3163359761
k6 v51 0 0 2070431542 274228 0 2807047193
k4 v40 0 0 2070431542 274229 0 2841673321
k9 v13 0 0 2070431542 274230 0 3229379993
k7 v16 0 0 2070431542 274231 0 530496923
k11 v8 0 0 2070431542 274232 0 4061135211
k14 v13 0 0 2070431542 274233 0 2058188652
k9 v56 0 0 2070431542 274234 0 2640542777
k15 v4 0 0 2070431541 274235 0 3158916772
k2 v35 0 0 2070431542 274236 0 2157784236
k17 v25 0 0 2070431542 274237 0 2535036003
k5 v95 0 0 2070431541 274238 0 656316004
k18 v30 0 0 2070431542 274239 0 3419025892
k15 v57 0 0 2070431542 274240 0 2477274908
k4 v40 0 0 2070431541 274241 0 3954937648
k4 v82 0 0 2070431542 274242 0 3017580625
k12 v30 0 0 2070431542 274243 0 3645202212
k7 v82 0 0 2070431542 274244 0 2472754922
k15 v0 0 0 2070431542 274245 0 2036647067
k4 v42 0 0 2070431542 274246 0 3770378392
k12 v77 0 0 2070431541 274247 0 3223011307
k9 v10 0 0 2070431542 274248 0 2722348254
k0 v17 0 0 2070431542 274249 0 3252060926
k18 v41 0 0 2070431542 274250 0 302336769
k19 v36 0 0 2070431541 274251 0 2520889276
k9 v74 0 0 2070431541 274252 0 1865537311
k4 v6 0 0 2070431542 274253 0 3608707249
k10 v83 0 0 2070431542 274254 0 2333455970
k6 v87 0 0 2070431542 274255 0 994271063
k5 v89 0 0 2070431542 274256 0 2138275534
k14 v62 0 0 2070431542 274257 0 382497732
k11 v83 0 0 2070431542 274258 0 3167949754
k19 v38 0 0 2070431542 274259 0 3387912496
k12 v79 0 0 2070431542 274260 0 464073158
k7 v38 0 0 2070431542 274261 0 3832100202
k14 v59 0 0 2070431542 274262 0 546381891
k15 v23 0 0 2070431542 274263 0 2618023344
k5 v14 0 0 2070431542 274264 0 1132080720
k17 v49 0 0 2070431543 274265 0 1246039225
k6 v63 0 0 2070431542 274266 0 2399819044
k18 v23 0 0 2070431543 274267 0 2941980747
k13 v64 0 0 2070431542 274268 0 1636357161
k4 v61 0 0 2070431543 274269 0 3814779920
k0 v58 0 0 2070431542 274270 0 2083844980
k12 v23 0 0 2070431543 274271 0 367807797
k18 v58 0 0 2070431542 274272 0 1154585479
k13 v71 0 0 2070431543 274273 0 4215551178
k8 v58 0 0 2070431543 274274 0 3561715144
k15 v87 0 0 2070431542 274275 0 1145631571
k8 v35 0 0 2070431543 274276 0 2786137121
k13 v38 0 0 2070431543 274277 0 1970083969
k0 v37 0 0 2070431542 274278 0 1045367963
k16 v39 0 0 2070431543 274279 0 363218190
k17 v98 0 0 2070431543 274280 0 4028260579
k17 v72 0 0 2070431543 274281 0 1843133740
k12 v21 0 0 2070431543 274282 0 4283641671
k0 v17 0 0 2070431541 274283 0 3165426931
k5 v40 0 0 2070431543 274284 0 1182822328
k2 v78 0 0 2070431543 274285 0 3488059910
k14 v51 0 0 2070431542 274286 0 3552059135
k0 v89 0 0 2070431542 274287 0 4120876955
k5 v43 0 0 2070431543 274288 0 1167879550
k8 v11 0 0 2070431543 274289 0 2164041207
k16 v7 0 0 2070431542 274290 0 3573000286
k15 v66 0 0 2070431543 274291 0 1354247221
k1 v25 0 0 2070431543 274292 0 3438532163
k0 v10 0 0 2070431543 274293 0 504323882
k16 v32 0 0 2070431543 274294 0 2565115185
k13 v11 0 0 2070431543 274295 0 1371388800
k3 v76 0 0 2070431543 274296 0 1736641089
k13 v61 0 0 2070431543 274297 0 174874458
k5 v87 0 0 2070431543 274298 0 1035526621
k0 v52 0 0 2070431543 274299 0 1020773783
k11 v15 0 0 2070431543 274300 0 953953183
k2 v34 0 0 2070431542 274301 0 272717841
k19 v74 0 0 2070431542 274302 0 1436759077
k12 v93 0 0 2070431543 274303 0 3301299650
k5 v92 0 0 2070431543 274304 0 2452660666
k5 v25 0 0 2070431543 274305 0 881049085
k19 v92 0 0 2070431543 274306 0 2861129946
k13 v84 0 0 2070431543 274307 0 1162141471
k3 v3 0 0 2070431543 274308 0 140644917
k8 v57 0 0 2070431543 274309 0 2693335620
k5 v66 0 0 2070431542 274310 0 969697888
k18 v30 0 0 2070431543 274311 0 1954613369
k4 v4 0 0 2070431543 274312 0 2010253403
k8 v44 0 0 2070431542 274313 0 2810005043
k15 v68 0 0 2070431543 274314 0 2191041994
k13 v30 0 0 2070431543 274315 0 1722922854
k12 v65 0 0 2070431543 274316 0 1883658571
k2 v66 0 0 2070431543 274317 0 3432932503
k0 v3 0 0 2070431543 274318 0 819516738
k12 v27 0 0 2070431542 274319 0 3812833069
k9 v81 0 0 2070431543 274320 0 3310263345
k2 v17 0 0 2070431542 274321 0 1487454408
k3 v77 0 0 2070431543 274322 0 3529604231
k1 v37 0 0 2070431543 274323 0 873831060
k0 v88 0 0 2070431542 274324 0 251534765
k13 v60 0 0 2070431543 274325 0 3923021338
k15 v29 0 0 2070431543 274326 0 3312862956
k4 v0 0 0 2070431543 274327 0 1175365918
k2 v11 0 0 2070431543 274328 0 3252938442
k13 v72 0 0 2070431543 274329 0 276116484
k0 v23 0 0 2070431543 274330 0 1421746547
k4 v70 0 0 2070431543 274331 0 1869839182
k8 v60 0 0 2070431542 274332 0 399198520
k5 v49 0 0 2070431543 274333 0 1167367183
k3 v3 0 0 2070431543 274334 0 2794578784
k6 v11 0 0 2070431544 274335 0 2132171322
k14 v81 0 0 2070431543 274336 0 53090486
k16 v57 0 0 2070431542 274337 0 402647302
k8 v85 0 0 2070431543 274338 0 3653991811
k14 v31 0 0 2070431543 274339 0 3663630316
k0 v10 0 0 2070431544 274340 0 2407788998
k17 v59 0 0 2070431544 274341 0 978993
k5 v32 0 0 2070431544 274342 0 143699954
k2 v0 0 0 2070431544 274343 0 1591427889
k15 v11 0 0 2070431544 274344 0 533530004
k16 v85 0 0 2070431544 274345 0 2230742105
k4 v40 0 0 2070431543 274346 0 1583577583
k8 v52 0 0 2070431543 274347 0 310992649
k3 v92 0 0 2070431543 274348 0 3561370640
k17 v73 0 0 2070431542 274349 0 3177829117
k12 v7 0 0 2070431543 274350 0 4116358593
k5 v3 0 0 2070431543 274351 0 2912563479
k18 v95 0 0 2070431544 274352 0 3101434475
k16 v89 0 0 2070431544 274353 0 5807107
k11 v25 0 0 2070431541 274354 0 1665182190
k9 v11 0 0 2070431544 274355 0 228326656
k15 v37 0 0 2070431544 274356 0 1289654665
k16 v45 0 0 2070431543 274357 0 2328649784
k5 v79 0 0 2070431543 274358 0 3656629141
k16 v22 0 0 2070431544 274359 0 166979578
k19 v60 0 0 2070431544 274360 0 1950370645
k11 v21 0 0 2070431544 274361 0 444335823
k3 v89 0 0 2070431544 274362 0 2319456523
k7 v56 0 0 2070431543 274363 0 1301053106
k5 v72 0 0 2070431544 274364 0 1337448609
k2 v7 0 0 2070431544 274365 0 3930166858
k12 v86 0 0 2070431544 274366 0 61474733
k8 v15 0 0 2070431544 274367 0 3899990102
k13 v48 0 0 2070431544 274368 0 682198621
k8 v6 0 0 2070431544 274369 0 3028290944
k19 v76 0 0 2070431544 274370 0 1853570857
k13 v85 0 0 2070431544 274371 0 2045992003
k7 v97 0 0 2070431543 274372 0 121181007
k2 v76 0 0 2070431544 274373 0 962615206
k3 v54 0 0 2070431544 274374 0 3277347908
k16 v27 0 0 2070431542 274375 0 1260889344
k4 v59 0 0 2070431544 274376 0 830906565
k18 v96 0 0 2070431543 274377 0 1665353363
k7 v68 0 0 2070431544 274378 0 3348696531
k3 v43 0 0 2070431544 274379 0 141035268
k19 v54 0 0 2070431543 274380 0 1105725180
k13 v68 0 0 2070431544 274381 0 389091683
k5 v13 0 0 2070431544 274382 0 2150198445
k4 v70 0 0 2070431544 274383 0 1540751156
k12 v70 0 0 2070431541 274384 0 3151254714
k8 v73 0 0 2070431544 274385 0 2730751949
k17 v47 0 0 2070431544 274386 0 3229046635
k12 v52 0 0 2070431544 274387 0 4128472812
k17 v12 0 0 2070431544 274388 0 4166856159
k7 v85 0 0 2070431544 274389 0 2957013426
k1 v94 0 0 2070431544 274390 0 2000120430
k2 v21 0 0 2070431544 274391 0 1840200088
k9 v72 0 0 2070431544 274392 0 307550895
k15 v61 0 0 2070431544 274393 0 833848920
k13 v63 0 0 2070431544 274394 0 1509299305
k3 v48 0 0 2070431544 274395 0 2620522106
k4 v20 0 0 2070431544 274396 0 2856576611
k14 v91 0 0 2070431544 274397 0 2193172134
k16 v20 0 0 2070431543 274398 0 3656994890
k13 v59 0 0 2070431544 274399 0 3226683641
k0 v74 0 0 2070431544 274400 0 2911735612
k11 v62 0 0 2070431544 274401 0 1047923637
k10 v82 0 0 2070431544 274402 0 1575468562
k6 v23 0 0 2070431543 274403 0 231245354
k19 v59 0 0 2070431544 274404 0 181708109
k18 v68 0 0 2070431545 274405 0 1517275107
k3 v42 0 0 2070431544 274406 0 1913589425
k15 v19 0 0 2070431544 274407 0 870649984
k6 v20 0 0 2070431545 274408 0 2281315244
k8 v31 0 0 2070431545 274409 0 2301600617
k5 v86 0 0 2070431544 274410 0 2981844974
k6 v9 0 0 2070431544 274411 0 1408017685
k9 v14 0 0 2070431545 274412 0 1059334947
k10 v97 0 0 2070431544 274413 0 4050564837
k17 v78 0 0 2070431543 274414 0 1828965636
k11 v53 0 0 2070431544 274415 0 1168186659
k2 v24 0 0 2070431544 274416 0 2594182721
k5 v25 0 0 2070431546 274417 0 3527443349
k13 v76 0 0 2070431545 274418 0 511533435
k18 v1 0 0 2070431546 274419 0 3851875036
k9 v69 0 0 2070431544 274420 0 474511251
k7 v85 0 0 2070431544 274421 0 3906553557
k4 v30 0 0 2070431546 274422 0 2186440924
k2 v7 0 0 2070431544 274423 0 650486185
k14 v69 0 0 2070431545 274424 0 628292415
k16 v25 0 0 2070431541 274425 0 2491035197
k4 v83 0 0 2070431546 274426 0 393966471
k16 v1 0 0 2070431545 274427 0 1013848680
k19 v8 0 0 2070431544 274428 0 1400566669
k0 v2 0 0 2070431544 274429 0 3656405180
k12 v52 0 0 2070431546 274430 0 1794455566
k0 v28 0 0 2070431546 274431 0 2866855319
k13 v88 0 0 2070431543 274432 0 1955893329
k9 v32 0 0 2070431544 274433 0 2314621498
k19 v20 0 0 2070431546 274434 0 3689707461
k19 v85 0 0 2070431546 274435 0 676044432
k4 v38 0 0 2070431546 274436 0 2049378653
k17 v9 0 0 2070431547 274437 0 4118463824
k2 v41 0 0 2070431547 274438 0 1419722139
k13 v7 0 0 2070431544 274439 0 2687448922
k13 v59 0 0 2070431544 274440 0 2224969818
k15 v99 0 0 2070431547 274441 0 3385528655
k13 v59 0 0 2070431547 274442 0 942095675
k5 v56 0 0 2070431544 274443 0 881608853
k17 v43 0 0 2070431544 274444 0 677453677
k2 v78 0 0 2070431547 274445 0 1742486084
k10 v83 0 0 2070431546 274446 0 432074737
k7 v68 0 0 2070431547 274447 0 1361023007
k7 v8 0 0 2070431547 274448 0 2015724754
k2 v73 0 0 2070431547 274449 0 4179357232
k8 v73 0 0 2070431545 274450 0 2249304316
k16 v88 0 0 2070431547 274451 0 1146223261
k12 v17 0 0 2070431546 274452 0 1698558618
k2 v6 0 0 2070431547 274453 0 3361901449
k7 v32 0 0 2070431544 274454 0 793348371
k17 v32 0 0 2070431547 274455 0 2998402790
k19 v28 0 0 2070431547 274456 0 3156656089
k7 v32 0 0 2070431545 274457 0 3368999502
k16 v28 0 0 2070431547 274458 0 1420118495
k17 v62 0 0 2070431547 274459 0 2468427471
k16 v16 0 0 2070431547 274460 0 4242322442
k1 v16 0 0 2070431545 274461 0 3677445071
k14 v33 0 0 2070431547 274462 0 3962754051
k8 v11 0 0 2070431545 274463 0 2475243052
k9 v43 0 0 2070431547 274464 0 1114881259
k2 v76 0 0 2070431543 274465 0 4192906167
k10 v64 0 0 2070431547 274466 0 3831861538
k13 v25 0 0 2070431547 274467 0 4228228771
k17 v50 0 0 2070431547 274468 0 967593400
k8 v28 0 0 2070431546 274469 0 1682683474
k12 v60 0 0 2070431547 274470 0 277242915
k9 v35 0 0 2070431544 274471 0 1569537783
k12 v68 0 0 2070431547 274472 0 3211513875
k7 v86 0 0 2070431547 274473 0 4244810901
k8 v85 0 0 2070431547 274474 0 1810541584
k17 v62 0 0 2070431547 274475 0 1007725997
k11 v85 0 0 2070431547 274476 0 3363579447
k9 v80 0 0 2070431547 274477 0 4030645528
k14 v77 0 0 2070431547 274478 0 1259059548
k9 v72 0 0 2070431547 274479 0 3899003188
k10 v41 0 0 2070431547 274480 0 2012203724
k2 v33 0 0 2070431547 274481 0 706845159
k12 v17 0 0 2070431547 274482 0 2706334039
k12 v56 0 0 2070431547 274483 0 3486150635
k3 v27 0 0 2070431547 274484 0 487780273
k9 v31 0 0 2070431546 274485 0 1047875818
k18 v42 0 0 2070431547 274486 0 2393203622
k14 v92 0 0 2070431547 274487 0 1066024449
k17 v32 0 0 2070431547 274488 0 264311800
k8 v23 0 0 2070431548 274489 0 1227690514
k5 v86 0 0 2070431544 274490 0 3215459926
k7 v81 0 0 2070431545 274491 0 1724596979
k4 v5 0 0 2070431547 274492 0 87774438
k1 v71 0 0 2070431547 274493 0 3070745176
k11 v49 0 0 2070431548 274494 0 3452521269
k4 v83 0 0 2070431545 274495 0 3196897350
k8 v57 0 0 2070431547 274496 0 828185415
k5 v25 0 0 2070431548 274497 0 3386490911
k17 v38 0 0 2070431547 274498 0 1494669809
k18 v44 0 0 2070431547 274499 0 2363263115
k10 v90 0 0 2070431547 274500 0 217467140
k11 v6 0 0 2070431547 274501 0 397709643
k14 v43 0 0 2070431548 274502 0 3770964768
k3 v28 0 0 2070431546 274503 0 1422475028
k2 v30 0 0 2070431548 274504 0 2540700697
k13 v47 0 0 2070431548 274505 0 2547105296
k7 v25 0 0 2070431547 274506 0 1394175217
k6 v7 0 0 2070431548 274507 0 4070527465
k8 v90 0 0 2070431547 274508 0 3472671101
k6 v3 0 0 2070431547 274509 0 4224812434
k14 v44 0 0 2070431547 274510 0 3948210090
k0 v3 0 0 2070431548 274511 0 2568695169
k6 v57 0 0 2070431548 274512 0 3620588398
k3 v44 0 0 2070431547 274513 0 3165285776
k1 v41 0 0 2070431548 274514 0 3973573133
k1 v81 0 0 2070431548 274515 0 3267876481
k13 v83 0 0 2070431547 274516 0 502821852
k13 v19 0 0 2070431548 274517 0 821983975
k14 v93 0 0 2070431548 274518 0 3006814158
k1 v20 0 0 2070431548 274519 0 3391335104
k10 v38 0 0 2070431548 274520 0 2327794047
k19 v35 0 0 2070431548 274521 0 3191852897
k1 v80 0 0 2070431548 274522 0 3936863577
k18 v4 0 0 2070431548 274523 0 2609054023
k1 v30 0 0 2070431548 274524 0 3792824650
k4 v81 0 0 2070431547 274525 0 2190356787
k8 v59 0 0 2070431548 274526 0 1164757512
k9 v10 0 0 2070431548 274527 0 759298258
k7 v0 0 0 2070431547 274528 0 1506757047
k14 v68 0 0 2070431548 274529 0 3590507648
k19 v39 0 0 2070431548 274530 0 1976609276
k5 v16 0 0 2070431548 274531 0 4263463427
k14 v23 0 0 2070431547 274532 0 3449811475
k5 v0 0 0 2070431544 274533 0 455488552
k18 v91 0 0 2070431547 274534 0 251808313
k10 v4 0 0 2070431548 274535 0 1968761590
k17 v89 0 0 2070431547 274536 0 1228252703
k8 v29 0 0 2070431548 274537 0 877795110
k4 v36 0 0 2070431548 274538 0 1349130979
k9 v94 0 0 2070431548 274539 0 3642711364
k12 v4 0 0 2070431548 274540 0 590397878
k6 v5 0 0 2070431547 274541 0 2955033235
k8 v20 0 0 2070431548 274542 0 3033929746
k9 v75 0 0 2070431548 274543 0 2417464509
k1 v62 0 0 2070431548 274544 0 2708563025
k17 v67 0 0 2070431548 274545 0 1950397986
k9 v18 0 0 2070431547 274546 0 1949069631
k10 v60 0 0 2070431548 274547 0 3515607709
k5 v50 0 0 2070431548 274548 0 3158867617
k0 v89 0 0 2070431548 274549 0 1846634240
k8 v67 0 0 2070431548 274550 0 1956622991
k8 v90 0 0 2070431547 274551 0 435534047
k15 v75 0 0 2070431548 274552 0 2185325609
k7 v15 0 0 2070431548 274553 0 2325465616
k19 v24 0 0 2070431548 274554 0 1018860921
k3 v85 0 0 2070431548 274555 0 1723156205
k8 v55 0 0 2070431548 274556 0 2467684710
k12 v37 0 0 2070431548 274557 0 1371042549
k5 v61 0 0 2070431548 274558 0 2750655795
k15 v0 0 0 2070431549 274559 0 346998095
k14 v47 0 0 2070431548 274560 0 2559749705
k18 v63 0 0 2070431548 274561 0 725981081
k8 v98 0 0 2070431549 274562 0 3100611013
k17 v53 0 0 2070431548 274563 0 342731888
k8 v27 0 0 2070431548 274564 0 5033321
k14 v13 0 0 2070431549 274565 0 3934336750
k11 v21 0 0 2070431548 274566 0 670685851
k4 v70 0 0 2070431548 274567 0 1206082985
k7 v16 0 0 2070431549 274568 0 137027798
k4 v12 0 0 2070431549 274569 0 691602419
k11 v26 0 0 2070431549 274570 0 1569698087
k19 v43 0 0 2070431549 274571 0 2577012377
k6 v64 0 0 2070431548 274572 0 133658869
k17 v49 0 0 2070431549 274573 0 298509689
k10 v12 0 0 2070431548 274574 0 1539962835
k8 v6 0 0 2070431549 274575 0 2811847350
k17 v68 0 0 2070431549 274576 0 3978177287
k10 v82 0 0 2070431548 274577 0 3402379000
k12 v74 0 0 2070431549 274578 0 2757686203
k19 v51 0 0 2070431548 274579 0 3372050717
k0 v30 0 0 2070431549 274580 0 3694347218
k1 v72 0 0 2070431549 274581 0 2255284848
k13 v56 0 0 2070431548 274582 0 742310327
k2 v87 0 0 2070431548 274583 0 1770712672
k11 v38 0 0 2070431548 274584 0 2016934777
k2 v23 0 0 2070431549 274585 0 2090969642
k16 v62 0 0 2070431548 274586 0 3868075598
k8 v44 0 0 2070431549 274587 0 3032611634
k3 v90 0 0 2070431548 274588 0 1871968370
k10 v84 0 0 2070431549 274589 0 396024064
k1 v21 0 0 2070431549 274590 0 3158277097
k3 v14 0 0 2070431548 274591 0 3565996835
k3 v61 0 0 2070431549 274592 0 1902562873
k1 v58 0 0 2070431549 274593 0 105464710
k6 v54 0 0 2070431549 274594 0 3968299012
k2 v18 0 0 2070431548 274595 0 4171618584
k15 v84 0 0 2070431549 274596 0 183493823
k14 v65 0 0 2070431549 274597 0 1043269852
k16 v93 0 0 2070431548 274598 0 1354618271
k0 v74 0 0 2070431549 274599 0 1344765262
k15 v21 0 0 2070431549 274600 0 2876051276
k18 v95 0 0 2070431548 274601 0 4115355198
k12 v23 0 0 2070431549 274602 0 623674348
k5 v94 0 0 2070431549 274603 0 4283188818
k1 v98 0 0 2070431549 274604 0 1667714285
k15 v69 0 0 2070431549 274605 0 1496852736
k5 v32 0 0 2070431549 274606 0 3341690825
k17 v81 0 0 2070431549 274607 0 3364635241
k15 v56 0 0 2070431549 274608 0 3944195471
k3 v89 0 0 2070431549 274609 0 3252836753
k15 v51 0 0 2070431548 274610 0 266527677
k17 v90 0 0 2070431549 274611 0 1705588480
k8 v23 0 0 2070431549 274612 0 3282778179
k3 v57 0 0 2070431549 274613 0 2347114008
k5 v11 0 0 2070431549 274614 0 3216466891
k10 v3 0 0 2070431549 274615 0 1233598331
k17 v80 0 0 2070431549 274616 0 3039961689
k6 v10 0 0 2070431549 274617 0 2266509939
k0 v30 0 0 2070431549 274618 0 160325051
k10 v92 0 0 2070431548 274619 0 3719123892
k11 v89 0 0 2070431548 274620 0 955425942
k14 v98 0 0 2070431548 274621 0 1081828936
k15 v91 0 0 2070431549 274622 0 3291689525
k8 v95 0 0 2070431549 274623 0 37331227
k10 v31 0 0 2070431550 274624 0 3225737623
k2 v76 0 0 2070431550 274625 0 3441350720
k12 v77 0 0 2070431550 274626 0 2302603666
k1 v0 0 0 2070431549 274627 0 2878976548
k2 v11 0 0 2070431550 274628 0 1875445080
k5 v17 0 0 2070431549 274629 0 2356952586
k9 v27 0 0 2070431549 274630 0 663195426
k11 v79 0 0 2070431550 274631 0 2829090616
k13 v91 0 0 2070431549 274632 0 674966136
k3 v20 0 0 2070431550 274633 0 150332885
k12 v49 0 0 2070431550 274634 0 3626774691
k6 v31 0 0 2070431550 274635 0 1061007820
k6 v31 0 0 2070431548 274636 0 3499027961
k15 v54 0 0 2070431549 274637 0 2751951253
k18 v67 0 0 2070431549 274638 0 1824434706
k7 v1 0 0 2070431550 274639 0 729455411
k16 v2 0 0 2070431550 274640 0 765030267
k5 v31 0 0 2070431549 274641 0 550458392
k9 v30 0 0 2070431550 274642 0 1716834624
k7 v4 0 0 2070431550 274643 0 4283479331
k12 v58 0 0 2070431550 274644 0 668901118
k4 v28 0 0 2070431550 274645 0 2961316554
k19 v85 0 0 2070431550 274646 0 2100563609
k11 v51 0 0 2070431549 274647 0 2325616284
k15 v81 0 0 2070431549 274648 0 2777359763
k13 v77 0 0 2070431550 274649 0 2438495035
k4 v80 0 0 2070431550 274650 0 2430228993
k17 v33 0 0 2070431550 274651 0 67884405
k9 v11 0 0 2070431550 274652 0 3862266188
k6 v33 0 0 2070431550 274653 0 2804161652
k9 v26 0 0 2070431549 274654 0 570494418
k11 v44 0 0 2070431550 274655 0 84820672
k16 v67 0 0 2070431550 274656 0 335004954
k2 v26 0 0 2070431550 274657 0 2000956258
k9 v6 0 0 2070431550 274658 0 471469267
k12 v89 0 0 2070431550 274659 0 1577336721
k7 v96 0 0 2070431550 274660 0 4286628654
k7 v45 0 0 2070431549 274661 0 3923197598
k5 v59 0 0 2070431550 274662 0 1806962601
k0 v59 0 0 2070431550 274663 0 3917510063
k0 v17 0 0 2070431550 274664 0 2915085492
k17 v57 0 0 2070431549 274665 0 3536146399
k4 v94 0 0 2070431550 274666 0 368126745
k3 v52 0 0 2070431550 274667 0 3380286190
k14 v26 0 0 2070431550 274668 0 356170457
k19 v46 0 0 2070431550 274669 0 1636468287
k1 v45 0 0 2070431549 274670 0 482613138
k19 v35 0 0 2070431550 274671 0 1860152722
k8 v34 0 0 2070431550 274672 0 2978770580
k13 v76 0 0 2070431550 274673 0 211162798
k2 v64 0 0 2070431550 274674 0 2279268088
k1 v4 0 0 2070431549 274675 0 3515480340
k10 v29 0 0 2070431550 274676 0 4139265234
k1 v92 0 0 2070431548 274677 0 3602557195
k3 v15 0 0 2070431549 274678 0 3030960470
k16 v43 0 0 2070431550 274679 0 1036183455
k11 v10 0 0 2070431550 274680 0 3010415018
k15 v0 0 0 2070431550 274681 0 3459153042
k8 v84 0 0 2070431548 274682 0 547532234
k11 v8 0 0 2070431550 274683 0 1029856162
k5 v57 0 0 2070431550 274684 0 780717634
k10 v12 0 0 2070431551 274685 0 1393500457
k0 v24 0 0 2070431551 274686 0 2373266571
k19 v96 0 0 2070431550 274687 0 1564870888
k9 v98 0 0 2070431549 274688 0 3245871487
k3 v34 0 0 2070431551 274689 0 3822226151
k19 v72 0 0 2070431551 274690 0 1112347503
k7 v70 0 0 2070431551 274691 0 1988175017
k9 v11 0 0 2070431550 274692 0 4012865576
k7 v30 0 0 2070431550 274693 0 2598650382
k12 v24 0 0 2070431551 274694 0 1501410944
k12 v7 0 0 2070431551 274695 0 3820440556
k2 v42 0 0 2070431551 274696 0 322899270
k10 v35 0 0 2070431551 274697 0 1702596210
k6 v85 0 0 2070431551 274698 0 1538206213
k0 v16 0 0 2070431550 274699 0 1985326722
k13 v18 0 0 2070431551 274700 0 3106372274
k3 v31 0 0 2070431551 274701 0 3056526893
k10 v76 0 0 2070431550 274702 0 3734728498
k7 v22 0 0 2070431551 274703 0 3023563624
k1 v77 0 0 2070431548 274704 0 3089192839
k13 v52 0 0 2070431550 274705 0 1293298412
k2 v13 0 0 2070431551 274706 0 1276571087
k6 v63 0 0 2070431550 274707 0 4028431323
k17 v44 0 0 2070431551 274708 0 800582631
k17 v48 0 0 2070431550 274709 0 691070931
k6 v73 0 0 2070431551 274710 0 3991897131
k13 v83 0 0 2070431550 274711 0 3842912458
k7 v5 0 0 2070431551 274712 0 4059109940
k1 v65 0 0 2070431550 274713 0 1730695571
k7 v87 0 0 2070431551 274714 0 269012876
k5 v73 0 0 2070431550 274715 0 718752205
k5 v80 0 0 2070431551 274716 0 787273844
k8 v14 0 0 2070431551 274717 0 1487175909
k15 v74 0 0 2070431551 274718 0 3103641818
k13 v71 0 0 2070431550 274719 0 2869707616
k17 v55 0 0 2070431550 274720 0 3539799495
k15 v20 0 0 2070431551 274721 0 2830612918
k9 v11 0 0 2070431551 274722 0 2540498994
k14 v82 0 0 2070431551 274723 0 168447847
k3 v22 0 0 2070431551 274724 0 4172154962
k15 v76 0 0 2070431550 274725 0 158426844
k11 v29 0 0 2070431551 274726 0 521560854
k2 v5 0 0 2070431551 274727 0 3309938664
k12 v96 0 0 2070431550 274728 0 430541967
k2 v57 0 0 2070431550 274729 0 1488243218
k13 v71 0 0 2070431550 274730 0 2034904135
k9 v82 0 0 2070431551 274731 0 2818707172
k10 v14 0 0 2070431551 274732 0 746889919
k9 v75 0 0 2070431551 274733 0 929383899
k17 v4 0 0 2070431551 274734 0 2879857172
k17 v5 0 0 2070431550 274735 0 460400781
k0 v49 0 0 2070431551 274736 0 2045814628
k16 v92 0 0 2070431551 274737 0 501788707
k5 v94 0 0 2070431550 274738 0 2926987725
k14 v86 0 0 2070431551 274739 0 3217696387
k6 v98 0 0 2070431551 274740 0 177852680
k5 v3 0 0 2070431551 274741 0 1986322249
k6 v62 0 0 2070431551 274742 0 598711450
k18 v37 0 0 2070431551 274743 0 2063895274
k16 v51 0 0 2070431551 274744 0 2871571810
k4 v23 0 0 2070431551 274745 0 4142327369
k6 v27 0 0 2070431550 274746 0 2988084644
k10 v83 0 0 2070431551 274747 0 265317380
k12 v57 0 0 2070431551 274748 0 2212677160
k11 v65 0 0 2070431551 274749 0 1573665339
k7 v56 0 0 2070431551 274750 0 3202029377
k12 v63 0 0 2070431551 274751 0 1712422636
k10 v41 0 0 2070431551 274752 0 2392885559
k3 v97 0 0 2070431551 274753 0 3351696282
k11 v97 0 0 2070431551 274754 0 1870387171
k15 v26 0 0 2070431551 274755 0 1303902178
k0 v32 0 0 2070431551 274756 0 652789494
k16 v77 0 0 2070431552 274757 0 1873745885
k17 v87 0 0 2070431551 274758 0 2984143115
k14 v7 0 0 2070431551 274759 0 2354430049
k15 v21 0 0 2070431551 274760 0 3552713581
k14 v38 0 0 2070431551 274761 0 919383698
k11 v25 0 0 2070431551 274762 0 2940547877
k8 v60 0 0 2070431552 274763 0 2416064902
k4 v99 0 0 2070431552 274764 0 1796157230
k14 v57 0 0 2070431551 274765 0 3624017521
k17 v45 0 0 2070431551 274766 0 3504243101
k0 v36 0 0 2070431551 274767 0 1935188663
k11 v88 0 0 2070431551 274768 0 583914761
k9 v51 0 0 2070431552 274769 0 4024926845
k17 v3 0 0 2070431551 274770 0 696707423
k13 v54 0 0 2070431551 274771 0 1690068006
k16 v19 0 0 2070431552 274772 0 4271470935
k4 v80 0 0 2070431549 274773 0 150713761
k1 v12 0 0 2070431552 274774 0 3865222224
k14 v1 0 0 2070431552 274775 0 701022517
k1 v45 0 0 2070431551 274776 0 918345863
k18 v20 0 0 2070431551 274777 0 1672533178
k13 v97 0 0 2070431552 274778 0 2740164747
k18 v21 0 0 2070431550 274779 0 1425982188
k10 v18 0 0 2070431552 274780 0 1331566036
k18 v53 0 0 2070431552 274781 0 1987573872
k19 v90 0 0 2070431552 274782 0 1586168160
k11 v15 0 0 2070431551 274783 0 3353259405
k4 v0 0 0 2070431552 274784 0 872938625
k15 v82 0 0 2070431552 274785 0 1144750080
k16 v81 0 0 2070431552 274786 0 3059394356
k14 v94 0 0 2070431552 274787 0 4136048157
k16 v68 0 0 2070431551 274788 0 2368039965
k16 v90 0 0 2070431551 274789 0 1173357760
k1 v21 0 0 2070431552 274790 0 1546107767
k7 v53 0 0 2070431552 274791 0 199166104
k4 v68 0 0 2070431551 274792 0 2448718878
k1 v17 0 0 2070431552 274793 0 2285369218
k7 v44 0 0 2070431551 274794 0 2260327987
k18 v82 0 0 2070431552 274795 0 3731874390
k8 v12 0 0 2070431552 274796 0 1157659178
k5 v44 0 0 2070431552 274797 0 3465370106
k9 v76 0 0 2070431552 274798 0 4162868207
k13 v14 0 0 2070431552 274799 0 982368380
k1 v77 0 0 2070431552 274800 0 43354718
k3 v77 0 0 2070431552 274801 0 4128794870
k8 v95 0 0 2070431552 274802 0 2993175314
k0 v91 0 0 2070431552 274803 0 3844579884
k12 v20 0 0 2070431552 274804 0 1980831366
k3 v4 0 0 2070431552 274805 0 1347967287
k11 v92 0 0 2070431552 274806 0 2799743008
k2 v99 0 0 2070431552 274807 0 4043727475
k0 v14 0 0 2070431552 274808 0 145465998
k11 v94 0 0 2070431552 274809 0 2774217018
k17 v11 0 0 2070431552 274810 0 2531871575
k13 v57 0 0 2070431552 274811 0 427049707
k1 v90 0 0 2070431552 274812 0 65677512
k3 v26 0 0 2070431552 274813 0 766041120
k16 v17 0 0 2070431552 274814 0 3990223186
k6 v97 0 0 2070431552 274815 0 3679879218
k19 v93 0 0 2070431552 274816 0 3271336567
k11 v17 0 0 2070431553 274817 0 2095788705
k17 v72 0 0 2070431553 274818 0 3406727629
k17 v25 0 0 2070431552 274819 0 1926797732
k4 v55 0 0 2070431552 274820 0 3023331974
k18 v14 0 0 2070431552 274821 0 3493777368
k11 v37 0 0 2070431553 274822 0 3877534144
k4 v31 0 0 2070431553 274823 0 3949190980
k8 v25 0 0 2070431553 274824 0 1978713073
k15 v66 0 0 2070431550 274825 0 3469276436
k6 v5 0 0 2070431552 274826 0 1444876828
k19 v35 0 0 2070431552 274827 0 2629089457
k2 v16 0 0 2070431552 274828 0 746050437
k8 v67 0 0 2070431552 274829 0 3569602325
k18 v2 0 0 2070431553 274830 0 2369025454
k2 v31 0 0 2070431553 274831 0 895329675
k15 v5 0 0 2070431553 274832 0 2894880895
k19 v19 0 0 2070431553 274833 0 37890954
k19 v40 0 0 2070431552 274834 0 4097234690
k11 v43 0 0 2070431552 274835 0 1111353519
k13 v53 0 0 2070431553 274836 0 3623283589
k15 v39 0 0 2070431553 274837 0 2182024518
k9 v28 0 0 2070431553 274838 0 4121234099
k15 v68 0 0 2070431553 274839 0 4106788011
k1 v87 0 0 2070431553 274840 0 2233707826
k19 v42 0 0 2070431553 274841 0 2322219984
k7 v44 0 0 2070431553 274842 0 3263036877
k12 v10 0 0 2070431553 274843 0 2314054368
k9 v64 0 0 2070431553 274844 0 2643487338
k14 v81 0 0 2070431552 274845 0 563662380
k11 v34 0 0 2070431553 274846 0 676761020
k15 v99 0 0 2070431552 274847 0 2329678678
k6 v76 0 0 2070431553 274848 0 305204220
k1 v60 0 0 2070431553 274849 0 1718271064
k9 v62 0 0 2070431553 274850 0 2082297996
k8 v20 0 0 2070431552 274851 0 3941134768
k13 v13 0 0 2070431552 274852 0 1766086166
k10 v69 0 0 2070431553 274853 0 4108482706
k7 v52 0 0 2070431553 274854 0 2384211511
k16 v47 0 0 2070431553 274855 0 2991515508
k12 v90 0 0 2070431553 274856 0 3500817892
k9 v65 0 0 2070431553 274857 0 3524815064
k9 v40 0 0 2070431553 274858 0 2597234037
k12 v28 0 0 2070431553 274859 0 2483387404
k0 v16 0 0 2070431553 274860 0 3264946726
k4 v32 0 0 2070431553 274861 0 1911904464
k15 v78 0 0 2070431553 274862 0 2385314837
k8 v91 0 0 2070431553 274863 0 767139110
k17 v1 0 0 2070431553 274864 0 2627741643
k16 v11 0 0 2070431553 274865 0 3104326621
k8 v66 0 0 2070431553 274866 0 4255072478
k9 v57 0 0 2070431553 274867 0 1636705006
k16 v57 0 0 2070431553 274868 0 2591859966
k10 v8 0 0 2070431553 274869 0 3026946610
k12 v48 0 0 2070431553 274870 0 2961053421
k12 v74 0 0 2070431553 274871 0 21862564
k19 v85 0 0 2070431553 274872 0 1968047380
k3 v77 0 0 2070431553 274873 0 231414895
k16 v75 0 0 2070431553 274874 0 419558964
k5 v58 0 0 2070431553 274875 0 771799247
k10 v74 0 0 2070431553 274876 0 2744835466
k6 v27 0 0 2070431553 274877 0 2141918473
k18 v75 0 0 2070431552 274878 0 2490206458
k1 v31 0 0 2070431553 274879 0 2355674722
k4 v8 0 0 2070431553 274880 0 1501167615
k2 v7 0 0 2070431553 274881 0 1309467679
k18 v19 0 0 2070431553 274882 0 2357141502
k11 v66 0 0 2070431553 274883 0 467038516
k8 v73 0 0 2070431553 274884 0 1902599383
k2 v21 0 0 2070431553 274885 0 3267235056
k3 v10 0 0 2070431553 274886 0 1821969474
k14 v91 0 0 2070431553 274887 0 1237636810
k0 v73 0 0 2070431553 274888 0 3714797821
k4 v87 0 0 2070431552 274889 0 176071878
k0 v0 0 0 2070431554 274890 0 2466568547
k5 v0 0 0 2070431554 274891 0 3247841250
k1 v61 0 0 2070431553 274892 0 3894529414
k19 v61 0 0 2070431554 274893 0 4046256047
k4 v75 0 0 2070431554 274894 0 4272308377
k8 v27 0 0 2070431554 274895 0 2696241860
k13 v51 0 0 2070431554 274896 0 443158982
k9 v51 0 0 2070431554 274897 0 3828674847
k19 v97 0 0 2070431551 274898 0 2450404091
k13 v17 0 0 2070431554 274899 0 187208807
k5 v82 0 0 2070431554 274900 0 461707806
k16 v80 0 0 2070431552 274901 0 1924148286
k3 v76 0 0 2070431554 274902 0 3330371217
k3 v66 0 0 2070431552 274903 0 2251281865
k16 v54 0 0 2070431553 274904 0 626114031
k17 v6 0 0 2070431553 274905 0 3637423054
k16 v84 0 0 2070431554 274906 0 3044235303
k13 v45 0 0 2070431552 274907 0 2739150125
k15 v37 0 0 2070431554 274908 0 2890959563
k16 v93 0 0 2070431554 274909 0 1282761189
k2 v76 0 0 2070431552 274910 0 2825487735
k19 v41 0 0 2070431554 274911 0 2440143501
k17 v33 0 0 2070431551 274912 0 3169205922
k12 v4 0 0 2070431554 274913 0 81063466
k0 v47 0 0 2070431554 274914 0 4186252216
k11 v36 0 0 2070431554 274915 0 2097611876
k11 v62 0 0 2070431553 274916 0 2669753026
k18 v64 0 0 2070431554 274917 0 2467708605
k0 v65 0 0 2070431554 274918 0 2067405637
k12 v43 0 0 2070431554 274919 0 3845792786
k19 v72 0 0 2070431554 274920 0 1587274428
k12 v99 0 0 2070431554 274921 0 3496033838
k3 v6 0 0 2070431554 274922 0 2826961904
k15 v91 0 0 2070431554 274923 0 154473136
k1 v3 0 0 2070431554 274924 0 4211129833
k2 v73 0 0 2070431554 274925 0 985470707
k10 v70 0 0 2070431554 274926 0 1506122308
k7 v69 0 0 2070431553 274927 0 1370363279
k8 v65 0 0 2070431554 274928 0 2043012666
k19 v69 0 0 2070431553 274929 0 674514954
k14 v74 0 0 2070431554 274930 0 1089215807
k13 v0 0 0 2070431554 274931 0 1822676831
k11 v76 0 0 2070431554 274932 0 591086198
k8 v83 0 0 2070431554 274933 0 3424634019
k17 v29 0 0 2070431554 274934 0 1763139726
k1 v18 0 0 2070431554 274935 0 2312493895
k8 v37 0 0 2070431554 274936 0 2708033578
k13 v75 0 0 2070431554 274937 0 477308944
k13 v74 0 0 2070431554 274938 0 4270591897
k14 v65 0 0 2070431554 274939 0 1804803758
k11 v2 0 0 2070431554 274940 0 2489929623
k3 v79 0 0 2070431554 274941 0 2520442287
k8 v43 0 0 2070431554 274942 0 3879792298
k3 v96 0 0 2070431553 274943 0 26866341
k17 v35 0 0 2070431554 274944 0 548718718
k9 v13 0 0 2070431553 274945 0 3029605509
k8 v58 0 0 2070431554 274946 0 780415816
k12 v10 0 0 2070431554 274947 0 1610088856
k19 v8 0 0 2070431553 274948 0 3089320632
k8 v33 0 0 2070431554 274949 0 1834201401
k12 v46 0 0 2070431554 274950 0 410773400
k0 v52 0 0 2070431554 274951 0 933964960
k13 v68 0 0 2070431554 274952 0 1275209172
k9 v40 0 0 2070431554 274953 0 3410170562
k3 v63 0 0 2070431554 274954 0 574642301
k9 v80 0 0 2070431555 274955 0 1723381783
k1 v30 0 0 2070431555 274956 0 331359079
k18 v15 0 0 2070431555 274957 0 1412770785
k1 v8 0 0 2070431555 274958 0 2887942022
k13 v39 0 0 2070431555 274959 0 2333622498
k9 v99 0 0 2070431552 274960 0 1948947832
k17 v44 0 0 2070431554 274961 0 1388795211
k6 v31 0 0 2070431554 274962 0 2862545740
k19 v80 0 0 2070431554 274963 0 4100251649
k15 v13 0 0 2070431555 274964 0 1659589583
k2 v7 0 0 2070431555 274965 0 1580032755
k13 v72 0 0 2070431555 274966 0 776830391
k17 v34 0 0 2070431555 274967 0 2714792971
k8 v7 0 0 2070431555 274968 0 2089874238
k0 v31 0 0 2070431554 274969 0 2761969917
k6 v49 0 0 2070431555 274970 0 2717688717
k7 v33 0 0 2070431555 274971 0 493248126
k15 v38 0 0 2070431553 274972 0 631901692
k0 v61 0 0 2070431554 274973 0 3534640485
k12 v32 0 0 2070431554 274974 0 1486461939
k12 v88 0 0 2070431555 274975 0 2228322695
k17 v72 0 0 2070431555 274976 0 802403859
k19 v60 0 0 2070431555 274977 0 2393850652
k18 v55 0 0 2070431555 274978 0 3268470779
k13 v73 0 0 2070431554 274979 0 31076503
k19 v14 0 0 2070431555 274980 0 3988324327
k1 v1 0 0 2070431555 274981 0 2374285928
k14 v6 0 0 2070431555 274982 0 1720436854
k3 v89 0 0 2070431555 274983 0 766112249
k17 v99 0 0 2070431555 274984 0 4144235620
k10 v90 0 0 2070431554 274985 0 2897232097
k16 v18 0 0 2070431554 274986 0 3531521692
k12 v52 0 0 2070431555 274987 0 1115654741
k18 v65 0 0 2070431555 274988 0 2995921445
k5 v8 0 0 2070431555 274989 0 3779088020
k13 v72 0 0 2070431555 274990 0 1934335244
k15 v26 0 0 2070431555 274991 0 1146401355
k4 v80 0 0 2070431555 274992 0 3145064405
k7 v38 0 0 2070431555 274993 0 398232206
k9 v48 0 0 2070431555 274994 0 3697912653
k19 v75 0 0 2070431555 274995 0 39280405
k15 v20 0 0 2070431555 274996 0 2402728281
k5 v38 0 0 2070431555 274997 0 2655427683
k4 v78 0 0 2070431555 274998 0 2421452483
k2 v45 0 0 2070431555 274999 0 2848631222
k0 v64 0 0 2070431555 275000 0 1535420056
k11 v86 0 0 2070431555 275001 0 3397863014
k8 v39 0 0 2070431555 275002 0 1383663284
k11 v70 0 0 2070431555 275003 0 814167583
k12 v71 0 0 2070431555 275004 0 1816437411
k4 v21 0 0 2070431555 275005 0 534521834
k15 v52 0 0 2070431555 275006 0 1671828536
k19 v29 0 0 2070431555 275007 0 567139052
k14 v95 0 0 2070431554 275008 0 2092136610
k1 v67 0 0 2070431554 275009 0 1916189265
k16 v27 0 0 2070431555 275010 0 11974387
k0 v45 0 0 2070431555 275011 0 3271477205
k14 v3 0 0 2070431555 275012 0 45630940
k4 v13 0 0 2070431554 275013 0 893263530
k2 v62 0 0 2070431555 275014 0 1470056343
k3 v17 0 0 2070431555 275015 0 2543503941
k15 v15 0 0 2070431555 275016 0 2446973991
k5 v23 0 0 2070431555 275017 0 2106962695
k19 v45 0 0 2070431555 275018 0 2191299641
k8 v54 0 0 2070431555 275019 0 4028872227
k7 v79 0 0 2070431555 275020 0 120745835
k16 v22 0 0 2070431556 275021 0 3203329559
k12 v32 0 0 2070431553 275022 0 1118147005
k7 v21 0 0 2070431555 275023 0 1021799743
k17 v19 0 0 2070431555 275024 0 2668228350
k5 v83 0 0 2070431556 275025 0 39608372
k1 v23 0 0 2070431555 275026 0 1721015692
k18 v88 0 0 2070431554 275027 0 3519141765
k17 v45 0 0 2070431555 275028 0 1839799100
k3 v15 0 0 2070431555 275029 0 4087827868
k4 v38 0 0 2070431555 275030 0 126550940
k0 v84 0 0 2070431555 275031 0 2467702064
k9 v64 0 0 2070431555 275032 0 4030649265
k2 v98 0 0 2070431555 275033 0 5909038
k14 v89 0 0 2070431555 275034 0 1376139036
k4 v33 0 0 2070431556 275035 0 3321981762
k17 v97 0 0 2070431556 275036 0 511222713
k19 v45 0 0 2070431556 275037 0 2282707835
k7 v53 0 0 2070431556 275038 0 4084673012
k15 v13 0 0 2070431556 275039 0 527011504
k14 v77 0 0 2070431556 275040 0 3896977207
k13 v10 0 0 2070431554 275041 0 3535350512
k2 v46 0 0 2070431555 275042 0 2905065694
k18 v1 0 0 2070431556 275043 0 3167449625
k0 v94 0 0 2070431556 275044 0 4202382221
k12 v6 0 0 2070431556 275045 0 2630261900
k15 v33 0 0 2070431555 275046 0 4160062052
k19 v89 0 0 2070431553 275047 0 563966908
k17 v59 0 0 2070431556 275048 0 2873613848
k5 v43 0 0 2070431556 275049 0 2641321543
k19 v13 0 0 2070431555 275050 0 1145875485
k16 v97 0 0 2070431554 275051 0 2363663461
k18 v18 0 0 2070431556 275052 0 1374992592
k5 v97 0 0 2070431555 275053 0 250723859
k5 v78 0 0 2070431555 275054 0 4007679045
k4 v81 0 0 2070431556 275055 0 1454303977
k14 v31 0 0 2070431555 275056 0 2810868747
k1 v83 0 0 2070431556 275057 0 897168800
k14 v88 0 0 2070431556 275058 0 299251719
k11 v2 0 0 2070431556 275059 0 1176829870
k19 v95 0 0 2070431556 275060 0 1767145732
k12 v17 0 0 2070431556 275061 0 3912218020
k15 v90 0 0 2070431556 275062 0 1879953708
k6 v41 0 0 2070431556 275063 0 3626970386
k1 v76 0 0 2070431556 275064 0 2072839947
k17 v74 0 0 2070431556 275065 0 1341682667
k13 v77 0 0 2070431556 275066 0 3407924337
k1 v96 0 0 2070431556 275067 0 2205112440
k6 v26 0 0 2070431556 275068 0 748836748
k12 v93 0 0 2070431556 275069 0 1256840579
k18 v27 0 0 2070431556 275070 0 1741159678
k6 v24 0 0 2070431556 275071 0 913109118
k10 v41 0 0 2070431556 275072 0 659965257
k1 v41 0 0 2070431556 275073 0 2941575051
k19 v30 0 0 2070431556 275074 0 3863410211
k9 v42 0 0 2070431555 275075 0 3633410306
k14 v41 0 0 2070431556 275076 0 1130766814
k11 v55 0 0 2070431556 275077 0 275067679
k3 v50 0 0 2070431556 275078 0 1535864177
k2 v40 0 0 2070431556 275079 0 1178154362
k8 v50 0 0 2070431556 275080 0 3998407263
k5 v37 0 0 2070431554 275081 0 964904791
k16 v60 0 0 2070431556 275082 0 1080248885
k10 v82 0 0 2070431556 275083 0 2914218802
k9 v11 0 0 2070431556 275084 0 1725155954
k18 v41 0 0 2070431556 275085 0 1676859285
k2 v38 0 0 2070431556 275086 0 1052851810
k5 v51 0 0 2070431556 275087 0 1608679359
k0 v52 0 0 2070431557 275088 0 542532963
k3 v27 0 0 2070431557 275089 0 231029592
k3 v93 0 0 2070431557 275090 0 3452209898
k13 v36 0 0 2070431557 275091 0 873013992
k13 v96 0 0 2070431556 275092 0 314079678
k0 v56 0 0 2070431556 275093 0 1076313432
k16 v89 0 0 2070431556 275094 0 1015572160
k12 v93 0 0 2070431556 275095 0 3976254898
k16 v76 0 0 2070431557 275096 0 4070505427
k0 v26 0 0 2070431556 275097 0 1303150084
k12 v90 0 0 2070431557 275098 0 1001252523
k19 v35 0 0 2070431557 275099 0 3193337317
k1 v20 0 0 2070431557 275100 0 1719321526
k14 v71 0 0 2070431556 275101 0 3402253338
k2 v86 0 0 2070431556 275102 0 2870349129
k13 v9 0 0 2070431556 275103 0 513728594
k14 v34 0 0 2070431557 275104 0 1113875557
k9 v8 0 0 2070431556 275105 0 3495945116
k5 v66 0 0 2070431557 275106 0 2795920589
k14 v30 0 0 2070431557 275107 0 665115903
k10 v16 0 0 2070431556 275108 0 204340629
k14 v33 0 0 2070431557 275109 0 378453179
k6 v2 0 0 2070431557 275110 0 3956262158
k4 v16 0 0 2070431556 275111 0 3592145967
k19 v91 0 0 2070431556 275112 0 2826729791
k16 v98 0 0 2070431557 275113 0 4084301468
k6 v41 0 0 2070431557 275114 0 3862416043
k14 v71 0 0 2070431556 275115 0 2942626601
k6 v67 0 0 2070431556 275116 0 2018259999
k12 v81 0 0 2070431556 275117 0 1015903487
k11 v29 0 0 2070431557 275118 0 1572310826
k9 v88 0 0 2070431557 275119 0 3928919895
k4 v41 0 0 2070431557 275120 0 1837851167
k17 v68 0 0 2070431557 275121 0 342345661
k4 v32 0 0 2070431556 275122 0 1431948177
k3 v4 0 0 2070431556 275123 0 3248767519
k0 v57 0 0 2070431557 275124 0 306321603
k0 v44 0 0 2070431557 275125 0 992667606
k0 v83 0 0 2070431557 275126 0 3326615371
k11 v5 0 0 2070431557 275127 0 1220150733
k15 v49 0 0 2070431557 275128 0 2844824870
k13 v44 0 0 2070431557 275129 0 3943747760
k6 v52 0 0 2070431557 275130 0 2980844949
k9 v47 0 0 2070431556 275131 0 2790108227
k4 v50 0 0 2070431557 275132 0 2764231282
k5 v42 0 0 2070431557 275133 0 1941896437
k18 v62 0 0 2070431557 275134 0 1237787257
k16 v2 0 0 2070431555 275135 0 3187053270
k11 v31 0 0 2070431557 275136 0 3266388966
k14 v16 0 0 2070431557 275137 0 1158020622
k15 v25 0 0 2070431556 275138 0 1106495394
k6 v45 0 0 2070431557 275139 0 519080913
k15 v85 0 0 2070431558 275140 0 1490632982
k8 v88 0 0 2070431558 275141 0 1718566860
k6 v25 0 0 2070431557 275142 0 242631001
k2 v45 0 0 2070431558 275143 0 942458593
k9 v99 0 0 2070431555 275144 0 3788737620
k15 v92 0 0 2070431557 275145 0 2182120178
k0 v61 0 0 2070431558 275146 0 48499561
k8 v80 0 0 2070431558 275147 0 2918076152
k13 v4 0 0 2070431557 275148 0 2157483894
k8 v57 0 0 2070431557 275149 0 2748864794
k3 v47 0 0 2070431558 275150 0 1132356429
k7 v14 0 0 2070431558 275151 0 2025011568
k16 v57 0 0 2070431558 275152 0 2144831553
k5 v90 0 0 2070431558 275153 0 3423365684
k17 v80 0 0 2070431558 275154 0 4218154451
k18 v39 0 0 2070431558 275155 0 840982907
k1 v14 0 0 2070431557 275156 0 51957601
k0 v38 0 0 2070431556 275157 0 2049452284
k19 v86 0 0 2070431557 275158 0 3886947578
k18 v0 0 0 2070431558 275159 0 2411183797
k7 v6 0 0 2070431558 275160 0 1852133054
k9 v18 0 0 2070431558 275161 0 1152420766
k3 v73 0 0 2070431553 275162 0 462932602
k8 v46 0 0 2070431556 275163 0 1822743992
k16 v30 0 0 2070431558 275164 0 1018311371
k2 v47 0 0 2070431557 275165 0 2115817769
k19 v23 0 0 2070431557 275166 0 2446808889
k15 v88 0 0 2070431558 275167 0 2722956562
k17 v2 0 0 2070431558 275168 0 2193514337
k13 v71 0 0 2070431558 275169 0 1705850940
k12 v43 0 0 2070431556 275170 0 2323965387
k10 v99 0 0 2070431558 275171 0 2487696188
k5 v27 0 0 2070431558 275172 0 1765515805
k17 v24 0 0 2070431558 275173 0 947211304
k16 v3 0 0 2070431556 275174 0 1208760302
k9 v3 0 0 2070431558 275175 0 4075322451
k1 v1 0 0 2070431557 275176 0 1936223664
k15 v9 0 0 2070431557 275177 0 3253103053
k5 v76 0 0 2070431558 275178 0 2073097972
k17 v69 0 0 2070431558 275179 0 1714595508
k5 v65 0 0 2070431558 275180 0 2288448917
k10 v26 0 0 2070431558 275181 0 3177744309
k2 v4 0 0 2070431558 275182 0 3616178298
k7 v16 0 0 2070431558 275183 0 2291383853
k16 v25 0 0 2070431558 275184 0 2189184064
k2 v36 0 0 2070431558 275185 0 2703381393
k4 v50 0 0 2070431558 275186 0 366733883
k5 v11 0 0 2070431558 275187 0 3761049171
k3 v48 0 0 2070431558 275188 0 4292872759
k13 v93 0 0 2070431558 275189 0 1983016714
k0 v91 0 0 2070431558 275190 0 276017298
k10 v94 0 0 2070431558 275191 0 680005787
k15 v38 0 0 2070431558 275192 0 2324315647
k14 v87 0 0 2070431558 275193 0 714153438
k12 v34 0 0 2070431558 275194 0 2036285244
k14 v49 0 0 2070431558 275195 0 1379466482
k9 v23 0 0 2070431558 275196 0 1237402623
k0 v3 0 0 2070431557 275197 0 3171640247
k7 v18 0 0 2070431557 275198 0 2860340250
k18 v26 0 0 2070431558 275199 0 1959404716
k3 v59 0 0 2070431558 275200 0 3508717233
k7 v78 0 0 2070431558 275201 0 1237740632
k5 v96 0 0 2070431558 275202 0 1162521509
k6 v16 0 0 2070431558 275203 0 256289455
k13 v52 0 0 2070431558 275204 0 2371279258
k7 v50 0 0 2070431558 275205 0 1421180563
k9 v85 0 0 2070431558 275206 0 296763968
k3 v38 0 0 2070431558 275207 0 221867766
k4 v25 0 0 2070431559 275208 0 423194426
k2 v55 0 0 2070431558 275209 0 1218816711
k17 v84 0 0 2070431558 275210 0 3294020796
k7 v83 0 0 2070431559 275211 0 4207481511
k19 v25 0 0 2070431559 275212 0 1944626353
k10 v13 0 0 2070431558 275213 0 3266192298
k18 v82 0 0 2070431559 275214 0 2662549371
k7 v21 0 0 2070431558 275215 0 1509403066
k5 v22 0 0 2070431559 275216 0 4233061572
k1 v4 0 0 2070431557 275217 0 1472290738
k15 v94 0 0 2070431559 275218 0 2993233501
k5 v33 0 0 2070431558 275219 0 1304477773
k8 v82 0 0 2070431558 275220 0 1046052335
k18 v76 0 0 2070431559 275221 0 3816450320
k5 v65 0 0 2070431559 275222 0 1775812017
k12 v1 0 0 2070431558 275223 0 2429959058
k0 v85 0 0 2070431558 275224 0 3150470494
k14 v1 0 0 2070431558 275225 0 3028141716
k6 v21 0 0 2070431559 275226 0 658878058
k14 v29 0 0 2070431557 275227 0 1374931221
k9 v49 0 0 2070431559 275228 0 2753596184
k11 v25 0 0 2070431558 275229 0 1581875355
k8 v12 0 0 2070431558 275230 0 2243140912
k13 v63 0 0 2070431559 275231 0 548678333
k15 v16 0 0 2070431559 275232 0 2755550531
k1 v27 0 0 2070431559 275233 0 2842309987
k11 v7 0 0 2070431558 275234 0 1661925367
k1 v93 0 0 2070431559 275235 0 4013027881
k13 v42 0 0 2070431559 275236 0 3998647873
k8 v10 0 0 2070431558 275237 0 3964283
k6 v20 0 0 2070431559 275238 0 3714306709
k13 v28 0 0 2070431559 275239 0 3370532726
k10 v49 0 0 2070431559 275240 0 4191458567
k19 v88 0 0 2070431558 275241 0 3854777249
k2 v36 0 0 2070431559 275242 0 963023682
k2 v46 0 0 2070431558 275243 0 2234524869
k19 v16 0 0 2070431559 275244 0 4157476597
k11 v90 0 0 2070431559 275245 0 1337845809
k13 v37 0 0 2070431559 275246 0 2843002499
k17 v24 0 0 2070431559 275247 0 2151716869
k13 v75 0 0 2070431559 275248 0 4022376762
k0 v99 0 0 2070431559 275249 0 2326651210
k4 v42 0 0 2070431559 275250 0 3226633356
k11 v55 0 0 2070431559 275251 0 915577552
k5 v83 0 0 2070431559 275252 0 997931601
k14 v49 0 0 2070431559 275253 0 3546746208
k15 v81 0 0 2070431559 275254 0 2911218188
k13 v43 0 0 2070431559 275255 0 2761003638
k1 v7 0 0 2070431559 275256 0 4092631511
k1 v27 0 0 2070431558 275257 0 86084683
k2 v22 0 0 2070431559 275258 0 326924600
k13 v62 0 0 2070431556 275259 0 1353184749
k9 v89 0 0 2070431559 275260 0 1559995393
k4 v93 0 0 2070431559 275261 0 381271681
k2 v35 0 0 2070431559 275262 0 2504723174
k19 v15 0 0 2070431559 275263 0 346161558
k16 v92 0 0 2070431558 275264 0 637526946
k2 v66 0 0 2070431559 275265 0 4169160398
k5 v10 0 0 2070431558 275266 0 2222622384
k10 v27 0 0 2070431558 275267 0 2524879249
k16 v24 0 0 2070431558 275268 0 1401273070
k14 v67 0 0 2070431559 275269 0 3606188457
k17 v34 0 0 2070431558 275270 0 2654417819
k18 v69 0 0 2070431559 275271 0 116676676
k9 v52 0 0 2070431559 275272 0 4121737631
k16 v37 0 0 2070431559 275273 0 1298843608
k10 v11 0 0 2070431559 275274 0 2399584205
k4 v4 0 0 2070431559 275275 0 1064936560
k0 v50 0 0 2070431559 275276 0 3234112485
k18 v34 0 0 2070431560 275277 0 1293834660
k5 v35 0 0 2070431559 275278 0 417272053
k19 v60 0 0 2070431559 275279 0 2917324140
k17 v1 0 0 2070431559 275280 0 827267801
k9 v21 0 0 2070431559 275281 0 328427251
k16 v66 0 0 2070431560 275282 0 2443913769
k11 v65 0 0 2070431559 275283 0 2002971106
k17 v90 0 0 2070431560 275284 0 2494854528
k9 v83 0 0 2070431559 275285 0 2080890224
k1 v49 0 0 2070431559 275286 0 932012134
k19 v82 0 0 2070431560 275287 0 134144525
k19 v40 0 0 2070431560 275288 0 2107868547
k11 v90 0 0 2070431559 275289 0 3927072345
k12 v19 0 0 2070431560 275290 0 3078321526
k9 v13 0 0 2070431560 275291 0 2235817797
k16 v65 0 0 2070431560 275292 0 1069551060
k13 v95 0 0 2070431559 275293 0 3609452306
k18 v24 0 0 2070431559 275294 0 3585442589
k7 v19 0 0 2070431559 275295 0 2106305741
k1 v31 0 0 2070431559 275296 0 3262339771
k13 v80 0 0 2070431560 275297 0 568159865
k7 v63 0 0 2070431560 275298 0 3491091208
k16 v44 0 0 2070431560 275299 0 1570237988
k9 v73 0 0 2070431560 275300 0 3708335912
k4 v46 0 0 2070431559 275301 0 701758234
k1 v6 0 0 2070431560 275302 0 1783555573
k11 v8 0 0 2070431560 275303 0 4386653
k10 v55 0 0 2070431559 275304 0 1860248015
k2 v43 0 0 2070431560 275305 0 2906504085
k14 v6 0 0 2070431560 275306 0 793028543
k8 v46 0 0 2070431559 275307 0 2137833001
k15 v22 0 0 2070431559 275308 0 3520595279
k15 v49 0 0 2070431558 275309 0 3223759406
k7 v99 0 0 2070431559 275310 0 2476828451
k8 v79 0 0 2070431560 275311 0 163030708
k13 v31 0 0 2070431560 275312 0 3515751474
k16 v77 0 0 2070431560 275313 0 3311468378
k9 v80 0 0 2070431560 275314 0 1528486655
k16 v37 0 0 2070431560 275315 0 2177064039
k14 v13 0 0 2070431560 275316 0 3981522537
k5 v23 0 0 2070431560 275317 0 508374600
k1 v98 0 0 2070431560 275318 0 4111959033
k4 v5 0 0 2070431559 275319 0 1251658733
k3 v34 0 0 2070431560 275320 0 3223212449
k4 v21 0 0 2070431560 275321 0 468495311
k9 v41 0 0 2070431560 275322 0 1567290795
k19 v68 0 0 2070431560 275323 0 1382246708
k18 v14 0 0 2070431560 275324 0 1015066260
k8 v48 0 0 2070431560 275325 0 1910793292
k7 v27 0 0 2070431560 275326 0 2792069600
k3 v54 0 0 2070431560 275327 0 2036515488
k13 v60 0 0 2070431560 275328 0 3244553858
k12 v79 0 0 2070431560 275329 0 611140477
k0 v71 0 0 2070431560 275330 0 2387269135
k19 v29 0 0 2070431560 275331 0 369712764
k18 v9 0 0 2070431561 275332 0 481892701
k16 v6 0 0 2070431561 275333 0 2995725501
k8 v78 0 0 2070431560 275334 0 304332249
k3 v71 0 0 2070431560 275335 0 2245532535
k7 v23 0 0 2070431560 275336 0 3913554062
k10 v54 0 0 2070431560 275337 0 70242557
k6 v33 0 0 2070431560 275338 0 1936612426
k11 v13 0 0 2070431559 275339 0 3567293025
k1 v53 0 0 2070431560 275340 0 1048337839
k10 v44 0 0 2070431561 275341 0 72016638
k19 v20 0 0 2070431561 275342 0 209581648
k3 v88 0 0 2070431560 275343 0 1650772142
k15 v31 0 0 2070431560 275344 0 1825901349
k8 v36 0 0 2070431561 275345 0 3386692959
k4 v40 0 0 2070431561 275346 0 265322404
k18 v95 0 0 2070431560 275347 0 1404416981
k8 v24 0 0 2070431560 275348 0 3855376030
k11 v17 0 0 2070431561 275349 0 1969899725
k14 v85 0 0 2070431560 275350 0 2181639694
k15 v60 0 0 2070431560 275351 0 4163119412
k10 v94 0 0 2070431559 275352 0 1813803561
k19 v29 0 0 2070431561 275353 0 3961012434
k11 v84 0 0 2070431561 275354 0 3565656981
k7 v36 0 0 2070431561 275355 0 3189662944
k14 v59 0 0 2070431561 275356 0 1662925486
k17 v45 0 0 2070431561 275357 0 1074564263
k4 v73 0 0 2070431560 275358 0 2290939818
k2 v25 0 0 2070431561 275359 0 3120017151
k19 v34 0 0 2070431560 275360 0 542255333
k18 v73 0 0 2070431561 275361 0 2636992966
k11 v59 0 0 2070431560 275362 0 1387334186
k15 v30 0 0 2070431561 275363 0 2312991316
k12 v11 0 0 2070431561 275364 0 830883334
k10 v72 0 0 2070431560 275365 0 1345711164
k4 v35 0 0 2070431561 275366 0 1312423309
k12 v33 0 0 2070431560 275367 0 4161495722
k3 v80 0 0 2070431561 275368 0 3546616615
k14 v9 0 0 2070431561 275369 0 476362621
k10 v47 0 0 2070431560 275370 0 2081693874
k12 v49 0 0 2070431560 275371 0 2439088509
k18 v21 0 0 2070431561 275372 0 4029651355
k18 v22 0 0 2070431561 275373 0 1184752912
k5 v8 0 0 2070431561 275374 0 2963835919
k15 v82 0 0 2070431561 275375 0 1248281340
k0 v18 0 0 2070431560 275376 0 3516412263
k4 v73 0 0 2070431561 275377 0 3225042837
k19 v8 0 0 2070431561 275378 0 2467301005
k19 v23 0 0 2070431561 275379 0 1114037256
k7 v13 0 0 2070431561 275380 0 83874452
k0 v0 0 0 2070431560 275381 0 3699056283
k17 v39 0 0 2070431560 275382 0 1138249884
k8 v65 0 0 2070431561 275383 0 3021357394
k9 v65 0 0 2070431561 275384 0 1612987713
k9 v98 0 0 2070431561 275385 0 2205910403
k16 v56 0 0 2070431561 275386 0 4207872565
k6 v67 0 0 2070431561 275387 0 4157064070
k2 v50 0 0 2070431561 275388 0 3931724458
k7 v88 0 0 2070431561 275389 0 1567062093
k4 v27 0 0 2070431561 275390 0 1177282596
k4 v44 0 0 2070431562 275391 0 2284557962
k2 v59 0 0 2070431561 275392 0 3922212323
k14 v11 0 0 2070431561 275393 0 2555504006
k12 v91 0 0 2070431561 275394 0 522717261
k2 v34 0 0 2070431561 275395 0 3873808463
k7 v61 0 0 2070431560 275396 0 1021636463
k17 v44 0 0 2070431562 275397 0 2734573926
k0 v37 0 0 2070431561 275398 0 292831265
k13 v54 0 0 2070431561 275399 0 762593542
k8 v25 0 0 2070431561 275400 0 503742251
k13 v10 0 0 2070431559 275401 0 3252093098
k4 v83 0 0 2070431562 275402 0 3880742177
k3 v69 0 0 2070431562 275403 0 204957760
k2 v42 0 0 2070431562 275404 0 246648406
k16 v87 0 0 2070431561 275405 0 2408613346
k10 v48 0 0 2070431562 275406 0 2355945044
k7 v28 0 0 2070431562 275407 0 530133802
k3 v87 0 0 2070431562 275408 0 636810844
k0 v76 0 0 2070431562 275409 0 1668827720
k13 v49 0 0 2070431562 275410 0 3363180958
k3 v99 0 0 2070431561 275411 0 4250527800
k9 v68 0 0 2070431561 275412 0 304717660
k3 v30 0 0 2070431562 275413 0 2020239526
k5 v74 0 0 2070431561 275414 0 142238746
k8 v68 0 0 2070431561 275415 0 3323716431
k10 v73 0 0 2070431562 275416 0 3301092856
k11 v19 0 0 2070431561 275417 0 1762514038
k10 v95 0 0 2070431563 275418 0 3238465933
k16 v8 0 0 2070431562 275419 0 1095003236
k13 v62 0 0 2070431561 275420 0 2450076193
k19 v80 0 0 2070431561 275421 0 2134698387
k5 v71 0 0 2070431561 275422 0 2011999706
k16 v2 0 0 2070431562 275423 0 4009269897
k3 v11 0 0 2070431563 275424 0 2019850909
k0 v43 0 0 2070431561 275425 0 307397685
k17 v36 0 0 2070431563 275426 0 1172594485
k11 v75 0 0 2070431563 275427 0 207967615
k9 v31 0 0 2070431563 275428 0 3711607843
k3 v86 0 0 2070431563 275429 0 2527471787
k0 v59 0 0 2070431563 275430 0 3826073242
k6 v94 0 0 2070431563 275431 0 2441508545
k5 v41 0 0 2070431562 275432 0 2210349805
k14 v73 0 0 2070431560 275433 0 4165479229
k7 v27 0 0 2070431563 275434 0 2261233167
k6 v48 0 0 2070431562 275435 0 1118240995
k17 v35 0 0 2070431561 275436 0 2846523317
k6 v79 0 0 2070431561 275437 0 3764902951
k17 v21 0 0 2070431562 275438 0 1754348831
k10 v72 0 0 2070431563 275439 0 3910360705
k6 v37 0 0 2070431562 275440 0 803673178
k12 v8 0 0 2070431563 275441 0 526235417
k8 v29 0 0 2070431562 275442 0 1988136829
k19 v78 0 0 2070431563 275443 0 3664554306
k16 v93 0 0 2070431563 275444 0 43021253
k3 v87 0 0 2070431563 275445 0 1543053395
k5 v44 0 0 2070431563 275446 0 96223725
k4 v58 0 0 2070431562 275447 0 127018131
k18 v17 0 0 2070431563 275448 0 675934138
k5 v18 0 0 2070431563 275449 0 3694258156
k12 v34 0 0 2070431563 275450 0 1192285181
k8 v43 0 0 2070431563 275451 0 837620719
k17 v6 0 0 2070431563 275452 0 1740845642
k13 v94 0 0 2070431563 275453 0 913859297
k14 v79 0 0 2070431563 275454 0 1780377237
k5 v65 0 0 2070431563 275455 0 2934981154
k4 v82 0 0 2070431563 275456 0 740643094
k18 v40 0 0 2070431563 275457 0 3262429428
k13 v18 0 0 2070431563 275458 0 591957943
k19 v33 0 0 2070431563 275459 0 30061628
k1 v9 0 0 2070431562 275460 0 4288197664
k16 v82 0 0 2070431561 275461 0 3304844363
k5 v14 0 0 2070431563 275462 0 4017608610
k3 v41 0 0 2070431563 275463 0 3171926947
k1 v79 0 0 2070431563 275464 0 4179481308
k18 v13 0 0 2070431563 275465 0 3499011776
k8 v18 0 0 2070431563 275466 0 3283822380
k2 v11 0 0 2070431563 275467 0 3476253526
k15 v16 0 0 2070431563 275468 0 3577481459
k11 v94 0 0 2070431563 275469 0 591914971
k4 v42 0 0 2070431563 275470 0 1324363571
k4 v62 0 0 2070431563 275471 0 3006209807
k7 v90 0 0 2070431563 275472 0 1748798547
k18 v52 0 0 2070431563 275473 0 4035468428
k15 v55 0 0 2070431563 275474 0 3306906809
k15 v69 0 0 2070431563 275475 0 1948838640
k10 v89 0 0 2070431563 275476 0 400948932
k7 v90 0 0 2070431563 275477 0 357267478
k12 v97 0 0 2070431563 275478 0 3805464666
k5 v92 0 0 2070431563 275479 0 2895180029
k17 v38 0 0 2070431564 275480 0 219430683
k15 v72 0 0 2070431564 275481 0 3161815350
k12 v95 0 0 2070431563 275482 0 3652129121
k9 v58 0 0 2070431562 275483 0 4050784402
k13 v66 0 0 2070431563 275484 0 4147814103
k19 v57 0 0 2070431563 275485 0 494372604
k16 v31 0 0 2070431563 275486 0 843355812
k17 v16 0 0 2070431563 275487 0 3048008415
k18 v5 0 0 2070431563 275488 0 3871808537
k9 v43 0 0 2070431563 275489 0 1788862560
k9 v32 0 0 2070431564 275490 0 3168437529
k1 v88 0 0 2070431564 275491 0 2894191829
k4 v17 0 0 2070431564 275492 0 3660856984
k17 v75 0 0 2070431562 275493 0 1161563518
k17 v23 0 0 2070431564 275494 0 3306326222
k1 v18 0 0 2070431564 275495 0 1925550905
k19 v37 0 0 2070431564 275496 0 3412112343
k12 v5 0 0 2070431564 275497 0 4249586808
k18 v81 0 0 2070431564 275498 0 341795533
k15 v90 0 0 2070431563 275499 0 1722477100
k4 v64 0 0 2070431563 275500 0 2481242747
k14 v59 0 0 2070431564 275501 0 1193230138
k9 v64 0 0 2070431563 275502 0 977578136
k0 v0 0 0 2070431563 275503 0 1270511006
k19 v23 0 0 2070431564 275504 0 2668422520
k5 v4 0 0 2070431564 275505 0 306300824
k3 v20 0 0 2070431564 275506 0 3856014248
k2 v9 0 0 2070431564 275507 0 4093615607
k15 v63 0 0 2070431564 275508 0 564481146
k6 v31 0 0 2070431564 275509 0 64812280
k3 v43 0 0 2070431563 275510 0 3776943884
k12 v76 0 0 2070431564 275511 0 860640811
k9 v96 0 0 2070431563 275512 0 3177003789
k6 v94 0 0 2070431564 275513 0 307080785
k3 v96 0 0 2070431564 275514 0 216859997
k7 v31 0 0 2070431564 275515 0 903363351
k14 v19 0 0 2070431564 275516 0 459655025
k13 v33 0 0 2070431564 275517 0 3340160989
k15 v68 0 0 2070431564 275518 0 303414581
k7 v57 0 0 2070431564 275519 0 3950242824
k5 v27 0 0 2070431564 275520 0 3162946729
k7 v72 0 0 2070431564 275521 0 4003596603
k5 v54 0 0 2070431564 275522 0 1224611257
k18 v33 0 0 2070431561 275523 0 2676015359
k9 v9 0 0 2070431564 275524 0 1533907226
k3 v17 0 0 2070431564 275525 0 1462089845
k3 v44 0 0 2070431564 275526 0 1585586521
k19 v56 0 0 2070431561 275527 0 3173530358
k6 v1 0 0 2070431564 275528 0 3063484644
k17 v88 0 0 2070431564 275529 0 923921780
k6 v42 0 0 2070431564 275530 0 370555514
k8 v8 0 0 2070431564 275531 0 1435980014
k10 v28 0 0 2070431564 275532 0 1655229997
k8 v59 0 0 2070431564 275533 0 2111848451
k6 v71 0 0 2070431563 275534 0 2886220110
k17 v94 0 0 2070431564 275535 0 3599398458
k2 v38 0 0 2070431565 275536 0 2991069847
k16 v78 0 0 2070431565 275537 0 3013398441
k2 v40 0 0 2070431564 275538 0 341665645
k8 v98 0 0 2070431564 275539 0 3580075522
k16 v10 0 0 2070431565 275540 0 2457115807
k5 v24 0 0 2070431564 275541 0 247053456
k10 v35 0 0 2070431564 275542 0 1315724699
k13 v81 0 0 2070431565 275543 0 4248384949
k1 v39 0 0 2070431563 275544 0 1356621164
k8 v18 0 0 2070431565 275545 0 2512506467
k1 v45 0 0 2070431565 275546 0 508868058
k6 v97 0 0 2070431565 275547 0 334095594
k3 v89 0 0 2070431565 275548 0 2306636699
k10 v69 0 0 2070431565 275549 0 1059536384
k16 v15 0 0 2070431564 275550 0 1955997225
k19 v93 0 0 2070431564 275551 0 3126614083
k10 v45 0 0 2070431565 275552 0 3940790634
k3 v50 0 0 2070431564 275553 0 4153256798
k7 v68 0 0 2070431564 275554 0 1582680155
k12 v49 0 0 2070431564 275555 0 1470679345
k5 v79 0 0 2070431565 275556 0 3085091190
k5 v37 0 0 2070431565 275557 0 2784542699
k5 v68 0 0 2070431565 275558 0 3554432032
k6 v60 0 0 2070431564 275559 0 3981675120
k15 v10 0 0 2070431564 275560 0 733966674
k8 v27 0 0 2070431565 275561 0 4121439691
k5 v95 0 0 2070431565 275562 0 3509685104
k19 v12 0 0 2070431565 275563 0 101955126
k14 v73 0 0 2070431565 275564 0 1100879376
k18 v94 0 0 2070431565 275565 0 1793814471
k11 v12 0 0 2070431565 275566 0 2078081365
k18 v60 0 0 2070431565 275567 0 1512401202
k8 v85 0 0 2070431564 275568 0 3812157595
k4 v11 0 0 2070431565 275569 0 3265878592
k1 v95 0 0 2070431565 275570 0 3801686614
k17 v89 0 0 2070431565 275571 0 1355718223
k14 v16 0 0 2070431563 275572 0 232654847
k15 v32 0 0 2070431565 275573 0 3824173001
k16 v75 0 0 2070431565 275574 0 703148571
k10 v92 0 0 2070431565 275575 0 4021541635
k8 v1 0 0 2070431564 275576 0 3848504065
k0 v7 0 0 2070431565 275577 0 229771531
k15 v53 0 0 2070431565 275578 0 2472466562
k11 v75 0 0 2070431565 275579 0 3942569208
k6 v60 0 0 2070431565 275580 0 4175667956
k15 v26 0 0 2070431565 275581 0 195916465
k16 v59 0 0 2070431564 275582 0 2411196072
k19 v22 0 0 2070431565 275583 0 2006129119
k13 v49 0 0 2070431565 275584 0 296911209
k4 v17 0 0 2070431565 275585 0 3768690067
k9 v58 0 0 2070431565 275586 0 1048349355
k18 v84 0 0 2070431564 275587 0 20161359
k4 v7 0 0 2070431565 275588 0 3721904633
k8 v60 0 0 2070431565 275589 0 3293718753
k5 v99 0 0 2070431565 275590 0 997036836
k16 v64 0 0 2070431564 275591 0 1746359058
k9 v50 0 0 2070431565 275592 0 3322540842
k19 v48 0 0 2070431565 275593 0 3615086096
k7 v12 0 0 2070431565 275594 0 2769754055
k13 v78 0 0 2070431565 275595 0 387081146
k16 v63 0 0 2070431565 275596 0 179856344
k5 v26 0 0 2070431565 275597 0 1449131607
k19 v99 0 0 2070431565 275598 0 4181441230
k4 v72 0 0 2070431566 275599 0 518935186
k7 v4 0 0 2070431565 275600 0 2675529005
k18 v11 0 0 2070431565 275601 0 382181622
k16 v99 0 0 2070431565 275602 0 1756372397
k2 v84 0 0 2070431563 275603 0 2490974364
k3 v23 0 0 2070431565 275604 0 2790693776
k6 v77 0 0 2070431566 275605 0 1763936777
k7 v2 0 0 2070431566 275606 0 3280955549
k6 v51 0 0 2070431565 275607 0 3044897728
k2 v26 0 0 2070431566 275608 0 882239924
k8 v42 0 0 2070431565 275609 0 4143882566
k0 v60 0 0 2070431565 275610 0 139281647
k14 v52 0 0 2070431565 275611 0 2863685893
k4 v30 0 0 2070431565 275612 0 3070492891
k17 v6 0 0 2070431566 275613 0 2604166456
k4 v42 0 0 2070431566 275614 0 3438825578
k3 v28 0 0 2070431565 275615 0 2365414302
k16 v28 0 0 2070431564 275616 0 4198433491
k0 v58 0 0 2070431566 275617 0 793149850
k9 v25 0 0 2070431566 275618 0 3970085970
k9 v28 0 0 2070431565 275619 0 3446113373
k10 v64 0 0 2070431566 275620 0 3221444443
k17 v0 0 0 2070431566 275621 0 795552822
k2 v39 0 0 2070431565 275622 0 2687770892
k2 v3 0 0 2070431565 275623 0 488473555
k11 v90 0 0 2070431566 275624 0 1038359804
k5 v85 0 0 2070431565 275625 0 337025307
k4 v46 0 0 2070431566 275626 0 2992990184
k14 v93 0 0 2070431564 275627 0 1617579727
k5 v39 0 0 2070431564 275628 0 3771224502
k15 v59 0 0 2070431566 275629 0 1201742619
k11 v0 0 0 2070431566 275630 0 1162030528
k16 v2 0 0 2070431566 275631 0 4082062413
k13 v82 0 0 2070431566 275632 0 3539924918
k14 v69 0 0 2070431566 275633 0 1558301073
k12 v20 0 0 2070431566 275634 0 338674787
k4 v76 0 0 2070431566 275635 0 3818183935
k7 v72 0 0 2070431566 275636 0 4038155608
k0 v21 0 0 2070431565 275637 0 857094587
k8 v74 0 0 2070431565 275638 0 312357224
k9 v36 0 0 2070431566 275639 0 3327041321
k15 v30 0 0 2070431565 275640 0 316672817
k9 v72 0 0 2070431566 275641 0 1473047622
k16 v55 0 0 2070431566 275642 0 84640436
k5 v74 0 0 2070431566 275643 0 3778867620
k14 v46 0 0 2070431566 275644 0 2394175631
k13 v24 0 0 2070431566 275645 0 3722830378
k3 v18 0 0 2070431566 275646 0 1418350518
k5 v40 0 0 2070431566 275647 0 2963496218
k0 v90 0 0 2070431566 275648 0 80053441
k16 v52 0 0 2070431566 275649 0 129760748
k13 v53 0 0 2070431566 275650 0 703814803
k5 v66 0 0 2070431566 275651 0 2279345155
k12 v83 0 0 2070431566 275652 0 677862038
k10 v95 0 0 2070431566 275653 0 3339953781
k0 v41 0 0 2070431566 275654 0 1677989103
k14 v66 0 0 2070431566 275655 0 1923703428
k14 v73 0 0 2070431565 275656 0 1666934053
k3 v76 0 0 2070431566 275657 0 2744539745
k4 v58 0 0 2070431565 275658 0 553948153
k7 v75 0 0 2070431566 275659 0 2464193462
k1 v27 0 0 2070431566 275660 0 3947044213
k2 v34 0 0 2070431566 275661 0 3033455453
k3 v54 0 0 2070431566 275662 0 4071450508
k16 v1 0 0 2070431566 275663 0 1746647534
k9 v23 0 0 2070431566 275664 0 3246092302
k17 v52 0 0 2070431567 275665 0 4283665604
k7 v45 0 0 2070431566 275666 0 1814084547
k8 v85 0 0 2070431567 275667 0 4170865753
k4 v95 0 0 2070431567 275668 0 3762102717
k2 v61 0 0 2070431566 275669 0 3669886575
k19 v83 0 0 2070431566 275670 0 1871287905
k1 v48 0 0 2070431566 275671 0 2033726436
k2 v80 0 0 2070431566 275672 0 2384495205
k19 v56 0 0 2070431567 275673 0 190159728
k8 v78 0 0 2070431567 275674 0 674360366
k10 v10 0 0 2070431567 275675 0 1344212074
k8 v78 0 0 2070431567 275676 0 436702892
k17 v43 0 0 2070431566 275677 0 4205853751
k0 v61 0 0 2070431566 275678 0 804359920
k9 v73 0 0 2070431567 275679 0 882828239
k6 v50 0 0 2070431566 275680 0 533170202
k3 v96 0 0 2070431566 275681 0 786129412
k14 v62 0 0 2070431565 275682 0 4115827626
k14 v35 0 0 2070431567 275683 0 3255540768
k5 v89 0 0 2070431566 275684 0 1562580868
k6 v85 0 0 2070431566 275685 0 3790283283
k12 v87 0 0 2070431567 275686 0 3331647238
k12 v46 0 0 2070431567 275687 0 2380521676
k5 v24 0 0 2070431566 275688 0 2263963182
k16 v98 0 0 2070431567 275689 0 2719328741
k8 v92 0 0 2070431567 275690 0 3256461486
k16 v75 0 0 2070431567 275691 0 244335559
k8 v50 0 0 2070431567 275692 0 233484653
k3 v15 0 0 2070431567 275693 0 1541287571
k15 v22 0 0 2070431566 275694 0 2781851543
k7 v47 0 0 2070431567 275695 0 1245042991
k17 v44 0 0 2070431567 275696 0 3302721137
k13 v34 0 0 2070431566 275697 0 2026999909
k15 v96 0 0 2070431567 275698 0 3587277001
k16 v75 0 0 2070431567 275699 0 3326724559
k8 v70 0 0 2070431567 275700 0 1819643512
k5 v59 0 0 2070431566 275701 0 1042963279
k13 v57 0 0 2070431567 275702 0 670396504
k7 v27 0 0 2070431567 275703 0 1564419973
k4 v60 0 0 2070431567 275704 0 2535860823
k9 v88 0 0 2070431567 275705 0 1539295605
k1 v77 0 0 2070431567 275706 0 1084303007
k1 v6 0 0 2070431567 275707 0 2459865086
k14 v22 0 0 2070431567 275708 0 3922613819
k13 v42 0 0 2070431566 275709 0 3170630284
k7 v44 0 0 2070431566 275710 0 3807270627
k13 v94 0 0 2070431566 275711 0 1494354229
k16 v49 0 0 2070431567 275712 0 993696209
k1 v51 0 0 2070431566 275713 0 2421761243
k4 v70 0 0 2070431567 275714 0 155108350
k1 v23 0 0 2070431567 275715 0 2843767575
k5 v48 0 0 2070431567 275716 0 1186865145
k3 v81 0 0 2070431567 275717 0 2111356155
k15 v21 0 0 2070431566 275718 0 276601740
k16 v48 0 0 2070431567 275719 0 3182000988
k0 v5 0 0 2070431567 275720 0 1725621341
k2 v22 0 0 2070431567 275721 0 3693611569
k17 v9 0 0 2070431567 275722 0 2297230842
k8 v61 0 0 2070431567 275723 0 3194073357
k0 v45 0 0 2070431567 275724 0 1538297544
k12 v9 0 0 2070431567 275725 0 2351207677
k2 v50 0 0 2070431567 275726 0 809528354
k16 v80 0 0 2070431566 275727 0 1192637290
k5 v7 0 0 2070431567 275728 0 793046809
k15 v85 0 0 2070431566 275729 0 2231039942
k12 v3 0 0 2070431567 275730 0 2810489521
k2 v76 0 0 2070431567 275731 0 505678970
k6 v9 0 0 2070431567 275732 0 4108946307
k13 v77 0 0 2070431567 275733 0 3631021629
k15 v86 0 0 2070431567 275734 0 1402318568
k6 v16 0 0 2070431567 275735 0 2351525163
k4 v88 0 0 2070431567 275736 0 3913428110
k1 v68 0 0 2070431567 275737 0 3099155000
k17 v29 0 0 2070431567 275738 0 2938063399
k5 v28 0 0 2070431567 275739 0 882889374
k15 v63 0 0 2070431561 275740 0 211593281
k5 v63 0 0 2070431567 275741 0 3649229264
k9 v65 0 0 2070431568 275742 0 2940858335
k19 v67 0 0 2070431568 275743 0 1995893061
k18 v73 0 0 2070431568 275744 0 1945370001
k2 v38 0 0 2070431568 275745 0 2904982155
k12 v6 0 0 2070431568 275746 0 104585473
k18 v12 0 0 2070431567 275747 0 312771198
k2 v66 0 0 2070431567 275748 0 1433608744
k2 v18 0 0 2070431568 275749 0 3847736570
k11 v58 0 0 2070431567 275750 0 2181133305
k4 v24 0 0 2070431568 275751 0 1773068727
k0 v19 0 0 2070431568 275752 0 2408617897
k8 v67 0 0 2070431567 275753 0 1057831517
k17 v29 0 0 2070431567 275754 0 120027545
k17 v80 0 0 2070431568 275755 0 4271292299
k9 v52 0 0 2070431568 275756 0 1354589340
k14 v29 0 0 2070431568 275757 0 2211381707
k17 v22 0 0 2070431568 275758 0 1086373697
k2 v51 0 0 2070431568 275759 0 248532866
k3 v94 0 0 2070431568 275760 0 1520860564
k19 v6 0 0 2070431568 275761 0 3401912552
k0 v27 0 0 2070431566 275762 0 4206555718
k10 v61 0 0 2070431568 275763 0 1788545292
k10 v93 0 0 2070431568 275764 0 2734777961
k11 v3 0 0 2070431568 275765 0 1012933619
k1 v84 0 0 2070431568 275766 0 2125498981
k5 v63 0 0 2070431567 275767 0 2354881080
k5 v48 0 0 2070431567 275768 0 3715245298
k17 v80 0 0 2070431568 275769 0 1348816606
k19 v82 0 0 2070431568 275770 0 2816006256
k1 v50 0 0 2070431568 275771 0 3591312287
k3 v92 0 0 2070431568 275772 0 3983665396
k16 v45 0 0 2070431567 275773 0 4120570313
k19 v65 0 0 2070431568 275774 0 4047484759
k9 v30 0 0 2070431568 275775 0 1156026491
k5 v52 0 0 2070431567 275776 0 2331787499
k15 v23 0 0 2070431568 275777 0 1278058319
k9 v31 0 0 2070431568 275778 0 2486097264
k2 v53 0 0 2070431568 275779 0 3348819296
k1 v30 0 0 2070431567 275780 0 3948245641
k8 v20 0 0 2070431568 275781 0 796818184
k5 v17 0 0 2070431568 275782 0 94307546
k0 v63 0 0 2070431567 275783 0 2038497649
k10 v69 0 0 2070431567 275784 0 1807709919
k19 v47 0 0 2070431568 275785 0 3446847194
k3 v64 0 0 2070431567 275786 0 2471979674
k4 v5 0 0 2070431568 275787 0 2710402784
k7 v71 0 0 2070431568 275788 0 1626908586
k0 v92 0 0 2070431568 275789 0 1933332287
k15 v36 0 0 2070431568 275790 0 3181541123
k4 v29 0 0 2070431568 275791 0 3605339774
k2 v28 0 0 2070431568 275792 0 1969554561
k17 v49 0 0 2070431568 275793 0 1851851088
k1 v98 0 0 2070431568 275794 0 188092847
k0 v71 0 0 2070431569 275795 0 1854352352
k2 v97 0 0 2070431568 275796 0 863648305
k10 v68 0 0 2070431569 275797 0 834496095
k2 v54 0 0 2070431568 275798 0 895178680
k10 v52 0 0 2070431568 275799 0 1335847314
k13 v79 0 0 2070431568 275800 0 1773951546
k18 v67 0 0 2070431568 275801 0 2161760665
k4 v26 0 0 2070431568 275802 0 3605337669
k6 v27 0 0 2070431569 275803 0 2342899509
k19 v43 0 0 2070431568 275804 0 3438554412
k18 v59 0 0 2070431568 275805 0 2253640985
k5 v89 0 0 2070431568 275806 0 2488484287
k4 v41 0 0 2070431568 275807 0 3169534293
k9 v65 0 0 2070431569 275808 0 3328622401
k6 v33 0 0 2070431568 275809 0 1826050022
k17 v77 0 0 2070431569 275810 0 3178289767
k3 v87 0 0 2070431568 275811 0 786596946
k9 v54 0 0 2070431568 275812 0 4019750087
k13 v84 0 0 2070431569 275813 0 1975380691
k10 v48 0 0 2070431567 275814 0 3182323517
k16 v56 0 0 2070431569 275815 0 3671588557
k14 v54 0 0 2070431569 275816 0 3600943211
k6 v47 0 0 2070431568 275817 0 3567019358
k16 v59 0 0 2070431569 275818 0 333901985
k14 v37 0 0 2070431569 275819 0 145644712
k0 v1 0 0 2070431568 275820 0 2842955262
k11 v57 0 0 2070431569 275821 0 2938316408
k5 v14 0 0 2070431569 275822 0 862510094
k8 v35 0 0 2070431568 275823 0 4243382155
k7 v99 0 0 2070431569 275824 0 453486522
k10 v1 0 0 2070431569 275825 0 1917225387
k18 v89 0 0 2070431568 275826 0 103537895
k19 v32 0 0 2070431569 275827 0 611784449
k15 v0 0 0 2070431569 275828 0 3909499744
k6 v36 0 0 2070431569 275829 0 2289257225
k12 v60 0 0 2070431569 275830 0 1531273283
k11 v39 0 0 2070431569 275831 0 1092879086
k11 v4 0 0 2070431568 275832 0 3436036378
k18 v87 0 0 2070431568 275833 0 1667631602
k4 v76 0 0 2070431569 275834 0 3278932001
k12 v88 0 0 2070431569 275835 0 1747340804
k18 v17 0 0 2070431569 275836 0 1754494913
k0 v52 0 0 2070431568 275837 0 2390921419
k16 v54 0 0 2070431569 275838 0 2788368994
k16 v77 0 0 2070431569 275839 0 4098187156
k8 v76 0 0 2070431569 275840 0 2729883925
k3 v32 0 0 2070431569 275841 0 2447711661
k1 v42 0 0 2070431569 275842 0 1052318687
k16 v65 0 0 2070431569 275843 0 1592874121
k11 v39 0 0 2070431569 275844 0 958193710
k16 v84 0 0 2070431569 275845 0 3187918073
k11 v50 0 0 2070431569 275846 0 95120030
k2 v92 0 0 2070431569 275847 0 2650429684
k2 v76 0 0 2070431567 275848 0 2462757344
k3 v42 0 0 2070431569 275849 0 819663357
k16 v11 0 0 2070431569 275850 0 1393819772
k11 v77 0 0 2070431569 275851 0 1319645568
k7 v14 0 0 2070431569 275852 0 3685816674
k10 v39 0 0 2070431569 275853 0 3974952458
k11 v29 0 0 2070431569 275854 0 2802059655
k6 v87 0 0 2070431569 275855 0 436380243
k11 v17 0 0 2070431569 275856 0 4157907585
k8 v13 0 0 2070431569 275857 0 830640188
k15 v56 0 0 2070431569 275858 0 513085793
k0 v68 0 0 2070431569 275859 0 4096648116
k6 v48 0 0 2070431569 275860 0 782734755
k8 v2 0 0 2070431569 275861 0 1831272247
k5 v8 0 0 2070431569 275862 0 3822378250
k19 v64 0 0 2070431569 275863 0 1309827113
k4 v62 0 0 2070431569 275864 0 344728077
k8 v4 0 0 2070431569 275865 0 2372511718
k14 v22 0 0 2070431568 275866 0 4068673021
k13 v88 0 0 2070431569 275867 0 3349677241
k16 v49 0 0 2070431570 275868 0 2168941266
k8 v6 0 0 2070431569 275869 0 3943865958
k14 v79 0 0 2070431569 275870 0 3605058703
k8 v31 0 0 2070431569 275871 0 1247188005
k17 v27 0 0 2070431570 275872 0 249318426
k18 v84 0 0 2070431569 275873 0 124578938
k4 v48 0 0 2070431569 275874 0 2795497849
k8 v69 0 0 2070431569 275875 0 1052901558
k13 v64 0 0 2070431569 275876 0 3750260372
k3 v3 0 0 2070431570 275877 0 3621162472
k14 v46 0 0 2070431569 275878 0 431533125
k0 v84 0 0 2070431570 275879 0 4284746217
k14 v60 0 0 2070431568 275880 0 1987116358
k10 v83 0 0 2070431568 275881 0 324087022
k5 v92 0 0 2070431570 275882 0 2535113235
k0 v52 0 0 2070431570 275883 0 572896728
k17 v85 0 0 2070431569 275884 0 1343675726
k10 v82 0 0 2070431570 275885 0 3603225946
k0 v55 0 0 2070431570 275886 0 3189171982
k19 v35 0 0 2070431570 275887 0 3230677804
k6 v23 0 0 2070431570 275888 0 547070839
k18 v69 0 0 2070431569 275889 0 2470529488
k5 v43 0 0 2070431570 275890 0 1767407539
k16 v32 0 0 2070431570 275891 0 5016454
k0 v58 0 0 2070431570 275892 0 1844006544
k13 v86 0 0 2070431569 275893 0 2975911399
k12 v53 0 0 2070431570 275894 0 3997032656
k16 v30 0 0 2070431570 275895 0 2934847502
k18 v99 0 0 2070431569 275896 0 1494134790
k13 v80 0 0 2070431570 275897 0 1494981214
k17 v85 0 0 2070431569 275898 0 4251056245
k12 v62 0 0 2070431570 275899 0 1172973368
k1 v77 0 0 2070431570 275900 0 3952798576
k7 v28 0 0 2070431570 275901 0 4009189199
k8 v28 0 0 2070431570 275902 0 3017463556
k4 v55 0 0 2070431570 275903 0 1972536325
k10 v23 0 0 2070431570 275904 0 3709987211
k19 v40 0 0 2070431570 275905 0 107231540
k0 v18 0 0 2070431569 275906 0 2753944749
k19 v59 0 0 2070431569 275907 0 1526741684
k19 v13 0 0 2070431570 275908 0 2436926870
k12 v72 0 0 2070431570 275909 0 1834874956
k7 v3 0 0 2070431569 275910 0 1882430608
k14 v77 0 0 2070431570 275911 0 1644608022
k15 v46 0 0 2070431570 275912 0 3424762532
k14 v28 0 0 2070431570 275913 0 2710318992
k8 v67 0 0 2070431569 275914 0 2182111559
k14 v57 0 0 2070431570 275915 0 3803086447
k16 v68 0 0 2070431570 275916 0 596905095
k4 v98 0 0 2070431569 275917 0 2572300094
k11 v96 0 0 2070431570 275918 0 2655223278
k0 v98 0 0 2070431570 275919 0 263826507
k3 v40 0 0 2070431570 275920 0 2681391239
k18 v46 0 0 2070431570 275921 0 2128371551
k18 v48 0 0 2070431570 275922 0 1275676667
k15 v15 0 0 2070431570 275923 0 4126605139
k15 v22 0 0 2070431570 275924 0 552422884
k7 v78 0 0 2070431570 275925 0 71092480
k3 v67 0 0 2070431569 275926 0 3292317575
k5 v65 0 0 2070431570 275927 0 4061658456
k11 v9 0 0 2070431570 275928 0 4254281113
k11 v23 0 0 2070431569 275929 0 4165772820
k5 v73 0 0 2070431570 275930 0 2808946659
k11 v91 0 0 2070431570 275931 0 2906764378
k19 v28 0 0 2070431570 275932 0 545637086
k7 v65 0 0 2070431570 275933 0 2049933698
k3 v80 0 0 2070431570 275934 0 3447155321
k5 v84 0 0 2070431570 275935 0 2001453595
k12 v14 0 0 2070431571 275936 0 1446494807
k19 v73 0 0 2070431571 275937 0 772352600
k3 v50 0 0 2070431571 275938 0 96054200
k11 v0 0 0 2070431571 275939 0 3512507269
k5 v83 0 0 2070431571 275940 0 580749014
k0 v1 0 0 2070431571 275941 0 74065920
k5 v22 0 0 2070431569 275942 0 1885657327
k18 v36 0 0 2070431571 275943 0 3979003817
k5 v88 0 0 2070431571 275944 0 1954797738
k17 v42 0 0 2070431570 275945 0 651220536
k7 v51 0 0 2070431571 275946 0 4216195686
k13 v0 0 0 2070431570 275947 0 2825546128
k12 v20 0 0 2070431570 275948 0 883069048
k17 v98 0 0 2070431571 275949 0 3104552903
k18 v65 0 0 2070431571 275950 0 3847173298
k14 v16 0 0 2070431570 275951 0 4132777034
k16 v6 0 0 2070431571 275952 0 3621756265
k3 v44 0 0 2070431570 275953 0 4284311192
k16 v42 0 0 2070431571 275954 0 1775265540
k6 v15 0 0 2070431570 275955 0 3664524858
k13 v8 0 0 2070431571 275956 0 3787646154
k1 v39 0 0 2070431571 275957 0 1706815518
k16 v48 0 0 2070431570 275958 0 1591380136
k14 v41 0 0 2070431571 275959 0 2655094634
k11 v39 0 0 2070431570 275960 0 4001143113
k12 v88 0 0 2070431571 275961 0 1990402424
k16 v34 0 0 2070431569 275962 0 345402016
k13 v83 0 0 2070431570 275963 0 557724360
k12 v18 0 0 2070431571 275964 0 2986106837
k8 v38 0 0 2070431570 275965 0 1741471471
k13 v22 0 0 2070431571 275966 0 884143454
k10 v31 0 0 2070431570 275967 0 2811573224
k19 v46 0 0 2070431571 275968 0 4291733120
k5 v41 0 0 2070431570 275969 0 3249836590
k11 v67 0 0 2070431571 275970 0 3083812770
k12 v12 0 0 2070431571 275971 0 2589745561
k13 v40 0 0 2070431570 275972 0 2705664441
k19 v95 0 0 2070431571 275973 0 444651237
k15 v93 0 0 2070431571 275974 0 3506913090
k17 v59 0 0 2070431570 275975 0 2302570631
k17 v69 0 0 2070431571 275976 0 363307321
k7 v67 0 0 2070431571 275977 0 523147848
k5 v64 0 0 2070431571 275978 0 3666417828
k15 v58 0 0 2070431570 275979 0 2910508836
k13 v68 0 0 2070431570 275980 0 3778075593
k6 v12 0 0 2070431571 275981 0 2604058208
k3 v59 0 0 2070431571 275982 0 197083431
k5 v39 0 0 2070431571 275983 0 156436442
k18 v87 0 0 2070431571 275984 0 2432309465
k13 v78 0 0 2070431571 275985 0 3476532364
k6 v57 0 0 2070431571 275986 0 3976496131
k13 v53 0 0 2070431571 275987 0 733434891
k12 v99 0 0 2070431571 275988 0 1463947235
k13 v75 0 0 2070431571 275989 0 3587433773
k18 v58 0 0 2070431571 275990 0 555370904
k12 v98 0 0 2070431571 275991 0 3794134491
k14 v1 0 0 2070431570 275992 0 3715828608
k15 v84 0 0 2070431571 275993 0 3930497410
k8 v45 0 0 2070431571 275994 0 1721190648
k16 v13 0 0 2070431571 275995 0 2442466114
k18 v25 0 0 2070431571 275996 0 2834722539
k6 v91 0 0 2070431571 275997 0 1190481773
k11 v47 0 0 2070431571 275998 0 2437716445
k4 v79 0 0 2070431571 275999 0 2079615752
k11 v6 0 0 2070431571 276000 0 3159569946
k18 v1 0 0 2070431571 276001 0 3932676872
k0 v64 0 0 2070431571 276002 0 2226034870
k17 v89 0 0 2070431571 276003 0 2230876691
k12 v79 0 0 2070431572 276004 0 2450272094
k2 v21 0 0 2070431571 276005 0 520751420
k1 v33 0 0 2070431572 276006 0 2572783923
k12 v34 0 0 2070431572 276007 0 495550091
k9 v95 0 0 2070431571 276008 0 3438898598
k3 v48 0 0 2070431571 276009 0 642598102
k12 v96 0 0 2070431571 276010 0 3598580511
k8 v46 0 0 2070431571 276011 0 2163381653
k12 v7 0 0 2070431572 276012 0 1563930442
k8 v5 0 0 2070431572 276013 0 1931376521
k5 v4 0 0 2070431571 276014 0 628952107
k4 v87 0 0 2070431569 276015 0 1921616729
k9 v13 0 0 2070431571 276016 0 4067016380
k11 v96 0 0 2070431570 276017 0 594760827
k9 v30 0 0 2070431571 276018 0 663216005
k17 v10 0 0 2070431572 276019 0 3016661073
k19 v46 0 0 2070431572 276020 0 2218374893
k5 v76 0 0 2070431572 276021 0 3971196589
k10 v5 0 0 2070431571 276022 0 895527420
k12 v75 0 0 2070431572 276023 0 234835996
k3 v71 0 0 2070431571 276024 0 331710946
k12 v91 0 0 2070431572 276025 0 3330740339
k2 v20 0 0 2070431572 276026 0 3695948340
k15 v46 0 0 2070431571 276027 0 1158858108
k7 v56 0 0 2070431572 276028 0 874762096
k7 v54 0 0 2070431572 276029 0 3891693757
k0 v32 0 0 2070431571 276030 0 3185467037
k18 v90 0 0 2070431572 276031 0 727782601
k8 v34 0 0 2070431571 276032 0 192078572
k4 v52 0 0 2070431572 276033 0 3994922728
k13 v24 0 0 2070431572 276034 0 810285659
k19 v39 0 0 2070431572 276035 0 3992248038
k19 v64 0 0 2070431571 276036 0 1931742030
k9 v31 0 0 2070431572 276037 0 1215507329
k5 v15 0 0 2070431572 276038 0 1697071071
k5 v9 0 0 2070431572 276039 0 2877925190
k16 v96 0 0 2070431572 276040 0 1583718276
k19 v69 0 0 2070431572 276041 0 32803394
k1 v12 0 0 2070431572 276042 0 2074068688
k11 v1 0 0 2070431572 276043 0 4290538613
k11 v39 0 0 2070431572 276044 0 4044995076
k18 v22 0 0 2070431572 276045 0 3730848337
k19 v1 0 0 2070431572 276046 0 998817328
k14 v10 0 0 2070431572 276047 0 1566789129
k10 v26 0 0 2070431572 276048 0 630910051
k6 v72 0 0 2070431572 276049 0 418349683
k19 v8 0 0 2070431572 276050 0 2494340725
k17 v46 0 0 2070431572 276051 0 1964941429
k16 v35 0 0 2070431572 276052 0 51303152
k1 v86 0 0 2070431572 276053 0 2542009367
k1 v74 0 0 2070431572 276054 0 1578734450
k9 v91 0 0 2070431572 276055 0 3221110202
k19 v66 0 0 2070431572 276056 0 870844051
k12 v58 0 0 2070431572 276057 0 1045005389
k6 v61 0 0 2070431572 276058 0 809834321
k2 v11 0 0 2070431571 276059 0 3463054904
k5 v35 0 0 2070431572 276060 0 1341224513
k17 v75 0 0 2070431572 276061 0 2750402821
k18 v69 0 0 2070431572 276062 0 2989418299
k11 v73 0 0 2070431572 276063 0 4163918888
k5 v44 0 0 2070431572 276064 0 656215643
k7 v34 0 0 2070431572 276065 0 3128388267
k15 v14 0 0 2070431572 276066 0 2455939755
k0 v16 0 0 2070431572 276067 0 3505579894
k3 v14 0 0 2070431573 276068 0 669758614
k18 v56 0 0 2070431573 276069 0 2599537836
k19 v0 0 0 2070431573 276070 0 3327761463
k17 v49 0 0 2070431573 276071 0 3333358756
k16 v54 0 0 2070431573 276072 0 1601845376
k9 v73 0 0 2070431573 276073 0 1066087664
k7 v37 0 0 2070431573 276074 0 3249372297
k17 v25 0 0 2070431573 276075 0 2278095245
k15 v89 0 0 2070431573 276076 0 1400065095
k3 v81 0 0 2070431573 276077 0 806590617
k18 v58 0 0 2070431573 276078 0 2614156477
k12 v76 0 0 2070431573 276079 0 2463643433
k14 v74 0 0 2070431573 276080 0 1866649515
k3 v30 0 0 2070431573 276081 0 1453246705
k1 v88 0 0 2070431573 276082 0 1393694204
k16 v74 0 0 2070431573 276083 0 2851688321
k18 v85 0 0 2070431573 276084 0 582573170
k11 v21 0 0 2070431572 276085 0 3810076429
k11 v35 0 0 2070431572 276086 0 419634185
k14 v91 0 0 2070431573 276087 0 3628500419
k14 v31 0 0 2070431571 276088 0 3704460922
k5 v65 0 0 2070431573 276089 0 3575932857
k16 v75 0 0 2070431573 276090 0 3866185011
k9 v77 0 0 2070431572 276091 0 2237960383
k0 v6 0 0 2070431572 276092 0 1929149626
k14 v92 0 0 2070431573 276093 0 306276154
k16 v20 0 0 2070431573 276094 0 615833357
k7 v46 0 0 2070431573 276095 0 3735608796
k6 v15 0 0 2070431572 276096 0 2161553082
k17 v96 0 0 2070431572 276097 0 2190438596
k15 v69 0 0 2070431573 276098 0 346112115
k8 v59 0 0 2070431573 276099 0 3881351911
k16 v43 0 0 2070431573 276100 0 2921402095
k3 v81 0 0 2070431572 276101 0 386944609
k10 v36 0 0 2070431573 276102 0 867190864
k18 v56 0 0 2070431573 276103 0 3694084081
k3 v15 0 0 2070431573 276104 0 1376312075
k19 v55 0 0 2070431572 276105 0 1912946679
k10 v52 0 0 2070431573 276106 0 4010566603
k2 v14 0 0 2070431571 276107 0 3306446375
k16 v72 0 0 2070431572 276108 0 3022732764
k10 v28 0 0 2070431573 276109 0 1449548130
k9 v21 0 0 2070431573 276110 0 4017786189
k16 v56 0 0 2070431573 276111 0 44566040
k7 v47 0 0 2070431573 276112 0 1109476992
k13 v74 0 0 2070431572 276113 0 1225873586
k19 v51 0 0 2070431573 276114 0 3902508870
k9 v57 0 0 2070431572 276115 0 3009634843
k19 v3 0 0 2070431573 276116 0 2208001452
k14 v8 0 0 2070431573 276117 0 1513625173
k15 v59 0 0 2070431573 276118 0 3641766989
k7 v40 0 0 2070431573 276119 0 1083259352
k13 v61 0 0 2070431573 276120 0 411100727
k10 v53 0 0 2070431573 276121 0 3333298724
k14 v69 0 0 2070431573 276122 0 3251948201
k2 v78 0 0 2070431573 276123 0 3318902813
k6 v39 0 0 2070431572 276124 0 838563882
k18 v99 0 0 2070431572 276125 0 248459627
k6 v4 0 0 2070431573 276126 0 3605798312
k6 v76 0 0 2070431573 276127 0 3088736237
k15 v14 0 0 2070431573 276128 0 2147371010
k13 v80 0 0 2070431573 276129 0 2146069128
k11 v38 0 0 2070431571 276130 0 3278778949
k2 v48 0 0 2070431573 276131 0 2369321547
k15 v28 0 0 2070431572 276132 0 3763434793
k9 v33 0 0 2070431571 276133 0 3504535695
k6 v81 0 0 2070431573 276134 0 1067732900
k13 v26 0 0 2070431573 276135 0 2542328429
k9 v7 0 0 2070431573 276136 0 2753372693
k2 v19 0 0 2070431574 276137 0 971237559
k10 v16 0 0 2070431573 276138 0 803020798
k15 v9 0 0 2070431574 276139 0 3216357674
k0 v88 0 0 2070431573 276140 0 1274086315
k7 v14 0 0 2070431573 276141 0 1296899399
k12 v77 0 0 2070431573 276142 0 2930838680
k10 v77 0 0 2070431573 276143 0 1513942576
k5 v44 0 0 2070431574 276144 0 1514845399
k7 v2 0 0 2070431574 276145 0 1619182293
k16 v27 0 0 2070431574 276146 0 1298654771
k17 v42 0 0 2070431573 276147 0 410902886
k11 v11 0 0 2070431574 276148 0 1516260389
k11 v36 0 0 2070431574 276149 0 1190910602
k4 v15 0 0 2070431574 276150 0 1288916307
k8 v52 0 0 2070431573 276151 0 2891265430
k16 v75 0 0 2070431572 276152 0 2840310062
k5 v85 0 0 2070431574 276153 0 1185250988
k13 v80 0 0 2070431574 276154 0 3318614873
k10 v91 0 0 2070431572 276155 0 2531439226
k13 v22 0 0 2070431573 276156 0 4140113477
k15 v57 0 0 2070431573 276157 0 1081674553
k16 v95 0 0 2070431573 276158 0 1287738762
k1 v8 0 0 2070431574 276159 0 3893435728
k19 v90 0 0 2070431573 276160 0 3688131148
k13 v66 0 0 2070431573 276161 0 3889617209
k4 v62 0 0 2070431573 276162 0 4274370650
k18 v73 0 0 2070431575 276163 0 3515063206
k8 v63 0 0 2070431573 276164 0 3441280559
k17 v93 0 0 2070431573 276165 0 3833193119
k18 v69 0 0 2070431575 276166 0 1681607747
k10 v46 0 0 2070431575 276167 0 3854716792
k16 v67 0 0 2070431575 276168 0 238230518
k14 v76 0 0 2070431575 276169 0 213382
k8 v69 0 0 2070431575 276170 0 969523365
k10 v95 0 0 2070431575 276171 0 3038921040
k4 v20 0 0 2070431575 276172 0 3781143005
k9 v14 0 0 2070431575 276173 0 1445067079
k5 v68 0 0 2070431575 276174 0 2740205190
k9 v7 0 0 2070431575 276175 0 1314312333
k14 v77 0 0 2070431575 276176 0 3812494392
k11 v78 0 0 2070431575 276177 0 496305695
k9 v47 0 0 2070431575 276178 0 2539645539
k15 v99 0 0 2070431575 276179 0 904052212
k17 v22 0 0 2070431575 276180 0 1853129348
k2 v51 0 0 2070431575 276181 0 543453767
k0 v56 0 0 2070431575 276182 0 127620350
k5 v94 0 0 2070431575 276183 0 2020234681
k0 v43 0 0 2070431575 276184 0 3851526393
k4 v86 0 0 2070431575 276185 0 3763858937
k12 v15 0 0 2070431575 276186 0 962284085
k14 v97 0 0 2070431575 276187 0 582383348
k11 v28 0 0 2070431575 276188 0 477289160
k10 v68 0 0 2070431574 276189 0 1078527352
k11 v72 0 0 2070431575 276190 0 257891820
k6 v54 0 0 2070431573 276191 0 3424608379
k11 v29 0 0 2070431573 276192 0 1146579636
k11 v86 0 0 2070431573 276193 0 3773113311
k14 v11 0 0 2070431575 276194 0 2844318627
k10 v31 0 0 2070431575 276195 0 1410025996
k7 v88 0 0 2070431572 276196 0 2942349134
k11 v88 0 0 2070431574 276197 0 2545198245
k12 v13 0 0 2070431575 276198 0 574197849
k12 v15 0 0 2070431575 276199 0 3204529357
k8 v34 0 0 2070431575 276200 0 356644934
k0 v46 0 0 2070431575 276201 0 2949282549
k11 v52 0 0 2070431574 276202 0 140765932
k12 v42 0 0 2070431574 276203 0 4165427470
k15 v70 0 0 2070431575 276204 0 3167067030
k10 v97 0 0 2070431575 276205 0 209341363
k7 v34 0 0 2070431574 276206 0 4189160662
k19 v29 0 0 2070431575 276207 0 3801235505
k14 v36 0 0 2070431575 276208 0 500803360
k0 v17 0 0 2070431574 276209 0 1140673536
k1 v53 0 0 2070431575 276210 0 2553321686
k3 v35 0 0 2070431575 276211 0 514056813
k7 v27 0 0 2070431575 276212 0 1623647535
k10 v34 0 0 2070431572 276213 0 1069075162
k3 v39 0 0 2070431575 276214 0 2967612355
k3 v16 0 0 2070431575 276215 0 832728030
k10 v12 0 0 2070431574 276216 0 3829902256
k11 v94 0 0 2070431574 276217 0 3355370630
k8 v51 0 0 2070431575 276218 0 32361888
k5 v32 0 0 2070431575 276219 0 3673472140
k10 v45 0 0 2070431575 276220 0 278303559
k16 v97 0 0 2070431575 276221 0 2253924515
k9 v32 0 0 2070431575 276222 0 1000552875
k14 v5 0 0 2070431575 276223 0 1587137996
k6 v87 0 0 2070431575 276224 0 1855921711
k13 v27 0 0 2070431575 276225 0 670510453
k12 v26 0 0 2070431575 276226 0 4073631524
k0 v12 0 0 2070431575 276227 0 970614113
k6 v27 0 0 2070431573 276228 0 3312668847
k16 v2 0 0 2070431576 276229 0 3857534390
k8 v67 0 0 2070431575 276230 0 898469104
k16 v17 0 0 2070431575 276231 0 2724744162
k16 v61 0 0 2070431573 276232 0 2733509163
k1 v27 0 0 2070431576 276233 0 421295513
k14 v60 0 0 2070431575 276234 0 3123334277
k10 v38 0 0 2070431572 276235 0 3109061849
k11 v99 0 0 2070431575 276236 0 2811889562
k13 v68 0 0 2070431576 276237 0 4108998329
k2 v19 0 0 2070431576 276238 0 4008402155
k14 v93 0 0 2070431575 276239 0 3963154476
k7 v38 0 0 2070431575 276240 0 3078534905
k7 v17 0 0 2070431575 276241 0 910096100
k10 v10 0 0 2070431572 276242 0 2319569748
k1 v38 0 0 2070431576 276243 0 4279668899
k13 v72 0 0 2070431576 276244 0 306655327
k17 v40 0 0 2070431576 276245 0 3134215394
k19 v12 0 0 2070431575 276246 0 3052191799
k16 v79 0 0 2070431576 276247 0 2419569571
k17 v55 0 0 2070431576 276248 0 3140385070
k7 v65 0 0 2070431576 276249 0 3544288219
k0 v11 0 0 2070431576 276250 0 1391636234
k12 v31 0 0 2070431576 276251 0 1221660040
k7 v67 0 0 2070431576 276252 0 4223225515
k16 v51 0 0 2070431576 276253 0 2357644127
k0 v93 0 0 2070431576 276254 0 3651278324
k9 v88 0 0 2070431576 276255 0 4141585825
k4 v26 0 0 2070431576 276256 0 2662239599
k16 v20 0 0 2070431576 276257 0 3832197957
k7 v31 0 0 2070431576 276258 0 139902161
k3 v75 0 0 2070431575 276259 0 3280651266
k2 v24 0 0 2070431576 276260 0 3988164678
k14 v17 0 0 2070431575 276261 0 1228233440
k13 v85 0 0 2070431576 276262 0 3939002890
k1 v10 0 0 2070431576 276263 0 2240647938
k12 v80 0 0 2070431576 276264 0 208402247
k18 v93 0 0 2070431576 276265 0 3358365853
k9 v88 0 0 2070431576 276266 0 3752884283
k1 v73 0 0 2070431575 276267 0 922360297
k1 v65 0 0 2070431576 276268 0 605297806
k10 v93 0 0 2070431575 276269 0 3937375060
k7 v86 0 0 2070431575 276270 0 4063021138
k4 v41 0 0 2070431576 276271 0 3306318995
k0 v82 0 0 2070431576 276272 0 1992416964
k11 v8 0 0 2070431574 276273 0 1763770068
k14 v55 0 0 2070431576 276274 0 1664659782
k13 v17 0 0 2070431576 276275 0 3568134814
k17 v37 0 0 2070431574 276276 0 1497210574
k12 v74 0 0 2070431576 276277 0 612149956
k18 v66 0 0 2070431576 276278 0 467653590
k17 v55 0 0 2070431576 276279 0 2691954230
k0 v9 0 0 2070431576 276280 0 332710495
k16 v67 0 0 2070431576 276281 0 1230316984
k8 v19 0 0 2070431576 276282 0 4118727503
k19 v70 0 0 2070431576 276283 0 1946007999
k19 v7 0 0 2070431576 276284 0 2865004146
k4 v10 0 0 2070431576 276285 0 1114002121
k3 v8 0 0 2070431575 276286 0 2535388220
k3 v37 0 0 2070431576 276287 0 57216779
k12 v72 0 0 2070431577 276288 0 3761335421
k12 v11 0 0 2070431576 276289 0 1813255598
k5 v33 0 0 2070431576 276290 0 4006439640
k17 v28 0 0 2070431576 276291 0 3179467201
k16 v99 0 0 2070431576 276292 0 911726597
k1 v17 0 0 2070431576 276293 0 1872065196
k14 v77 0 0 2070431577 276294 0 2332486435
k3 v34 0 0 2070431577 276295 0 1402882794
k1 v34 0 0 2070431576 276296 0 1502595678
k16 v84 0 0 2070431577 276297 0 2919344621
k18 v0 0 0 2070431576 276298 0 4057962778
k6 v56 0 0 2070431577 276299 0 1492598251
k3 v50 0 0 2070431576 276300 0 3992849476
k6 v75 0 0 2070431576 276301 0 2693048096
k14 v92 0 0 2070431576 276302 0 1591659646
k13 v30 0 0 2070431576 276303 0 981736214
k10 v44 0 0 2070431576 276304 0 606788077
k4 v16 0 0 2070431576 276305 0 1894447553
k11 v12 0 0 2070431576 276306 0 2221886283
k11 v43 0 0 2070431577 276307 0 3113928439
k3 v23 0 0 2070431577 276308 0 801328448
k1 v59 0 0 2070431576 276309 0 689342736
k8 v52 0 0 2070431577 276310 0 2617535098
k0 v37 0 0 2070431577 276311 0 1477561796
k11 v58 0 0 2070431577 276312 0 1753694307
k18 v90 0 0 2070431577 276313 0 1082524591
k11 v17 0 0 2070431577 276314 0 1354470271
k18 v60 0 0 2070431576 276315 0 2523081625
k19 v43 0 0 2070431577 276316 0 2717572775
k14 v41 0 0 2070431577 276317 0 3921252619
k16 v35 0 0 2070431577 276318 0 2763862828
k5 v85 0 0 2070431577 276319 0 2680549778
k5 v72 0 0 2070431577 276320 0 3775978815
k0 v24 0 0 2070431577 276321 0 1780792777
k6 v34 0 0 2070431576 276322 0 4289929072
k19 v88 0 0 2070431576 276323 0 387449488
k2 v36 0 0 2070431577 276324 0 2949738359
k4 v66 0 0 2070431577 276325 0 3592661865
k18 v16 0 0 2070431577 276326 0 2657541392
k1 v65 0 0 2070431577 276327 0 3499347814
k10 v59 0 0 2070431577 276328 0 1849345826
k6 v18 0 0 2070431577 276329 0 3877632691
k0 v94 0 0 2070431576 276330 0 3770379700
k12 v10 0 0 2070431577 276331 0 3119066362
k19 v25 0 0 2070431577 276332 0 3020707806
k14 v20 0 0 2070431577 276333 0 487309025
k14 v9 0 0 2070431576 276334 0 4112477265
k17 v65 0 0 2070431577 276335 0 80213246
k3 v33 0 0 2070431576 276336 0 3765853591
k15 v37 0 0 2070431577 276337 0 2626335804
k15 v19 0 0 2070431577 276338 0 3861832425
k2 v42 0 0 2070431577 276339 0 1018631692
k4 v99 0 0 2070431577 276340 0 2673073297
k6 v33 0 0 2070431577 276341 0 4261254668
k14 v24 0 0 2070431577 276342 0 1337094780
k17 v58 0 0 2070431577 276343 0 2594030003
k12 v36 0 0 2070431577 276344 0 2704691858
k15 v26 0 0 2070431577 276345 0 1364097251
k7 v10 0 0 2070431577 276346 0 1654826664
k9 v27 0 0 2070431577 276347 0 210797253
k7 v55 0 0 2070431577 276348 0 3310509954
k10 v56 0 0 2070431577 276349 0 255064816
k14 v5 0 0 2070431577 276350 0 2321737874
k12 v48 0 0 2070431577 276351 0 2912682463
k15 v64 0 0 2070431577 276352 0 3355112996
k14 v80 0 0 2070431577 276353 0 3635464792
k8 v4 0 0 2070431577 276354 0 73716574
k3 v33 0 0 2070431578 276355 0 3663487188
k9 v88 0 0 2070431577 276356 0 2850070937
k6 v71 0 0 2070431578 276357 0 2876390182
k2 v95 0 0 2070431578 276358 0 2979291539
k16 v86 0 0 2070431577 276359 0 1273654510
k17 v64 0 0 2070431577 276360 0 438106390
k9 v81 0 0 2070431576 276361 0 3505480813
k5 v6 0 0 2070431577 276362 0 1752985037
k4 v5 0 0 2070431578 276363 0 281437994
k16 v90 0 0 2070431578 276364 0 1054580765
k18 v73 0 0 2070431578 276365 0 3067470202
k11 v67 0 0 2070431577 276366 0 237330720
k11 v52 0 0 2070431577 276367 0 1202324125
k18 v98 0 0 2070431578 276368 0 3804629247
k6 v84 0 0 2070431577 276369 0 2299061612
k3 v7 0 0 2070431578 276370 0 2503874066
k7 v67 0 0 2070431577 276371 0 2802233085
k17 v33 0 0 2070431578 276372 0 2628764345
k14 v30 0 0 2070431578 276373 0 1559791375
k8 v50 0 0 2070431578 276374 0 4010522604
k4 v76 0 0 2070431577 276375 0 1328736796
k9 v93 0 0 2070431577 276376 0 130837777
k10 v45 0 0 2070431577 276377 0 2743445363
k15 v60 0 0 2070431578 276378 0 2841391925
k5 v62 0 0 2070431578 276379 0 1893938607
k18 v7 0 0 2070431578 276380 0 1958128353
k8 v17 0 0 2070431578 276381 0 1788716732
k10 v62 0 0 2070431578 276382 0 151953737
k6 v94 0 0 2070431578 276383 0 1065595358
k11 v29 0 0 2070431578 276384 0 3836507096
k9 v57 0 0 2070431577 276385 0 1583062907
k13 v60 0 0 2070431577 276386 0 141113680
k11 v90 0 0 2070431577 276387 0 2968605910
k16 v26 0 0 2070431577 276388 0 2602551031
k8 v37 0 0 2070431577 276389 0 2678079333
k13 v76 0 0 2070431577 276390 0 1141435050
k15 v47 0 0 2070431577 276391 0 2929725492
k6 v35 0 0 2070431577 276392 0 1512819529
k2 v90 0 0 2070431578 276393 0 1894813987
k17 v20 0 0 2070431577 276394 0 691573965
k5 v97 0 0 2070431578 276395 0 2975271064
k4 v94 0 0 2070431578 276396 0 2929785925
k10 v20 0 0 2070431578 276397 0 2911653132
k3 v84 0 0 2070431578 276398 0 3644902139
k13 v64 0 0 2070431578 276399 0 436123229
k6 v46 0 0 2070431578 276400 0 3849679811
k13 v20 0 0 2070431578 276401 0 523620481
k7 v18 0 0 2070431578 276402 0 3639293911
k3 v21 0 0 2070431578 276403 0 1108264978
k19 v42 0 0 2070431578 276404 0 3013527361
k16 v7 0 0 2070431578 276405 0 1370966821
k14 v52 0 0 2070431578 276406 0 2246323772
k11 v89 0 0 2070431578 276407 0 2641576209
k0 v46 0 0 2070431578 276408 0 3227945905
k19 v59 0 0 2070431578 276409 0 2878906858
k15 v81 0 0 2070431578 276410 0 1316473536
k3 v61 0 0 2070431579 276411 0 2947138690
k16 v74 0 0 2070431578 276412 0 1832635982
k18 v82 0 0 2070431578 276413 0 1365630120
k16 v77 0 0 2070431578 276414 0 2496144386
k7 v95 0 0 2070431578 276415 0 97240316
k15 v9 0 0 2070431578 276416 0 1540920566
k17 v6 0 0 2070431579 276417 0 3701873800
k18 v36 0 0 2070431579 276418 0 1849320753
k18 v96 0 0 2070431578 276419 0 2059230437
k19 v3 0 0 2070431578 276420 0 3174275095
k15 v24 0 0 2070431577 276421 0 1723240288
k7 v92 0 0 2070431578 276422 0 2844281585
k10 v69 0 0 2070431578 276423 0 2988946975
k8 v31 0 0 2070431577 276424 0 1047355794
k15 v52 0 0 2070431578 276425 0 910050117
k1 v16 0 0 2070431579 276426 0 2275090238
k16 v97 0 0 2070431579 276427 0 2730935734
k6 v9 0 0 2070431579 276428 0 1478548081
k16 v56 0 0 2070431578 276429 0 2726551085
k9 v4 0 0 2070431579 276430 0 4226819235
k5 v87 0 0 2070431579 276431 0 369882099
k10 v76 0 0 2070431578 276432 0 1236999894
k2 v24 0 0 2070431579 276433 0 1008421918
k0 v88 0 0 2070431578 276434 0 1080441934
k14 v82 0 0 2070431579 276435 0 3371453803
k12 v68 0 0 2070431578 276436 0 1180942530
k15 v21 0 0 2070431579 276437 0 254705916
k18 v70 0 0 2070431578 276438 0 936257711
k7 v38 0 0 2070431578 276439 0 3718074680
k19 v16 0 0 2070431579 276440 0 3751790203
k1 v41 0 0 2070431579 276441 0 2687554813
k2 v90 0 0 2070431578 276442 0 4242803592
k15 v53 0 0 2070431579 276443 0 3441730473
k11 v72 0 0 2070431578 276444 0 3476074072
k12 v77 0 0 2070431579 276445 0 1206810277
k10 v34 0 0 2070431579 276446 0 1007009790
k7 v30 0 0 2070431578 276447 0 3683302529
k0 v32 0 0 2070431579 276448 0 751783666
k6 v26 0 0 2070431579 276449 0 153707790
k16 v15 0 0 2070431579 276450 0 133446158
k2 v82 0 0 2070431579 276451 0 1337313264
k11 v57 0 0 2070431579 276452 0 2605494805
k14 v11 0 0 2070431579 276453 0 2409779581
k6 v30 0 0 2070431579 276454 0 2797367103
k17 v19 0 0 2070431579 276455 0 851843444
k5 v20 0 0 2070431579 276456 0 2109060894
k2 v43 0 0 2070431579 276457 0 1266898685
k2 v23 0 0 2070431579 276458 0 975589364
k15 v76 0 0 2070431579 276459 0 4182241398
k1 v18 0 0 2070431579 276460 0 3476052739
k13 v69 0 0 2070431579 276461 0 1029129698
k18 v39 0 0 2070431579 276462 0 3976588063
k6 v71 0 0 2070431579 276463 0 2619701340
k10 v61 0 0 2070431579 276464 0 2870894120
k16 v79 0 0 2070431579 276465 0 1573799999
k16 v27 0 0 2070431579 276466 0 3795376062
k10 v18 0 0 2070431579 276467 0 292054599
k15 v39 0 0 2070431579 276468 0 2356939764
k10 v79 0 0 2070431578 276469 0 3491460567
k19 v75 0 0 2070431578 276470 0 1223110832
k13 v12 0 0 2070431579 276471 0 1728066293
k15 v43 0 0 2070431579 276472 0 1235463983
k13 v60 0 0 2070431579 276473 0 4129267875
k13 v90 0 0 2070431579 276474 0 4115380554
k11 v9 0 0 2070431579 276475 0 3832752153
k2 v5 0 0 2070431578 276476 0 2203425633
k4 v86 0 0 2070431579 276477 0 3108777275
k3 v65 0 0 2070431579 276478 0 873195552
k1 v19 0 0 2070431579 276479 0 2052567355
k0 v48 0 0 2070431580 276480 0 319344386
k8 v48 0 0 2070431579 276481 0 3395053983
k9 v68 0 0 2070431579 276482 0 2663830005
k16 v46 0 0 2070431580 276483 0 3330139275
k3 v83 0 0 2070431579 276484 0 3289280884
k10 v36 0 0 2070431579 276485 0 3573310421
k15 v50 0 0 2070431580 276486 0 3591780280
k3 v18 0 0 2070431580 276487 0 2811226077
k19 v92 0 0 2070431579 276488 0 1967347512
k12 v54 0 0 2070431579 276489 0 2838269050
k11 v40 0 0 2070431579 276490 0 3741191422
k10 v97 0 0 2070431580 276491 0 3589614417
k18 v41 0 0 2070431580 276492 0 3532859442
k8 v83 0 0 2070431579 276493 0 4241618847
k3 v11 0 0 2070431580 276494 0 1977365469
k13 v53 0 0 2070431579 276495 0 2121065734
k18 v34 0 0 2070431580 276496 0 4103256945
k7 v31 0 0 2070431580 276497 0 3127492848
k7 v52 0 0 2070431579 276498 0 2761113801
k15 v32 0 0 2070431580 276499 0 1824469514
k19 v83 0 0 2070431580 276500 0 830375887
k1 v99 0 0 2070431579 276501 0 714032037
k5 v15 0 0 2070431580 276502 0 936137106
k1 v29 0 0 2070431579 276503 0 1180019378
k13 v23 0 0 2070431578 276504 0 1968639595
k2 v10 0 0 2070431580 276505 0 633245668
k16 v51 0 0 2070431580 276506 0 1933247262
k2 v27 0 0 2070431580 276507 0 2379401494
k3 v2 0 0 2070431579 276508 0 2598569410
k4 v62 0 0 2070431580 276509 0 3353887302
k14 v61 0 0 2070431580 276510 0 2989203365
k13 v71 0 0 2070431580 276511 0 1112782292
k15 v59 0 0 2070431580 276512 0 4255859618
k2 v56 0 0 2070431580 276513 0 3841776443
k4 v51 0 0 2070431580 276514 0 2805176597
k10 v74 0 0 2070431580 276515 0 2068879858
k6 v23 0 0 2070431580 276516 0 3686455466
k12 v81 0 0 2070431579 276517 0 60400466
k16 v36 0 0 2070431580 276518 0 4211337202
k17 v17 0 0 2070431580 276519 0 4173858396
k15 v40 0 0 2070431580 276520 0 2864574739
k14 v83 0 0 2070431580 276521 0 2960616065
k15 v95 0 0 2070431580 276522 0 466669021
k4 v77 0 0 2070431580 276523 0 2329095459
k4 v4 0 0 2070431580 276524 0 350153167
k14 v31 0 0 2070431580 276525 0 1077498524
k2 v40 0 0 2070431580 276526 0 2150928236
k3 v69 0 0 2070431580 276527 0 505722992
k10 v83 0 0 2070431580 276528 0 1642688603
k2 v66 0 0 2070431579 276529 0 2814237681
k5 v18 0 0 2070431580 276530 0 2985135076
k15 v67 0 0 2070431580 276531 0 3085176203
k11 v73 0 0 2070431580 276532 0 1302501148
k18 v57 0 0 2070431580 276533 0 1700455819
k3 v23 0 0 2070431580 276534 0 1898390785
k15 v35 0 0 2070431580 276535 0 2489661734
k9 v41 0 0 2070431580 276536 0 2462950406
k2 v12 0 0 2070431580 276537 0 3741328819
k16 v37 0 0 2070431579 276538 0 1561779232
k19 v10 0 0 2070431581 276539 0 1003570531
k19 v10 0 0 2070431580 276540 0 603383857
k0 v2 0 0 2070431580 276541 0 3047583725
k8 v42 0 0 2070431580 276542 0 3342127257
k4 v42 0 0 2070431580 276543 0 3737781101
k4 v29 0 0 2070431580 276544 0 1438911252
k2 v32 0 0 2070431581 276545 0 3222753367
k16 v41 0 0 2070431580 276546 0 3957860444
k15 v92 0 0 2070431580 276547 0 2205082553
k3 v13 0 0 2070431581 276548 0 1869217525
k13 v53 0 0 2070431578 276549 0 2920767138
k19 v84 0 0 2070431580 276550 0 3606176695
k17 v91 0 0 2070431580 276551 0 2529800235
k2 v68 0 0 2070431581 276552 0 1419938748
k10 v30 0 0 2070431580 276553 0 1981249866
k3 v29 0 0 2070431581 276554 0 3994417427
k18 v18 0 0 2070431580 276555 0 1508592165
k9 v90 0 0 2070431580 276556 0 1542876577
k13 v32 0 0 2070431581 276557 0 1660613473
k6 v80 0 0 2070431581 276558 0 3758430375
k12 v25 0 0 2070431581 276559 0 429134134
k18 v30 0 0 2070431580 276560 0 1606801398
k9 v7 0 0 2070431581 276561 0 4285082050
k16 v49 0 0 2070431580 276562 0 299626372
k1 v28 0 0 2070431581 276563 0 736311586
k2 v58 0 0 2070431580 276564 0 3070890014
k11 v33 0 0 2070431580 276565 0 382846859
k17 v26 0 0 2070431581 276566 0 2831988013
k16 v54 0 0 2070431580 276567 0 1160224498
k19 v74 0 0 2070431581 276568 0 2630965334
k13 v75 0 0 2070431580 276569 0 3240673792
k13 v85 0 0 2070431580 276570 0 1564318800
k19 v55 0 0 2070431581 276571 0 3446846227
k9 v96 0 0 2070431581 276572 0 1956110720
k3 v72 0 0 2070431581 276573 0 495036391
k2 v2 0 0 2070431581 276574 0 678292719
k0 v6 0 0 2070431580 276575 0 2640445417
k0 v20 0 0 2070431581 276576 0 1375640374
k4 v27 0 0 2070431581 276577 0 2851974519
k7 v51 0 0 2070431581 276578 0 3041170184
k17 v55 0 0 2070431581 276579 0 3906472007
k6 v10 0 0 2070431580 276580 0 1451658122
k12 v4 0 0 2070431581 276581 0 2961879756
k19 v35 0 0 2070431581 276582 0 457089579
k6 v15 0 0 2070431582 276583 0 335810347
k9 v32 0 0 2070431582 276584 0 684057994
k11 v70 0 0 2070431581 276585 0 1840620398
k15 v57 0 0 2070431582 276586 0 3452694835
k15 v67 0 0 2070431580 276587 0 3991619052
k3 v56 0 0 2070431581 276588 0 1593889589
k11 v3 0 0 2070431582 276589 0 786445556
k5 v49 0 0 2070431581 276590 0 2559881935
k18 v11 0 0 2070431581 276591 0 9149231
k12 v93 0 0 2070431581 276592 0 699738073
k13 v92 0 0 2070431582 276593 0 1077264617
k12 v9 0 0 2070431581 276594 0 2054040083
k13 v2 0 0 2070431583 276595 0 67822487
k5 v74 0 0 2070431580 276596 0 3475739033
k18 v89 0 0 2070431581 276597 0 1898078451
k5 v95 0 0 2070431580 276598 0 3875572705
k17 v19 0 0 2070431581 276599 0 596188189
k16 v89 0 0 2070431583 276600 0 2354140276
k18 v86 0 0 2070431581 276601 0 1182999349
k12 v25 0 0 2070431583 276602 0 2889589381
k9 v21 0 0 2070431583 276603 0 2281391057
k12 v26 0 0 2070431582 276604 0 2573355095
k14 v40 0 0 2070431581 276605 0 2434962588
k14 v14 0 0 2070431582 276606 0 4149128384
k2 v13 0 0 2070431583 276607 0 605751457
k13 v7 0 0 2070431583 276608 0 2269829540
k19 v78 0 0 2070431581 276609 0 1086621600
k17 v73 0 0 2070431582 276610 0 3242916633
k4 v16 0 0 2070431583 276611 0 3049482101
k19 v21 0 0 2070431582 276612 0 1508006254
k3 v79 0 0 2070431583 276613 0 2079254718
k2 v58 0 0 2070431583 276614 0 780119702
k9 v86 0 0 2070431583 276615 0 4027654392
k17 v27 0 0 2070431583 276616 0 2557751421
k15 v41 0 0 2070431582 276617 0 3528280664
k6 v46 0 0 2070431583 276618 0 78940400
k0 v65 0 0 2070431581 276619 0 4180508673
k12 v66 0 0 2070431583 276620 0 551116056
k2 v79 0 0 2070431580 276621 0 1583536466
k7 v20 0 0 2070431583 276622 0 359705828
k7 v56 0 0 2070431583 276623 0 3786376744
k16 v75 0 0 2070431582 276624 0 3090216773
k0 v98 0 0 2070431581 276625 0 2912614615
k2 v32 0 0 2070431583 276626 0 3207059381
k15 v20 0 0 2070431583 276627 0 2415643167
k17 v68 0 0 2070431583 276628 0 1792530224
k13 v20 0 0 2070431583 276629 0 4239562219
k5 v63 0 0 2070431582 276630 0 3135782487
k18 v33 0 0 2070431582 276631 0 3207381253
k15 v25 0 0 2070431583 276632 0 3636757618
k2 v58 0 0 2070431583 276633 0 1656417343
k17 v28 0 0 2070431583 276634 0 3579442864
k8 v35 0 0 2070431583 276635 0 2577651741
k7 v5 0 0 2070431583 276636 0 3876577137
k13 v45 0 0 2070431583 276637 0 3192129419
k11 v50 0 0 2070431581 276638 0 574594129
k5 v94 0 0 2070431583 276639 0 181513277
k15 v23 0 0 2070431583 276640 0 1805544864
k3 v48 0 0 2070431582 276641 0 2646667756
k9 v33 0 0 2070431583 276642 0 3439144798
k6 v95 0 0 2070431583 276643 0 3874705481
k7 v97 0 0 2070431583 276644 0 4161755862
k1 v76 0 0 2070431583 276645 0 3128307227
k12 v78 0 0 2070431581 276646 0 3054061992
k13 v50 0 0 2070431583 276647 0 257639055
k6 v41 0 0 2070431582 276648 0 798092310
k12 v21 0 0 2070431583 276649 0 103495883
k3 v70 0 0 2070431583 276650 0 2943811157
k9 v62 0 0 2070431583 276651 0 240560841
k9 v30 0 0 2070431583 276652 0 1653999779
k13 v78 0 0 2070431582 276653 0 3745528557
k2 v91 0 0 2070431583 276654 0 3871467123
k13 v54 0 0 2070431583 276655 0 1916969315
k16 v96 0 0 2070431583 276656 0 1065730726
k11 v18 0 0 2070431584 276657 0 1726488641
k7 v25 0 0 2070431584 276658 0 3416230893
k17 v28 0 0 2070431583 276659 0 1685779535
k13 v7 0 0 2070431583 276660 0 1260269342
k2 v50 0 0 2070431584 276661 0 3243873277
k16 v38 0 0 2070431583 276662 0 2170682007
k4 v52 0 0 2070431584 276663 0 3563845001
k2 v63 0 0 2070431583 276664 0 1650237832
k11 v8 0 0 2070431584 276665 0 1852009443
k12 v26 0 0 2070431583 276666 0 1668503289
k1 v93 0 0 2070431583 276667 0 1937851480
k3 v87 0 0 2070431583 276668 0 3367560121
k7 v89 0 0 2070431584 276669 0 3267506453
k13 v83 0 0 2070431583 276670 0 1160030600
k13 v16 0 0 2070431584 276671 0 3344485159
k10 v40 0 0 2070431584 276672 0 2475735849
k15 v30 0 0 2070431584 276673 0 2017675127
k0 v72 0 0 2070431583 276674 0 1958060174
k16 v83 0 0 2070431584 276675 0 2847481747
k19 v14 0 0 2070431583 276676 0 2772284090
k16 v56 0 0 2070431584 276677 0 416555869
k3 v68 0 0 2070431584 276678 0 1827666950
k6 v83 0 0 2070431583 276679 0 94574801
k6 v39 0 0 2070431584 276680 0 3691103767
k13 v13 0 0 2070431584 276681 0 3884866565
k15 v44 0 0 2070431584 276682 0 1292786698
k12 v66 0 0 2070431584 276683 0 212238868
k19 v0 0 0 2070431584 276684 0 1501464346
k6 v5 0 0 2070431584 276685 0 3717861002
k18 v83 0 0 2070431584 276686 0 1689991729
k13 v95 0 0 2070431583 276687 0 448816697
k9 v15 0 0 2070431584 276688 0 1428859649
k9 v3 0 0 2070431584 276689 0 697746451
k2 v86 0 0 2070431584 276690 0 4293719559
k15 v51 0 0 2070431583 276691 0 3648274278
k1 v66 0 0 2070431583 276692 0 1647683601
k17 v30 0 0 2070431584 276693 0 2672540052
k13 v48 0 0 2070431583 276694 0 783275827
k15 v66 0 0 2070431583 276695 0 658693650
k13 v38 0 0 2070431584 276696 0 2142976752
k15 v84 0 0 2070431584 276697 0 112250805
k14 v97 0 0 2070431584 276698 0 707327994
k13 v6 0 0 2070431584 276699 0 4263698741
k1 v92 0 0 2070431584 276700 0 4015258391
k5 v0 0 0 2070431584 276701 0 497778700
k12 v81 0 0 2070431584 276702 0 2442735531
k16 v0 0 0 2070431584 276703 0 2081046336
k14 v12 0 0 2070431584 276704 0 1065893237
k13 v77 0 0 2070431584 276705 0 2375893315
k7 v97 0 0 2070431584 276706 0 2135555828
k1 v17 0 0 2070431584 276707 0 2926228665
k5 v56 0 0 2070431585 276708 0 2459580038
k4 v95 0 0 2070431584 276709 0 1157279114
k5 v63 0 0 2070431582 276710 0 30444892
k5 v93 0 0 2070431581 276711 0 3662755024
k16 v37 0 0 2070431585 276712 0 2254631633
k6 v6 0 0 2070431584 276713 0 2466560044
k4 v91 0 0 2070431584 276714 0 3195753129
k6 v65 0 0 2070431584 276715 0 1208931446
k16 v46 0 0 2070431584 276716 0 572820053
k8 v76 0 0 2070431584 276717 0 2805484028
k4 v37 0 0 2070431585 276718 0 2607909093
k10 v95 0 0 2070431585 276719 0 2208573415
k1 v46 0 0 2070431585 276720 0 3326167789
k13 v39 0 0 2070431584 276721 0 3782483957
k3 v24 0 0 2070431584 276722 0 3921184850
k2 v63 0 0 2070431583 276723 0 2460547318
k18 v56 0 0 2070431585 276724 0 2891441362
k3 v43 0 0 2070431584 276725 0 2978004416
k19 v64 0 0 2070431583 276726 0 1923977580
k5 v21 0 0 2070431584 276727 0 1385160306
k9 v47 0 0 2070431584 276728 0 2817308699
k5 v29 0 0 2070431583 276729 0 1527917655
k11 v13 0 0 2070431585 276730 0 1799370423
k0 v45 0 0 2070431585 276731 0 3930240645
k6 v7 0 0 2070431585 276732 0 542533339
k9 v90 0 0 2070431585 276733 0 3236242361
k11 v85 0 0 2070431585 276734 0 824697998
k2 v25 0 0 2070431584 276735 0 1496294704
k10 v71 0 0 2070431585 276736 0 2593786031
k6 v21 0 0 2070431585 276737 0 3909258726
k0 v8 0 0 2070431584 276738 0 410887278
k12 v75 0 0 2070431585 276739 0 3195612368
k12 v55 0 0 2070431584 276740 0 1117421823
k8 v48 0 0 2070431585 276741 0 1508238731
k18 v57 0 0 2070431585 276742 0 2615608480
k2 v71 0 0 2070431585 276743 0 90077393
k10 v88 0 0 2070431585 276744 0 424287858
k10 v70 0 0 2070431585 276745 0 3516888751
k16 v6 0 0 2070431585 276746 0 1325268626
k7 v69 0 0 2070431585 276747 0 4162626494
k3 v12 0 0 2070431585 276748 0 609027010
k6 v30 0 0 2070431585 276749 0 2289241653
k0 v46 0 0 2070431585 276750 0 1484633788
k0 v48 0 0 2070431585 276751 0 1486802074
k8 v81 0 0 2070431585 276752 0 3166518342
k2 v28 0 0 2070431585 276753 0 1896052791
k19 v26 0 0 2070431585 276754 0 1535942363
k14 v18 0 0 2070431585 276755 0 3152506495
k7 v68 0 0 2070431585 276756 0 2242036622
k3 v4 0 0 2070431585 276757 0 3180090406
k8 v66 0 0 2070431584 276758 0 3094576753
k9 v33 0 0 2070431585 276759 0 1343812160
k15 v18 0 0 2070431585 276760 0 1604701879
k14 v10 0 0 2070431585 276761 0 1075233680
k17 v12 0 0 2070431585 276762 0 3608207330
k18 v48 0 0 2070431584 276763 0 2929136302
k4 v60 0 0 2070431585 276764 0 1592586458
k6 v18 0 0 2070431581 276765 0 3658959970
k7 v20 0 0 2070431585 276766 0 147238878
k10 v53 0 0 2070431584 276767 0 1743424618
k2 v72 0 0 2070431585 276768 0 1250375870
k4 v46 0 0 2070431585 276769 0 2342851135
k0 v85 0 0 2070431584 276770 0 267461195
k16 v93 0 0 2070431584 276771 0 3937615468
k10 v52 0 0 2070431585 276772 0 2995923392
k6 v91 0 0 2070431585 276773 0 3565906859
k2 v5 0 0 2070431585 276774 0 3882519565
k4 v87 0 0 2070431585 276775 0 1958609295
k14 v94 0 0 2070431585 276776 0 1703599439
k5 v66 0 0 2070431585 276777 0 1800650287
k9 v78 0 0 2070431585 276778 0 1779206316
k4 v57 0 0 2070431585 276779 0 1893384400
k17 v59 0 0 2070431585 276780 0 3476230057
k18 v41 0 0 2070431585 276781 0 2720641100
k4 v43 0 0 2070431584 276782 0 2247046783
k16 v86 0 0 2070431586 276783 0 632049455
k16 v43 0 0 2070431586 276784 0 1986790458
k2 v2 0 0 2070431585 276785 0 342449378
k17 v18 0 0 2070431585 276786 0 4009203666
k15 v7 0 0 2070431586 276787 0 2355930962
k13 v73 0 0 2070431585 276788 0 3026683249
k15 v69 0 0 2070431586 276789 0 116843017
k6 v67 0 0 2070431585 276790 0 1024329625
k7 v75 0 0 2070431586 276791 0 1694314237
k19 v49 0 0 2070431586 276792 0 14791229
k7 v73 0 0 2070431585 276793 0 1550308937
k13 v0 0 0 2070431585 276794 0 3149489494
k16 v69 0 0 2070431586 276795 0 3714383375
k10 v97 0 0 2070431586 276796 0 1315838975
k19 v3 0 0 2070431586 276797 0 648123196
k17 v3 0 0 2070431586 276798 0 1787556723
k12 v26 0 0 2070431586 276799 0 535520266
k5 v25 0 0 2070431586 276800 0 1256284329
k15 v42 0 0 2070431585 276801 0 3227956233
k17 v87 0 0 2070431586 276802 0 2496917010
k3 v96 0 0 2070431586 276803 0 2101577551
k15 v49 0 0 2070431586 276804 0 32300247
k13 v95 0 0 2070431586 276805 0 2396662868
k11 v11 0 0 2070431586 276806 0 595480145
k1 v20 0 0 2070431586 276807 0 779519970
k13 v44 0 0 2070431585 276808 0 2018369775
k14 v15 0 0 2070431586 276809 0 1898246784
k2 v15 0 0 2070431585 276810 0 3356170032
k2 v36 0 0 2070431586 276811 0 351431973
k6 v11 0 0 2070431586 276812 0 973289627
k8 v6 0 0 2070431586 276813 0 1123079047
k0 v11 0 0 2070431586 276814 0 2173955431
k14 v93 0 0 2070431586 276815 0 2105688856
k6 v68 0 0 2070431586 276816 0 3476330035
k4 v79 0 0 2070431586 276817 0 3238317123
k3 v60 0 0 2070431586 276818 0 1464018504
k19 v11 0 0 2070431585 276819 0 722631788
k6 v43 0 0 2070431586 276820 0 1302205929
k8 v9 0 0 2070431586 276821 0 236945277
k13 v45 0 0 2070431586 276822 0 1791942830
k17 v39 0 0 2070431586 276823 0 3378039759
k11 v13 0 0 2070431586 276824 0 3624046129
k11 v42 0 0 2070431586 276825 0 693961491
k3 v2 0 0 2070431586 276826 0 4078434690
k18 v38 0 0 2070431586 276827 0 3193171461
k8 v34 0 0 2070431585 276828 0 1847101845
k8 v38 0 0 2070431586 276829 0 716866268
k14 v76 0 0 2070431586 276830 0 4214538140
k18 v29 0 0 2070431586 276831 0 326540140
k17 v79 0 0 2070431586 276832 0 3279459330
k4 v23 0 0 2070431586 276833 0 2094725682
k5 v85 0 0 2070431586 276834 0 3992785919
k5 v93 0 0 2070431586 276835 0 4011801845
k15 v9 0 0 2070431586 276836 0 3636011715
k2 v31 0 0 2070431586 276837 0 2691217502
k19 v62 0 0 2070431586 276838 0 2035045682
k7 v71 0 0 2070431585 276839 0 968023503
k1 v5 0 0 2070431586 276840 0 1859407269
k19 v76 0 0 2070431586 276841 0 2096533561
k8 v83 0 0 2070431586 276842 0 2707240776
k7 v57 0 0 2070431586 276843 0 679131275
k3 v20 0 0 2070431586 276844 0 4022644500
k13 v71 0 0 2070431586 276845 0 351363937
k5 v84 0 0 2070431586 276846 0 3219348670
k1 v11 0 0 2070431587 276847 0 4222391813
k13 v50 0 0 2070431586 276848 0 553395991
k0 v64 0 0 2070431587 276849 0 3157329688
k4 v48 0 0 2070431586 276850 0 2536852477
k6 v23 0 0 2070431587 276851 0 1801271157
k13 v61 0 0 2070431587 276852 0 151133329
k1 v15 0 0 2070431587 276853 0 3505377903
k17 v59 0 0 2070431587 276854 0 3116453589
k9 v33 0 0 2070431587 276855 0 3874204263
k2 v28 0 0 2070431587 276856 0 372415321
k2 v84 0 0 2070431586 276857 0 3515064166
k2 v75 0 0 2070431586 276858 0 2137601985
k10 v19 0 0 2070431587 276859 0 1747954829
k11 v33 0 0 2070431587 276860 0 2466898442
k16 v55 0 0 2070431587 276861 0 2394280950
k6 v88 0 0 2070431587 276862 0 2977057180
k1 v48 0 0 2070431587 276863 0 3923504574
k7 v20 0 0 2070431586 276864 0 3961314025
k19 v45 0 0 2070431587 276865 0 50548452
k11 v39 0 0 2070431587 276866 0 2454119858
k6 v67 0 0 2070431586 276867 0 2952774102
k5 v93 0 0 2070431587 276868 0 2429583565
k12 v16 0 0 2070431586 276869 0 936030594
k11 v71 0 0 2070431586 276870 0 2253847188
k14 v14 0 0 2070431587 276871 0 360666581
k7 v21 0 0 2070431586 276872 0 3739429918
k2 v52 0 0 2070431586 276873 0 2593758602
k1 v90 0 0 2070431587 276874 0 2454866351
k2 v89 0 0 2070431587 276875 0 2596941753
k11 v37 0 0 2070431586 276876 0 1188480124
k19 v15 0 0 2070431587 276877 0 3184836980
k3 v91 0 0 2070431587 276878 0 3054956044
k4 v71 0 0 2070431587 276879 0 175852371
k0 v35 0 0 2070431587 276880 0 2360211798
k0 v81 0 0 2070431586 276881 0 1226680389
k4 v30 0 0 2070431587 276882 0 2504911448
k13 v8 0 0 2070431587 276883 0 1923569727
k15 v4 0 0 2070431587 276884 0 2619451795
k15 v11 0 0 2070431587 276885 0 3400985895
k19 v10 0 0 2070431587 276886 0 2216257303
k10 v35 0 0 2070431586 276887 0 86781528
k12 v69 0 0 2070431587 276888 0 4254948142
k10 v80 0 0 2070431587 276889 0 576936130
k12 v38 0 0 2070431587 276890 0 3703703410
k15 v70 0 0 2070431587 276891 0 1010990228
k6 v83 0 0 2070431586 276892 0 1157010759
k9 v50 0 0 2070431587 276893 0 3762273417
k4 v78 0 0 2070431586 276894 0 2170418558
k13 v8 0 0 2070431586 276895 0 3918894352
k12 v50 0 0 2070431587 276896 0 3783160704
k0 v60 0 0 2070431587 276897 0 1686590108
k1 v20 0 0 2070431587 276898 0 1788190780
k0 v73 0 0 2070431587 276899 0 3396841798
k19 v87 0 0 2070431587 276900 0 1065409079
k11 v55 0 0 2070431587 276901 0 1144869007
k18 v82 0 0 2070431586 276902 0 1910866656
k6 v53 0 0 2070431587 276903 0 2398844449
k6 v59 0 0 2070431587 276904 0 2528067800
k1 v16 0 0 2070431587 276905 0 2540412333
k1 v23 0 0 2070431587 276906 0 3973225618
k10 v47 0 0 2070431587 276907 0 3691047119
k16 v80 0 0 2070431587 276908 0 1612524836
k4 v64 0 0 2070431587 276909 0 64514354
k18 v95 0 0 2070431588 276910 0 688242026
k16 v15 0 0 2070431588 276911 0 4171215873
k5 v44 0 0 2070431586 276912 0 1391669753
k14 v69 0 0 2070431587 276913 0 1154395253
k17 v32 0 0 2070431588 276914 0 454757758
k4 v18 0 0 2070431587 276915 0 343865274
k12 v67 0 0 2070431588 276916 0 346780545
k16 v12 0 0 2070431587 276917 0 2527176632
k16 v12 0 0 2070431587 276918 0 288996215
k0 v68 0 0 2070431588 276919 0 139496913
k16 v53 0 0 2070431587 276920 0 2889396443
k4 v38 0 0 2070431588 276921 0 1336975158
k11 v38 0 0 2070431587 276922 0 754504777
k3 v57 0 0 2070431587 276923 0 1488781905
k19 v86 0 0 2070431588 276924 0 3828343479
k9 v31 0 0 2070431588 276925 0 1224130471
k12 v26 0 0 2070431588 276926 0 1634988581
k0 v77 0 0 2070431587 276927 0 2935029525
k9 v48 0 0 2070431588 276928 0 1812179526
k17 v54 0 0 2070431587 276929 0 130893781
k3 v92 0 0 2070431588 276930 0 3086218459
k19 v83 0 0 2070431588 276931 0 3004214490
k10 v38 0 0 2070431587 276932 0 3058259114
k17 v33 0 0 2070431588 276933 0 851014801
k9 v66 0 0 2070431587 276934 0 3848853451
k15 v25 0 0 2070431588 276935 0 2458656437
k0 v13 0 0 2070431586 276936 0 3260238434
k14 v56 0 0 2070431587 276937 0 614944733
k16 v67 0 0 2070431587 276938 0 1355823454
k9 v55 0 0 2070431587 276939 0 2222024367
k17 v28 0 0 2070431588 276940 0 2977114417
k19 v23 0 0 2070431588 276941 0 2003415636
k0 v64 0 0 2070431588 276942 0 1046063898
k11 v47 0 0 2070431588 276943 0 4248206703
k12 v17 0 0 2070431588 276944 0 1236358576
k1 v91 0 0 2070431588 276945 0 2381613112
k15 v96 0 0 2070431587 276946 0 2492174080
k15 v8 0 0 2070431588 276947 0 213666582
k7 v97 0 0 2070431588 276948 0 1370692058
k16 v40 0 0 2070431588 276949 0 2418322392
k7 v99 0 0 2070431588 276950 0 2169549442
k4 v88 0 0 2070431588 276951 0 336790054
k18 v41 0 0 2070431588 276952 0 4194701886
k2 v26 0 0 2070431588 276953 0 320950706
k3 v72 0 0 2070431588 276954 0 81609181
k19 v11 0 0 2070431588 276955 0 2736253192
k8 v99 0 0 2070431588 276956 0 2701840012
k2 v30 0 0 2070431588 276957 0 1823771389
k14 v17 0 0 2070431588 276958 0 151782129
k19 v19 0 0 2070431566 276959 0 1328658710
k14 v47 0 0 2070431588 276960 0 1320202629
k16 v58 0 0 2070431588 276961 0 1501077650
k18 v74 0 0 2070431588 276962 0 2832531099
k2 v84 0 0 2070431588 276963 0 446665068
k16 v23 0 0 2070431588 276964 0 2140817911
k11 v72 0 0 2070431588 276965 0 4168899707
k2 v48 0 0 2070431588 276966 0 2211796239
k12 v1 0 0 2070431588 276967 0 2455588044
k3 v54 0 0 2070431588 276968 0 3402181664
k14 v62 0 0 2070431587 276969 0 2300365058
k6 v25 0 0 2070431588 276970 0 2491234886
k18 v95 0 0 2070431589 276971 0 4164546567
k9 v88 0 0 2070431589 276972 0 1803980148
k5 v28 0 0 2070431589 276973 0 3008255627
k3 v99 0 0 2070431589 276974 0 709755621
k0 v90 0 0 2070431587 276975 0 2827416927
k10 v26 0 0 2070431589 276976 0 1183114169
k7 v0 0 0 2070431588 276977 0 3617495795
k0 v52 0 0 2070431589 276978 0 4117226081
k9 v91 0 0 2070431589 276979 0 4011080405
k10 v42 0 0 2070431589 276980 0 2740120989
k16 v0 0 0 2070431588 276981 0 4150226438
k19 v8 0 0 2070431588 276982 0 2637427511
k10 v24 0 0 2070431589 276983 0 4200670797
k12 v46 0 0 2070431588 276984 0 2834239671
k2 v64 0 0 2070431588 276985 0 2509510480
k11 v5 0 0 2070431589 276986 0 988222976
k8 v5 0 0 2070431589 276987 0 3883406607
k8 v68 0 0 2070431588 276988 0 505660473
k1 v93 0 0 2070431589 276989 0 775899202
k13 v48 0 0 2070431589 276990 0 2204114601
k5 v36 0 0 2070431589 276991 0 231002618
k14 v93 0 0 2070431588 276992 0 2447831344
k19 v99 0 0 2070431588 276993 0 1149134894
k5 v2 0 0 2070431588 276994 0 313744182
k17 v8 0 0 2070431588 276995 0 402813767
k7 v15 0 0 2070431589 276996 0 3833518179
k4 v68 0 0 2070431589 276997 0 1412845802
k1 v47 0 0 2070431589 276998 0 3503978046
k0 v75 0 0 2070431589 276999 0 3814873540
k7 v49 0 0 2070431588 277000 0 1864538112
k12 v25 0 0 2070431588 277001 0 3262618492
k3 v97 0 0 2070431588 277002 0 3965820453
k11 v28 0 0 2070431588 277003 0 821413486
k2 v48 0 0 2070431589 277004 0 967585179
k13 v35 0 0 2070431589 277005 0 1847080876
k1 v38 0 0 2070431589 277006 0 345567356
k9 v57 0 0 2070431589 277007 0 2274949116
k5 v70 0 0 2070431589 277008 0 90549864
k11 v15 0 0 2070431588 277009 0 123054762
k3 v90 0 0 2070431589 277010 0 4068159645
k13 v1 0 0 2070431582 277011 0 130606077
k4 v82 0 0 2070431589 277012 0 3823124387
k14 v90 0 0 2070431589 277013 0 2777004711
k1 v34 0 0 2070431588 277014 0 955303356
k8 v64 0 0 2070431589 277015 0 4222147252
k2 v28 0 0 2070431587 277016 0 3924767450
k6 v51 0 0 2070431588 277017 0 3100891912
k12 v70 0 0 2070431589 277018 0 2020875686
k17 v25 0 0 2070431589 277019 0 1558786202
k5 v71 0 0 2070431589 277020 0 2875181896
k19 v44 0 0 2070431589 277021 0 3898542871
k9 v82 0 0 2070431589 277022 0 2050001307
k0 v49 0 0 2070431589 277023 0 4254631837
k19 v64 0 0 2070431589 277024 0 1911356975
k15 v11 0 0 2070431589 277025 0 712997788
k2 v18 0 0 2070431589 277026 0 2235374674
k12 v86 0 0 2070431589 277027 0 899460555
k3 v67 0 0 2070431589 277028 0 2511678833
k17 v66 0 0 2070431589 277029 0 3825190834
k0 v77 0 0 2070431589 277030 0 3046209517
k12 v9 0 0 2070431589 277031 0 3553991095
k16 v68 0 0 2070431589 277032 0 2202195453
k14 v83 0 0 2070431589 277033 0 2524094621
k3 v13 0 0 2070431589 277034 0 533226827
k1 v90 0 0 2070431589 277035 0 1629406047
k4 v76 0 0 2070431589 277036 0 2263894718
k18 v39 0 0 2070431588 277037 0 933800985
k16 v88 0 0 2070431589 277038 0 2858561991
k0 v96 0 0 2070431589 277039 0 3539729234
k10 v77 0 0 2070431589 277040 0 3132366911
k4 v71 0 0 2070431587 277041 0 942702173
k13 v36 0 0 2070431589 277042 0 2314814589
k4 v70 0 0 2070431589 277043 0 2062235051
k13 v14 0 0 2070431589 277044 0 4054422538
k3 v0 0 0 2070431589 277045 0 932033420
k9 v71 0 0 2070431589 277046 0 4184732361
k14 v92 0 0 2070431589 277047 0 233622468
k3 v80 0 0 2070431590 277048 0 2877813896
k15 v59 0 0 2070431589 277049 0 224762411
k18 v76 0 0 2070431589 277050 0 3735564904
k18 v42 0 0 2070431589 277051 0 4064307859
k10 v56 0 0 2070431589 277052 0 149099185
k11 v19 0 0 2070431589 277053 0 3840785854
k2 v87 0 0 2070431589 277054 0 1962119836
k6 v62 0 0 2070431590 277055 0 2646987145
k2 v29 0 0 2070431590 277056 0 2520759322
k9 v74 0 0 2070431589 277057 0 3393092000
k8 v28 0 0 2070431590 277058 0 2163489309
k7 v11 0 0 2070431590 277059 0 1817034691
k18 v62 0 0 2070431590 277060 0 99478430
k15 v19 0 0 2070431589 277061 0 3569467638
k7 v12 0 0 2070431590 277062 0 576099739
k16 v21 0 0 2070431590 277063 0 2128855152
k5 v0 0 0 2070431590 277064 0 1473708875
k19 v18 0 0 2070431590 277065 0 3709588329
k5 v71 0 0 2070431589 277066 0 4195140626
k1 v4 0 0 2070431589 277067 0 1719805881
k18 v8 0 0 2070431589 277068 0 4138218707
k19 v20 0 0 2070431590 277069 0 2540423220
k5 v66 0 0 2070431590 277070 0 3678282694
k0 v24 0 0 2070431590 277071 0 2168269815
k18 v20 0 0 2070431590 277072 0 3996029212
k10 v76 0 0 2070431590 277073 0 4270651787
k4 v6 0 0 2070431589 277074 0 3442122497
k7 v25 0 0 2070431589 277075 0 4273685107
k3 v28 0 0 2070431589 277076 0 1671149198
k2 v38 0 0 2070431590 277077 0 1981669869
k9 v78 0 0 2070431589 277078 0 2635369706
k12 v84 0 0 2070431590 277079 0 1865300810
k2 v32 0 0 2070431588 277080 0 2710282207
k19 v45 0 0 2070431590 277081 0 2291907311
k12 v30 0 0 2070431590 277082 0 2542257520
k17 v79 0 0 2070431589 277083 0 4156709201
k10 v17 0 0 2070431590 277084 0 701175537
k15 v36 0 0 2070431590 277085 0 710694604
k17 v13 0 0 2070431590 277086 0 598280068
k17 v93 0 0 2070431590 277087 0 524304307
k2 v87 0 0 2070431590 277088 0 3635036587
k13 v96 0 0 2070431590 277089 0 2853528497
k10 v88 0 0 2070431588 277090 0 1313623293
k13 v51 0 0 2070431590 277091 0 3040946384
k4 v84 0 0 2070431590 277092 0 1642396838
k19 v19 0 0 2070431590 277093 0 3849980052
k2 v0 0 0 2070431590 277094 0 961706550
k7 v28 0 0 2070431590 277095 0 1245734588
k10 v77 0 0 2070431590 277096 0 3959561090
k8 v39 0 0 2070431590 277097 0 4106970990
k5 v76 0 0 2070431590 277098 0 2258831194
k1 v75 0 0 2070431589 277099 0 947508522
k4 v0 0 0 2070431590 277100 0 2560801112
k9 v33 0 0 2070431590 277101 0 3650803432
k6 v45 0 0 2070431590 277102 0 1769162030
k6 v13 0 0 2070431590 277103 0 2036887199
k18 v67 0 0 2070431588 277104 0 849668772
k15 v29 0 0 2070431590 277105 0 2142671790
k6 v31 0 0 2070431590 277106 0 706080043
k3 v6 0 0 2070431590 277107 0 907643914
k3 v0 0 0 2070431589 277108 0 1033241208
k2 v46 0 0 2070431590 277109 0 628256956
k13 v90 0 0 2070431591 277110 0 2217941337
k17 v92 0 0 2070431589 277111 0 2468671729
k14 v11 0 0 2070431590 277112 0 1283707355
k0 v62 0 0 2070431590 277113 0 2581646284
k4 v77 0 0 2070431590 277114 0 1655549721
k6 v43 0 0 2070431591 277115 0 1870210197
k9 v96 0 0 2070431589 277116 0 1972501860
k11 v42 0 0 2070431590 277117 0 2287051830
k13 v49 0 0 2070431591 277118 0 478671094
k1 v9 0 0 2070431591 277119 0 926773900
k18 v45 0 0 2070431591 277120 0 1936884567
k8 v5 0 0 2070431590 277121 0 1280653672
k14 v67 0 0 2070431590 277122 0 2734781455
k8 v66 0 0 2070431590 277123 0 3589463530
k17 v11 0 0 2070431591 277124 0 2731602343
k19 v26 0 0 2070431590 277125 0 4773204
k11 v59 0 0 2070431590 277126 0 1050948552
k10 v83 0 0 2070431590 277127 0 1124648496
k7 v43 0 0 2070431591 277128 0 1138888277
k12 v34 0 0 2070431590 277129 0 2411009361
k16 v32 0 0 2070431590 277130 0 3687512169
k6 v53 0 0 2070431591 277131 0 2538321505
k0 v95 0 0 2070431591 277132 0 3800303552
k16 v52 0 0 2070431591 277133 0 3396382450
k12 v7 0 0 2070431589 277134 0 266748400
k6 v43 0 0 2070431591 277135 0 1828581627
k9 v77 0 0 2070431590 277136 0 3364426132
k0 v53 0 0 2070431591 277137 0 752575389
k12 v58 0 0 2070431591 277138 0 2127394452
k14 v82 0 0 2070431591 277139 0 1977097154
k18 v36 0 0 2070431591 277140 0 2981180535
k6 v65 0 0 2070431591 277141 0 1832501202
k1 v75 0 0 2070431591 277142 0 2943874849
k8 v40 0 0 2070431591 277143 0 2100444526
k19 v91 0 0 2070431591 277144 0 1859958079
k8 v26 0 0 2070431590 277145 0 2514223717
k2 v0 0 0 2070431591 277146 0 2007690268
k15 v36 0 0 2070431591 277147 0 1701227217
k11 v45 0 0 2070431591 277148 0 619502623
k3 v74 0 0 2070431591 277149 0 3295856197
k14 v0 0 0 2070431591 277150 0 942410659
k2 v65 0 0 2070431590 277151 0 2685236456
k3 v34 0 0 2070431591 277152 0 884830466
k10 v7 0 0 2070431591 277153 0 2934205939
k19 v91 0 0 2070431589 277154 0 2877346046
k12 v73 0 0 2070431591 277155 0 425258606
k2 v27 0 0 2070431591 277156 0 4224815238
k14 v55 0 0 2070431589 277157 0 1658678728
k8 v1 0 0 2070431591 277158 0 446660451
k10 v52 0 0 2070431591 277159 0 3654830256
k4 v15 0 0 2070431591 277160 0 4090957644
k16 v69 0 0 2070431590 277161 0 2068518814
k0 v37 0 0 2070431591 277162 0 4021795756
k16 v48 0 0 2070431591 277163 0 74731449
k0 v86 0 0 2070431591 277164 0 2187767033
k19 v47 0 0 2070431591 277165 0 1488012182
k14 v46 0 0 2070431591 277166 0 2372739954
k10 v3 0 0 2070431590 277167 0 1250557289
k6 v25 0 0 2070431591 277168 0 2911294542
k14 v79 0 0 2070431591 277169 0 225758591
k15 v32 0 0 2070431591 277170 0 1720477974
k16 v72 0 0 2070431591 277171 0 462120401
k3 v57 0 0 2070431591 277172 0 1856892256
k0 v50 0 0 2070431591 277173 0 3759621007
k17 v32 0 0 2070431591 277174 0 4017520635
k16 v79 0 0 2070431592 277175 0 3273276494
k13 v99 0 0 2070431592 277176 0 2698455162
k8 v44 0 0 2070431592 277177 0 3682249353
k2 v54 0 0 2070431591 277178 0 2694357748
k15 v61 0 0 2070431592 277179 0 457908051
k16 v34 0 0 2070431592 277180 0 295275808
k13 v49 0 0 2070431591 277181 0 3264507952
k12 v95 0 0 2070431591 277182 0 153975455
k9 v81 0 0 2070431591 277183 0 3174504533
k16 v62 0 0 2070431592 277184 0 2096452308
k17 v10 0 0 2070431591 277185 0 3543891574
k16 v82 0 0 2070431592 277186 0 2634824934
k16 v8 0 0 2070431592 277187 0 1118901990
k18 v48 0 0 2070431592 277188 0 2397212103
k14 v21 0 0 2070431592 277189 0 2577249793
k18 v53 0 0 2070431591 277190 0 1692300029
k18 v36 0 0 2070431592 277191 0 788369798
k12 v91 0 0 2070431592 277192 0 3364748306
k16 v66 0 0 2070431591 277193 0 4061414046
k1 v50 0 0 2070431592 277194 0 2956203381
k6 v62 0 0 2070431590 277195 0 744705928
k15 v56 0 0 2070431591 277196 0 2191002885
k19 v96 0 0 2070431592 277197 0 585290975
k8 v12 0 0 2070431592 277198 0 1601995196
k6 v40 0 0 2070431592 277199 0 3975770120
k3 v56 0 0 2070431592 277200 0 2693335596
k14 v30 0 0 2070431592 277201 0 3076487815
k18 v2 0 0 2070431591 277202 0 826853288
k10 v58 0 0 2070431591 277203 0 1616669953
k0 v37 0 0 2070431591 277204 0 2950025078
k16 v37 0 0 2070431592 277205 0 3756116729
k8 v43 0 0 2070431592 277206 0 887063600
k1 v44 0 0 2070431592 277207 0 1464515088
k2 v28 0 0 2070431591 277208 0 229875756
k13 v25 0 0 2070431592 277209 0 3178183584
k13 v14 0 0 2070431592 277210 0 1930843003
k6 v38 0 0 2070431591 277211 0 1110791007
k7 v8 0 0 2070431592 277212 0 1600479884
k18 v86 0 0 2070431592 277213 0 1585546951
k12 v98 0 0 2070431592 277214 0 2060273718
k3 v33 0 0 2070431592 277215 0 25903495
k15 v7 0 0 2070431592 277216 0 53046951
k1 v60 0 0 2070431592 277217 0 4238424579
k14 v50 0 0 2070431592 277218 0 2439163455
k0 v91 0 0 2070431589 277219 0 2586984740
k18 v99 0 0 2070431592 277220 0 2494535906
k5 v92 0 0 2070431592 277221 0 775584749
k13 v87 0 0 2070431592 277222 0 1457997954
k8 v84 0 0 2070431593 277223 0 1355354075
k17 v43 0 0 2070431592 277224 0 2030544899
k14 v89 0 0 2070431592 277225 0 1994853772
k14 v52 0 0 2070431593 277226 0 197348346
k3 v13 0 0 2070431592 277227 0 3577715745
k16 v91 0 0 2070431592 277228 0 752809220
k4 v60 0 0 2070431592 277229 0 4216054419
k11 v44 0 0 2070431591 277230 0 2661864506
k8 v64 0 0 2070431592 277231 0 2086144832
k0 v30 0 0 2070431593 277232 0 1487435591
k1 v20 0 0 2070431593 277233 0 1159343948
k0 v19 0 0 2070431592 277234 0 3726654678
k14 v65 0 0 2070431592 277235 0 2010928864
k17 v31 0 0 2070431593 277236 0 628117756
k0 v22 0 0 2070431593 277237 0 1892382224
k6 v89 0 0 2070431592 277238 0 628591432
k12 v27 0 0 2070431593 277239 0 574495039
k14 v1 0 0 2070431593 277240 0 203027009
k3 v18 0 0 2070431593 277241 0 2033245427
k3 v10 0 0 2070431593 277242 0 3485882754
k14 v97 0 0 2070431593 277243 0 1857560287
k13 v76 0 0 2070431592 277244 0 759310302
k18 v69 0 0 2070431593 277245 0 1844092837
k3 v75 0 0 2070431592 277246 0 3132574145
k10 v37 0 0 2070431593 277247 0 3418255939
k5 v24 0 0 2070431590 277248 0 1671408939
k19 v99 0 0 2070431593 277249 0 372880723
k16 v78 0 0 2070431590 277250 0 2283704240
k18 v77 0 0 2070431592 277251 0 1120729329
k7 v57 0 0 2070431593 277252 0 1038430222
k14 v56 0 0 2070431593 277253 0 1024868963
k3 v27 0 0 2070431593 277254 0 33861699
k2 v79 0 0 2070431593 277255 0 347580308
k19 v82 0 0 2070431593 277256 0 1036770125
k2 v50 0 0 2070431593 277257 0 989407647
k10 v61 0 0 2070431593 277258 0 1155800651
k17 v34 0 0 2070431593 277259 0 2381308062
k7 v88 0 0 2070431593 277260 0 3655013031
k12 v43 0 0 2070431593 277261 0 1425850179
k7 v58 0 0 2070431591 277262 0 18479371
k17 v77 0 0 2070431593 277263 0 3356950332
k15 v82 0 0 2070431593 277264 0 224322851
k1 v89 0 0 2070431593 277265 0 738308062
k19 v55 0 0 2070431593 277266 0 1981304276
k2 v43 0 0 2070431593 277267 0 147610002
k18 v25 0 0 2070431593 277268 0 437193942
k3 v1 0 0 2070431591 277269 0 2471285973
k8 v6 0 0 2070431593 277270 0 1612066565
k11 v1 0 0 2070431593 277271 0 1556974233
k9 v35 0 0 2070431593 277272 0 4024542838
k1 v59 0 0 2070431593 277273 0 3544771644
k8 v24 0 0 2070431593 277274 0 3631567868
k15 v27 0 0 2070431593 277275 0 4282082881
k5 v65 0 0 2070431591 277276 0 1148060063
k15 v3 0 0 2070431593 277277 0 2633549971
k18 v52 0 0 2070431593 277278 0 2473477674
k0 v49 0 0 2070431593 277279 0 755920380
k3 v2 0 0 2070431593 277280 0 2778466337
k17 v85 0 0 2070431593 277281 0 1986349334
k12 v51 0 0 2070431593 277282 0 542848152
k9 v25 0 0 2070431593 277283 0 1652315028
k5 v32 0 0 2070431594 277284 0 1501760498
k11 v67 0 0 2070431593 277285 0 3871507540
k10 v96 0 0 2070431594 277286 0 1965785138
k15 v38 0 0 2070431592 277287 0 3921588447
k1 v23 0 0 2070431593 277288 0 85087404
k5 v88 0 0 2070431594 277289 0 3855900180
k19 v80 0 0 2070431594 277290 0 2726361658
k1 v74 0 0 2070431593 277291 0 3111494756
k1 v75 0 0 2070431592 277292 0 999672959
k10 v51 0 0 2070431593 277293 0 3574905863
k10 v63 0 0 2070431594 277294 0 557897654
k6 v95 0 0 2070431592 277295 0 3517107878
k0 v82 0 0 2070431594 277296 0 2947859349
k2 v18 0 0 2070431594 277297 0 3053718507
k9 v28 0 0 2070431594 277298 0 1021243356
k14 v82 0 0 2070431593 277299 0 685717127
k16 v64 0 0 2070431592 277300 0 950047542
k19 v48 0 0 2070431594 277301 0 2787527918
k11 v30 0 0 2070431594 277302 0 2039352545
k13 v73 0 0 2070431594 277303 0 810788664
k6 v38 0 0 2070431594 277304 0 3470566444
k7 v40 0 0 2070431594 277305 0 3095932755
k14 v36 0 0 2070431594 277306 0 49160055
k16 v29 0 0 2070431593 277307 0 534972281
k5 v67 0 0 2070431593 277308 0 4025822208
k6 v39 0 0 2070431594 277309 0 504750375
k16 v16 0 0 2070431594 277310 0 1545863250
k9 v63 0 0 2070431593 277311 0 1912468626
k15 v57 0 0 2070431594 277312 0 1869177872
k14 v47 0 0 2070431594 277313 0 1926970395
k19 v87 0 0 2070431594 277314 0 2433199984
k15 v82 0 0 2070431594 277315 0 2742267035
k19 v58 0 0 2070431594 277316 0 2004824960
k10 v97 0 0 2070431594 277317 0 3191527135
k5 v68 0 0 2070431592 277318 0 1577203336
k3 v61 0 0 2070431594 277319 0 2483065280
k1 v61 0 0 2070431594 277320 0 2853324601
k11 v3 0 0 2070431594 277321 0 582045826
k6 v65 0 0 2070431594 277322 0 2691716684
k6 v30 0 0 2070431594 277323 0 532820023
k18 v99 0 0 2070431594 277324 0 2383426308
k19 v94 0 0 2070431594 277325 0 3123310140
k19 v55 0 0 2070431594 277326 0 3278408564
k2 v22 0 0 2070431594 277327 0 786866610
k1 v78 0 0 2070431592 277328 0 3284314844
k6 v62 0 0 2070431594 277329 0 2730502420
k12 v31 0 0 2070431594 277330 0 1518129729
k10 v30 0 0 2070431594 277331 0 3415608239
k8 v16 0 0 2070431594 277332 0 2324678325
k16 v91 0 0 2070431594 277333 0 2956666906
k2 v94 0 0 2070431594 277334 0 3737554438
k6 v4 0 0 2070431594 277335 0 2842499052
k11 v44 0 0 2070431594 277336 0 950934205
k19 v47 0 0 2070431594 277337 0 2393187600
k3 v46 0 0 2070431594 277338 0 2334118657
k15 v43 0 0 2070431595 277339 0 2458124780
k15 v58 0 0 2070431594 277340 0 655078488
k19 v12 0 0 2070431593 277341 0 1910295088
k2 v60 0 0 2070431595 277342 0 1132551148
k17 v82 0 0 2070431594 277343 0 510925343
k12 v4 0 0 2070431594 277344 0 2205668262
k0 v10 0 0 2070431595 277345 0 2293340314
k12 v94 0 0 2070431594 277346 0 3822435158
k13 v19 0 0 2070431594 277347 0 4062080792
k10 v44 0 0 2070431595 277348 0 4105948156
k12 v95 0 0 2070431595 277349 0 3447757889
k4 v58 0 0 2070431595 277350 0 2071623026
k6 v22 0 0 2070431595 277351 0 2969940412
k8 v64 0 0 2070431594 277352 0 757811923
k19 v66 0 0 2070431595 277353 0 2739774979
k3 v91 0 0 2070431595 277354 0 2786642145
k15 v66 0 0 2070431594 277355 0 962126766
k2 v95 0 0 2070431594 277356 0 2367335280
k4 v92 0 0 2070431595 277357 0 1411731014
k16 v36 0 0 2070431595 277358 0 3147440997
k10 v39 0 0 2070431595 277359 0 869535871
k10 v8 0 0 2070431593 277360 0 322715582
k1 v57 0 0 2070431595 277361 0 2274869516
k19 v78 0 0 2070431595 277362 0 1043522018
k15 v17 0 0 2070431594 277363 0 1640253295
k17 v0 0 0 2070431595 277364 0 1228741583
k19 v11 0 0 2070431592 277365 0 1966577166
k11 v51 0 0 2070431593 277366 0 2163245774
k15 v93 0 0 2070431593 277367 0 1685219677
k1 v49 0 0 2070431595 277368 0 3497505468
k0 v30 0 0 2070431595 277369 0 3276014213
k3 v63 0 0 2070431594 277370 0 2340495543
k16 v40 0 0 2070431592 277371 0 2396872406
k8 v22 0 0 2070431595 277372 0 1960773453
k16 v11 0 0 2070431595 277373 0 1584040238
k10 v60 0 0 2070431595 277374 0 4032942221
k19 v88 0 0 2070431595 277375 0 1017418300
k18 v51 0 0 2070431595 277376 0 3700902028
k8 v74 0 0 2070431595 277377 0 11069944
k2 v62 0 0 2070431595 277378 0 1910930355
k9 v19 0 0 2070431595 277379 0 1161047497
k4 v27 0 0 2070431594 277380 0 2859471046
k10 v16 0 0 2070431594 277381 0 2804185318
k5 v92 0 0 2070431595 277382 0 3136930692
k8 v51 0 0 2070431595 277383 0 2698427043
k17 v37 0 0 2070431593 277384 0 663496495
k18 v32 0 0 2070431594 277385 0 1775768800
k12 v64 0 0 2070431595 277386 0 1785777538
k15 v57 0 0 2070431595 277387 0 3513101124
k0 v85 0 0 2070431594 277388 0 1762477530
k6 v14 0 0 2070431595 277389 0 2386147281
k16 v69 0 0 2070431595 277390 0 2347083533
k18 v43 0 0 2070431595 277391 0 3428582995
k11 v15 0 0 2070431595 277392 0 1975248530
k5 v54 0 0 2070431595 277393 0 285739242
k3 v69 0 0 2070431595 277394 0 2127325209
k19 v30 0 0 2070431595 277395 0 4111327761
k13 v79 0 0 2070431596 277396 0 1472581553
k17 v30 0 0 2070431595 277397 0 709407183
k5 v14 0 0 2070431595 277398 0 3758478746
k1 v2 0 0 2070431595 277399 0 622820925
k13 v30 0 0 2070431595 277400 0 4149446061
k13 v88 0 0 2070431595 277401 0 763357643
k7 v64 0 0 2070431595 277402 0 211643287
k16 v83 0 0 2070431596 277403 0 949705877
k18 v40 0 0 2070431595 277404 0 2357509354
k19 v60 0 0 2070431595 277405 0 3928516098
k5 v8 0 0 2070431596 277406 0 3048887577
k15 v95 0 0 2070431596 277407 0 837533415
k12 v94 0 0 2070431595 277408 0 723650083
k4 v37 0 0 2070431595 277409 0 3137749390
k7 v75 0 0 2070431596 277410 0 1264311321
k9 v58 0 0 2070431596 277411 0 3987135444
k6 v88 0 0 2070431596 277412 0 408608204
k0 v65 0 0 2070431596 277413 0 2299892970
k2 v76 0 0 2070431596 277414 0 464592784
k15 v63 0 0 2070431596 277415 0 3391726761
k3 v36 0 0 2070431596 277416 0 2685244285
k13 v81 0 0 2070431596 277417 0 215273069
k9 v98 0 0 2070431596 277418 0 191851856
k1 v32 0 0 2070431596 277419 0 2230236930
k7 v22 0 0 2070431596 277420 0 628769782
k5 v79 0 0 2070431596 277421 0 1856421123
k19 v16 0 0 2070431596 277422 0 3316005061
k15 v10 0 0 2070431596 277423 0 1484486372
k18 v26 0 0 2070431594 277424 0 833941513
k12 v35 0 0 2070431596 277425 0 3084294318
k2 v30 0 0 2070431596 277426 0 3172686373
k19 v44 0 0 2070431596 277427 0 4282137897
k8 v28 0 0 2070431596 277428 0 3434525256
k11 v35 0 0 2070431595 277429 0 3809077628
k18 v46 0 0 2070431591 277430 0 3938931864
k10 v33 0 0 2070431595 277431 0 893550146
k11 v96 0 0 2070431596 277432 0 3777960098
k15 v71 0 0 2070431595 277433 0 1147938224
k16 v13 0 0 2070431596 277434 0 3484745443
k12 v29 0 0 2070431596 277435 0 4210576620
k19 v25 0 0 2070431596 277436 0 1958697183
k3 v68 0 0 2070431596 277437 0 776583696
k17 v15 0 0 2070431596 277438 0 2085734126
k14 v13 0 0 2070431596 277439 0 2542555975
k7 v31 0 0 2070431596 277440 0 293925136
k17 v53 0 0 2070431596 277441 0 1040642636
k1 v38 0 0 2070431596 277442 0 918817820
k1 v73 0 0 2070431596 277443 0 257204894
k14 v61 0 0 2070431596 277444 0 2219101019
k0 v84 0 0 2070431596 277445 0 1865205361
k18 v90 0 0 2070431596 277446 0 2682650372
k8 v95 0 0 2070431596 277447 0 2803785485
k4 v90 0 0 2070431596 277448 0 199848296
k5 v38 0 0 2070431596 277449 0 3580654660
k5 v52 0 0 2070431595 277450 0 717948705
k5 v79 0 0 2070431594 277451 0 701279483
k3 v60 0 0 2070431596 277452 0 3395871829
k15 v42 0 0 2070431596 277453 0 450466248
k0 v27 0 0 2070431591 277454 0 330289631
k4 v71 0 0 2070431596 277455 0 153965284
k16 v35 0 0 2070431595 277456 0 392657816
k10 v95 0 0 2070431596 277457 0 2886678347
k18 v98 0 0 2070431596 277458 0 2642374159
k7 v82 0 0 2070431596 277459 0 818013745
k17 v53 0 0 2070431596 277460 0 614012771
k5 v32 0 0 2070431596 277461 0 1227131420
k12 v64 0 0 2070431596 277462 0 400169686
k13 v50 0 0 2070431596 277463 0 2688657657
k13 v10 0 0 2070431595 277464 0 1937128806
k14 v23 0 0 2070431597 277465 0 2319867101
k7 v32 0 0 2070431597 277466 0 660197292
k14 v77 0 0 2070431596 277467 0 3071562429
k5 v54 0 0 2070431596 277468 0 3942164806
k2 v27 0 0 2070431597 277469 0 2411645861
k17 v55 0 0 2070431597 277470 0 1842536479
k16 v75 0 0 2070431597 277471 0 192822007
k18 v40 0 0 2070431597 277472 0 2645822100
k19 v82 0 0 2070431597 277473 0 3793332800
k15 v77 0 0 2070431595 277474 0 2282194558
k9 v93 0 0 2070431596 277475 0 2285827287
k19 v67 0 0 2070431597 277476 0 1730904746
k13 v18 0 0 2070431597 277477 0 2254951773
k3 v57 0 0 2070431597 277478 0 1710488671
k19 v83 0 0 2070431597 277479 0 2106685836
k11 v29 0 0 2070431596 277480 0 4248792693
k16 v94 0 0 2070431596 277481 0 2048936610
k1 v8 0 0 2070431595 277482 0 233526598
k19 v22 0 0 2070431597 277483 0 678684022
k17 v55 0 0 2070431597 277484 0 48390694
k4 v20 0 0 2070431597 277485 0 622558538
k4 v99 0 0 2070431597 277486 0 2825275624
k16 v54 0 0 2070431597 277487 0 3621511287
k8 v13 0 0 2070431597 277488 0 1156001435
k1 v5 0 0 2070431597 277489 0 443256157
k17 v41 0 0 2070431596 277490 0 2060559692
k19 v55 0 0 2070431597 277491 0 2468662536
k19 v29 0 0 2070431597 277492 0 47719800
k16 v13 0 0 2070431597 277493 0 1103687020
k12 v10 0 0 2070431597 277494 0 2709297138
k18 v5 0 0 2070431597 277495 0 1939380776
k16 v65 0 0 2070431596 277496 0 500236858
k7 v5 0 0 2070431595 277497 0 3053360921
k8 v65 0 0 2070431597 277498 0 2833342241
k14 v48 0 0 2070431597 277499 0 3923823186
k10 v69 0 0 2070431596 277500 0 3256530631
k13 v67 0 0 2070431595 277501 0 982774335
k11 v15 0 0 2070431597 277502 0 488932796
k9 v83 0 0 2070431597 277503 0 820486577
k9 v58 0 0 2070431597 277504 0 3842318941
k10 v39 0 0 2070431597 277505 0 4276405561
k18 v43 0 0 2070431597 277506 0 3951227834
k8 v13 0 0 2070431597 277507 0 1976566921
k11 v9 0 0 2070431597 277508 0 201770916
k12 v44 0 0 2070431597 277509 0 1618073897
k15 v5 0 0 2070431596 277510 0 2250279406
k17 v2 0 0 2070431596 277511 0 1345312700
k14 v81 0 0 2070431597 277512 0 1930216829
k12 v67 0 0 2070431597 277513 0 3492878115
k7 v57 0 0 2070431597 277514 0 1965754647
k9 v32 0 0 2070431597 277515 0 1559551187
k8 v89 0 0 2070431597 277516 0 2150921513
k7 v88 0 0 2070431597 277517 0 2320016550
k3 v6 0 0 2070431595 277518 0 2009162689
k8 v85 0 0 2070431597 277519 0 3566883853
k15 v48 0 0 2070431597 277520 0 397939531
k4 v7 0 0 2070431597 277521 0 3873334442
k17 v41 0 0 2070431597 277522 0 816074708
k13 v84 0 0 2070431597 277523 0 895615700
k18 v92 0 0 2070431596 277524 0 3677155549
k17 v78 0 0 2070431597 277525 0 4232558084
k15 v93 0 0 2070431597 277526 0 3678511590
k0 v68 0 0 2070431598 277527 0 4099447885
k5 v31 0 0 2070431597 277528 0 1146139576
k15 v3 0 0 2070431598 277529 0 3289187097
k17 v92 0 0 2070431597 277530 0 69764344
k19 v89 0 0 2070431598 277531 0 2227736239
k13 v96 0 0 2070431597 277532 0 2024778928
k12 v49 0 0 2070431597 277533 0 780765527
k12 v38 0 0 2070431598 277534 0 3026759714
k18 v80 0 0 2070431598 277535 0 2204847243
k7 v94 0 0 2070431598 277536 0 85716304
k5 v37 0 0 2070431597 277537 0 1177114773
k17 v40 0 0 2070431597 277538 0 2934896175
k3 v32 0 0 2070431598 277539 0 3351954898
k0 v49 0 0 2070431596 277540 0 733830705
k8 v19 0 0 2070431598 277541 0 2864101697
k0 v23 0 0 2070431598 277542 0 2905181049
k14 v71 0 0 2070431598 277543 0 4192840533
k16 v98 0 0 2070431598 277544 0 1884098367
k14 v7 0 0 2070431596 277545 0 544910604
k4 v90 0 0 2070431598 277546 0 945564081
k7 v48 0 0 2070431598 277547 0 1655208236
k1 v64 0 0 2070431597 277548 0 3861395875
k1 v35 0 0 2070431597 277549 0 393720961
k1 v36 0 0 2070431597 277550 0 1759389749
k13 v93 0 0 2070431597 277551 0 2089112542
k13 v57 0 0 2070431597 277552 0 776922761
k2 v73 0 0 2070431596 277553 0 3234830065
k11 v37 0 0 2070431598 277554 0 3131016588
k5 v43 0 0 2070431598 277555 0 2394437896
k7 v68 0 0 2070431598 277556 0 2662671143
k15 v52 0 0 2070431597 277557 0 2507780265
k11 v0 0 0 2070431595 277558 0 2958356422
k1 v68 0 0 2070431598 277559 0 4108799378
k7 v86 0 0 2070431597 277560 0 3653136259
k19 v77 0 0 2070431598 277561 0 3622733837
k16 v78 0 0 2070431598 277562 0 4133253223
k7 v44 0 0 2070431598 277563 0 3598079405
k8 v73 0 0 2070431597 277564 0 2890739262
k7 v21 0 0 2070431597 277565 0 2226861406
k14 v74 0 0 2070431598 277566 0 2895141729
k15 v14 0 0 2070431596 277567 0 3444545280
k6 v52 0 0 2070431598 277568 0 3037231353
k11 v48 0 0 2070431596 277569 0 226861523
k19 v27 0 0 2070431597 277570 0 2603894514
k0 v95 0 0 2070431598 277571 0 1586327715
k13 v84 0 0 2070431598 277572 0 4086490066
k17 v56 0 0 2070431596 277573 0 2638256621
k15 v84 0 0 2070431598 277574 0 1208104494
k16 v64 0 0 2070431597 277575 0 756228174
k9 v80 0 0 2070431598 277576 0 1045830679
k1 v52 0 0 2070431598 277577 0 1173067439
k2 v96 0 0 2070431598 277578 0 3446691273
k4 v10 0 0 2070431598 277579 0 2557510225
k12 v21 0 0 2070431598 277580 0 3141006509
k12 v13 0 0 2070431598 277581 0 335294851
k2 v60 0 0 2070431597 277582 0 768997929
k7 v14 0 0 2070431598 277583 0 1372323714
k19 v78 0 0 2070431598 277584 0 3700957539
k4 v18 0 0 2070431598 277585 0 2722258130
k0 v95 0 0 2070431598 277586 0 445686105
k5 v47 0 0 2070431598 277587 0 4206568320
k17 v15 0 0 2070431598 277588 0 3711065176
k5 v10 0 0 2070431598 277589 0 140455864
k10 v78 0 0 2070431598 277590 0 586950562
k18 v59 0 0 2070431598 277591 0 3137171454
k3 v14 0 0 2070431598 277592 0 1229849959
k4 v34 0 0 2070431598 277593 0 3257445877
k3 v1 0 0 2070431599 277594 0 1670172329
k0 v51 0 0 2070431599 277595 0 2234744487
k9 v24 0 0 2070431599 277596 0 2008666833
k2 v31 0 0 2070431599 277597 0 2897136138
k13 v26 0 0 2070431598 277598 0 136009941
k19 v16 0 0 2070431599 277599 0 1268480806
k2 v56 0 0 2070431598 277600 0 626551655
k17 v91 0 0 2070431599 277601 0 3085171702
k17 v56 0 0 2070431599 277602 0 1249969003
k1 v11 0 0 2070431599 277603 0 1200071471
k2 v66 0 0 2070431599 277604 0 4135595038
k12 v86 0 0 2070431599 277605 0 910053560
k14 v9 0 0 2070431599 277606 0 3727925302
k6 v35 0 0 2070431599 277607 0 4286256289
k0 v70 0 0 2070431599 277608 0 2891624112
k11 v37 0 0 2070431599 277609 0 3622147674
k0 v5 0 0 2070431599 277610 0 1825813474
k3 v51 0 0 2070431599 277611 0 2333899976
k16 v97 0 0 2070431599 277612 0 2187113731
k0 v17 0 0 2070431598 277613 0 2512371335
k13 v4 0 0 2070431599 277614 0 1045401710
k18 v17 0 0 2070431599 277615 0 94116846
k0 v58 0 0 2070431599 277616 0 1241792198
k2 v73 0 0 2070431598 277617 0 2761246453
k16 v35 0 0 2070431598 277618 0 3219202960
k1 v14 0 0 2070431599 277619 0 2535518605
k3 v21 0 0 2070431599 277620 0 4188435848
k11 v94 0 0 2070431598 277621 0 3196947811
k7 v44 0 0 2070431599 277622 0 377185088
k0 v38 0 0 2070431599 277623 0 3272110364
k0 v48 0 0 2070431599 277624 0 3853410691
k1 v41 0 0 2070431599 277625 0 2675595234
k16 v84 0 0 2070431598 277626 0 414122132
k1 v70 0 0 2070431599 277627 0 3006631109
k9 v42 0 0 2070431599 277628 0 2244224835
k11 v3 0 0 2070431598 277629 0 2316910583
k10 v0 0 0 2070431599 277630 0 775079709
k12 v15 0 0 2070431599 277631 0 1167453383
k6 v88 0 0 2070431599 277632 0 1761072005
k9 v85 0 0 2070431599 277633 0 2981969889
k11 v98 0 0 2070431599 277634 0 3718524516
k7 v21 0 0 2070431599 277635 0 2236566121
k8 v86 0 0 2070431598 277636 0 884632612
k4 v50 0 0 2070431598 277637 0 28748886
k7 v84 0 0 2070431599 277638 0 3663588400
k12 v7 0 0 2070431599 277639 0 820253511
k17 v70 0 0 2070431599 277640 0 525948317
k10 v53 0 0 2070431599 277641 0 999731397
k10 v71 0 0 2070431599 277642 0 1051825399
k5 v25 0 0 2070431599 277643 0 1965147098
k7 v62 0 0 2070431598 277644 0 3907068994
k8 v85 0 0 2070431599 277645 0 2044421174
k9 v91 0 0 2070431599 277646 0 414365158
k15 v54 0 0 2070431599 277647 0 396884631
k2 v38 0 0 2070431599 277648 0 3387361164
k13 v9 0 0 2070431599 277649 0 997927525
k4 v90 0 0 2070431599 277650 0 2983938928
k2 v16 0 0 2070431599 277651 0 3839597800
k13 v22 0 0 2070431599 277652 0 1797000466
k15 v2 0 0 2070431599 277653 0 2161469728
k12 v86 0 0 2070431599 277654 0 703505170
k7 v32 0 0 2070431598 277655 0 2098984977
k18 v60 0 0 2070431599 277656 0 2702950458
k13 v91 0 0 2070431599 277657 0 3878567688
k9 v91 0 0 2070431599 277658 0 2280911455
k3 v46 0 0 2070431599 277659 0 978483985
k8 v43 0 0 2070431599 277660 0 3019953157
k7 v17 0 0 2070431599 277661 0 416633520
k19 v60 0 0 2070431599 277662 0 1547850163
k5 v73 0 0 2070431599 277663 0 2141523268
k0 v33 0 0 2070431599 277664 0 3107116159
k0 v44 0 0 2070431598 277665 0 3827352939
k7 v80 0 0 2070431598 277666 0 3226658962
k15 v96 0 0 2070431599 277667 0 3924186552
k3 v7 0 0 2070431598 277668 0 2656695357
k3 v20 0 0 2070431598 277669 0 2258656709
k11 v49 0 0 2070431599 277670 0 1937241769
k10 v10 0 0 2070431599 277671 0 2222999533
k2 v64 0 0 2070431599 277672 0 1868295057
k5 v85 0 0 2070431599 277673 0 3058791816
k2 v85 0 0 2070431599 277674 0 2410249185
k15 v10 0 0 2070431599 277675 0 2076428718
k16 v74 0 0 2070431599 277676 0 2665172431
k3 v42 0 0 2070431599 277677 0 3921177000
k4 v19 0 0 2070431598 277678 0 1801646346
k0 v83 0 0 2070431599 277679 0 1404193680
k13 v29 0 0 2070431599 277680 0 1669359547
k14 v27 0 0 2070431600 277681 0 1291948864
k16 v8 0 0 2070431598 277682 0 869385938
k15 v73 0 0 2070431599 277683 0 2136039705
k10 v0 0 0 2070431598 277684 0 2325867878
k5 v0 0 0 2070431600 277685 0 648891780
k0 v61 0 0 2070431600 277686 0 2662104109
k13 v25 0 0 2070431599 277687 0 4294429847
k7 v24 0 0 2070431600 277688 0 1340415401
k11 v41 0 0 2070431599 277689 0 875748463
k5 v67 0 0 2070431598 277690 0 1112109539
k12 v26 0 0 2070431599 277691 0 2629150264
k15 v32 0 0 2070431599 277692 0 269878674
k4 v86 0 0 2070431599 277693 0 2283143068
k10 v7 0 0 2070431600 277694 0 4267063087
k13 v62 0 0 2070431600 277695 0 1734701177
k1 v98 0 0 2070431600 277696 0 2964626964
k10 v84 0 0 2070431600 277697 0 1952103075
k14 v39 0 0 2070431600 277698 0 455314119
k6 v39 0 0 2070431596 277699 0 1681862119
k12 v67 0 0 2070431600 277700 0 495378973
k9 v84 0 0 2070431600 277701 0 80587114
k0 v64 0 0 2070431599 277702 0 1061046680
k0 v37 0 0 2070431600 277703 0 1551148101
k0 v83 0 0 2070431600 277704 0 53760590
k16 v47 0 0 2070431596 277705 0 93500009
k0 v38 0 0 2070431598 277706 0 3387766476
k0 v92 0 0 2070431600 277707 0 3534010709
k11 v25 0 0 2070431599 277708 0 592852332
k13 v27 0 0 2070431600 277709 0 1171175227
k18 v98 0 0 2070431600 277710 0 3252807658
k10 v55 0 0 2070431600 277711 0 1494851309
k3 v48 0 0 2070431600 277712 0 657469559
k18 v92 0 0 2070431600 277713 0 3185120279
k15 v95 0 0 2070431600 277714 0 2286562338
k10 v71 0 0 2070431600 277715 0 2539434445
k2 v51 0 0 2070431600 277716 0 3209261517
k19 v73 0 0 2070431600 277717 0 4100852785
k16 v41 0 0 2070431600 277718 0 3022405401
k17 v3 0 0 2070431599 277719 0 2394471637
k1 v22 0 0 2070431600 277720 0 1543412413
k8 v3 0 0 2070431600 277721 0 2861168185
k16 v52 0 0 2070431600 277722 0 2096932766
k19 v29 0 0 2070431600 277723 0 1215451255
k17 v43 0 0 2070431600 277724 0 1265127956
k12 v47 0 0 2070431600 277725 0 2276574027
k12 v37 0 0 2070431600 277726 0 3313178320
k11 v21 0 0 2070431600 277727 0 2977693927
k18 v49 0 0 2070431600 277728 0 3335022254
k3 v7 0 0 2070431600 277729 0 2894470184
k1 v4 0 0 2070431600 277730 0 4252977436
k14 v94 0 0 2070431600 277731 0 145612187
k1 v27 0 0 2070431600 277732 0 1132478999
k15 v34 0 0 2070431600 277733 0 1625185734
k1 v63 0 0 2070431600 277734 0 1238239859
k16 v51 0 0 2070431600 277735 0 2648053412
k18 v7 0 0 2070431600 277736 0 3221786910
k6 v34 0 0 2070431600 277737 0 2017321128
k3 v53 0 0 2070431600 277738 0 1945310325
k17 v35 0 0 2070431600 277739 0 314596835
k2 v99 0 0 2070431600 277740 0 1158205407
k13 v36 0 0 2070431600 277741 0 1889742135
k9 v60 0 0 2070431600 277742 0 3050026396
k3 v75 0 0 2070431600 277743 0 4121905043
k14 v74 0 0 2070431600 277744 0 2740597739
k18 v36 0 0 2070431600 277745 0 1653838376
k12 v92 0 0 2070431600 277746 0 726315638
k7 v10 0 0 2070431600 277747 0 1277753053
k1 v74 0 0 2070431600 277748 0 2661971703
k5 v41 0 0 2070431600 277749 0 3615077593
k17 v6 0 0 2070431600 277750 0 723675436
k1 v75 0 0 2070431600 277751 0 734895311
k1 v27 0 0 2070431600 277752 0 1192050341
k0 v57 0 0 2070431600 277753 0 2894226280
k11 v36 0 0 2070431600 277754 0 3783286956
k5 v4 0 0 2070431600 277755 0 3626259179
k1 v11 0 0 2070431600 277756 0 3697075351
k4 v16 0 0 2070431600 277757 0 3207346178
k3 v1 0 0 2070431600 277758 0 888251961
k7 v27 0 0 2070431600 277759 0 1228117268
k6 v60 0 0 2070431600 277760 0 4068071672
k17 v89 0 0 2070431600 277761 0 1359520638
k2 v76 0 0 2070431600 277762 0 3689547170
k10 v91 0 0 2070431600 277763 0 394660990
k13 v82 0 0 2070431601 277764 0 3539692878
k18 v13 0 0 2070431601 277765 0 1660131258
k16 v35 0 0 2070431598 277766 0 2626781182
k4 v3 0 0 2070431599 277767 0 1189304848
k14 v8 0 0 2070431600 277768 0 3242048346
k2 v23 0 0 2070431601 277769 0 1377668045
k15 v15 0 0 2070431600 277770 0 3445202146
k16 v71 0 0 2070431601 277771 0 3604839071
k19 v7 0 0 2070431600 277772 0 3024459782
k11 v3 0 0 2070431600 277773 0 1525703710
k2 v48 0 0 2070431600 277774 0 4002677143
k3 v35 0 0 2070431601 277775 0 2145409641
k2 v37 0 0 2070431601 277776 0 91264498
k4 v82 0 0 2070431601 277777 0 2227670339
k6 v53 0 0 2070431601 277778 0 595588976
k2 v77 0 0 2070431601 277779 0 2417069446
k10 v9 0 0 2070431601 277780 0 4128683136
k2 v64 0 0 2070431601 277781 0 1676119783
k18 v42 0 0 2070431601 277782 0 3479736340
k4 v72 0 0 2070431601 277783 0 2816639060
k18 v5 0 0 2070431601 277784 0 4161759855
k18 v60 0 0 2070431600 277785 0 1653174716
k10 v46 0 0 2070431600 277786 0 704314865
k12 v18 0 0 2070431601 277787 0 2231817093
k18 v88 0 0 2070431601 277788 0 1436145005
k5 v3 0 0 2070431601 277789 0 1369909433
k3 v9 0 0 2070431601 277790 0 2755855225
k10 v92 0 0 2070431601 277791 0 1307534485
k0 v92 0 0 2070431601 277792 0 1822979585
k16 v75 0 0 2070431601 277793 0 2694372942
k19 v15 0 0 2070431601 277794 0 1877251783
k2 v90 0 0 2070431601 277795 0 78726563
k0 v20 0 0 2070431601 277796 0 2632338972
k5 v22 0 0 2070431601 277797 0 3558621846
k1 v28 0 0 2070431601 277798 0 80568308
k9 v96 0 0 2070431601 277799 0 1518071137
k19 v78 0 0 2070431601 277800 0 475429745
k2 v43 0 0 2070431601 277801 0 806840551
k5 v32 0 0 2070431601 277802 0 1627594388
k15 v76 0 0 2070431601 277803 0 778469728
k5 v35 0 0 2070431599 277804 0 1114376556
k2 v77 0 0 2070431600 277805 0 2904736967
k14 v94 0 0 2070431600 277806 0 499770707
k7 v89 0 0 2070431601 277807 0 2642160085
k16 v94 0 0 2070431601 277808 0 2725649322
k7 v65 0 0 2070431598 277809 0 1541219187
k5 v84 0 0 2070431601 277810 0 2285371489
k6 v46 0 0 2070431599 277811 0 2389861809
k7 v82 0 0 2070431601 277812 0 3552259295
k5 v45 0 0 2070431601 277813 0 4051264809
k11 v97 0 0 2070431601 277814 0 3591498741
k6 v2 0 0 2070431601 277815 0 4139768426
k5 v48 0 0 2070431601 277816 0 979343297
k17 v92 0 0 2070431601 277817 0 997988947
k15 v2 0 0 2070431601 277818 0 277248489
k5 v59 0 0 2070431601 277819 0 1199190998
k5 v26 0 0 2070431601 277820 0 2173092031
k17 v7 0 0 2070431601 277821 0 3336070502
k1 v79 0 0 2070431598 277822 0 445375193
k12 v44 0 0 2070431600 277823 0 639711569
k15 v92 0 0 2070431601 277824 0 4286653472
k18 v80 0 0 2070431601 277825 0 672720914
k7 v96 0 0 2070431601 277826 0 1688616773
k10 v66 0 0 2070431601 277827 0 1299929299
k7 v47 0 0 2070431601 277828 0 932423646
k15 v35 0 0 2070431601 277829 0 1784542453
k10 v81 0 0 2070431601 277830 0 829623808
k8 v97 0 0 2070431601 277831 0 960635771
k5 v46 0 0 2070431601 277832 0 1146080716
k1 v1 0 0 2070431601 277833 0 1762777608
k4 v7 0 0 2070431601 277834 0 3925485274
k11 v88 0 0 2070431601 277835 0 801897829
k7 v46 0 0 2070431601 277836 0 3451247393
k13 v57 0 0 2070431601 277837 0 606450300
k0 v54 0 0 2070431601 277838 0 1889245971
k15 v53 0 0 2070431601 277839 0 427886289
k11 v58 0 0 2070431601 277840 0 4280455670
k15 v46 0 0 2070431601 277841 0 1615317469
k13 v60 0 0 2070431600 277842 0 183333970
k11 v76 0 0 2070431601 277843 0 691243055
k11 v48 0 0 2070431600 277844 0 3359561714
k14 v62 0 0 2070431601 277845 0 896601129
k14 v86 0 0 2070431600 277846 0 1339340957
k12 v7 0 0 2070431601 277847 0 3750119826
k1 v19 0 0 2070431601 277848 0 1242522964
k1 v75 0 0 2070431602 277849 0 4170214363
k0 v16 0 0 2070431602 277850 0 3933673597
k12 v49 0 0 2070431601 277851 0 1805863781
k16 v74 0 0 2070431602 277852 0 51526296
k6 v77 0 0 2070431601 277853 0 826605735
k14 v4 0 0 2070431602 277854 0 2797494479
k16 v19 0 0 2070431601 277855 0 2192615639
k18 v26 0 0 2070431602 277856 0 3454025577
k2 v35 0 0 2070431601 277857 0 2369918471
k16 v65 0 0 2070431601 277858 0 2379181353
k8 v55 0 0 2070431602 277859 0 2254219619
k16 v82 0 0 2070431601 277860 0 1977348955
k8 v81 0 0 2070431600 277861 0 3906666309
k12 v35 0 0 2070431602 277862 0 1989548719
k15 v80 0 0 2070431602 277863 0 1817372874
k15 v80 0 0 2070431602 277864 0 588480013
k14 v59 0 0 2070431602 277865 0 4044801599
k11 v88 0 0 2070431602 277866 0 2359454638
k11 v86 0 0 2070431602 277867 0 2353074568
k19 v38 0 0 2070431602 277868 0 1282707091
k11 v74 0 0 2070431602 277869 0 2484716964
k0 v41 0 0 2070431602 277870 0 2241129893
k5 v9 0 0 2070431602 277871 0 333140487
k4 v63 0 0 2070431602 277872 0 2582927685
k8 v38 0 0 2070431602 277873 0 1062967020
k3 v97 0 0 2070431602 277874 0 3153003034
k1 v57 0 0 2070431602 277875 0 2020207999
k1 v70 0 0 2070431601 277876 0 3628801713
k10 v40 0 0 2070431602 277877 0 2782396787
k17 v61 0 0 2070431602 277878 0 3579494185
k5 v14 0 0 2070431602 277879 0 1775258257
k12 v46 0 0 2070431602 277880 0 2289082037
k13 v37 0 0 2070431602 277881 0 110688318
k0 v11 0 0 2070431602 277882 0 836587327
k14 v94 0 0 2070431602 277883 0 747128787
k0 v54 0 0 2070431602 277884 0 1593064477
k15 v30 0 0 2070431602 277885 0 1853549011
k7 v48 0 0 2070431602 277886 0 1452767300
k11 v34 0 0 2070431602 277887 0 318620059
k12 v42 0 0 2070431602 277888 0 239402980
k10 v98 0 0 2070431602 277889 0 84751137
k2 v10 0 0 2070431602 277890 0 2329456421
k16 v0 0 0 2070431602 277891 0 2993573687
k19 v0 0 0 2070431602 277892 0 1171850420
k16 v23 0 0 2070431602 277893 0 2138362635
k18 v15 0 0 2070431602 277894 0 578513830
k17 v97 0 0 2070431602 277895 0 2724003477
k4 v72 0 0 2070431602 277896 0 230361491
k11 v1 0 0 2070431602 277897 0 3834310071
k1 v51 0 0 2070431602 277898 0 1132078061
k1 v94 0 0 2070431602 277899 0 1189138302
k18 v18 0 0 2070431602 277900 0 1194063077
k15 v95 0 0 2070431602 277901 0 1443217950
k10 v34 0 0 2070431602 277902 0 1112992215
k9 v45 0 0 2070431602 277903 0 3329068333
k19 v64 0 0 2070431602 277904 0 48586886
k1 v80 0 0 2070431602 277905 0 2349839455
k9 v85 0 0 2070431602 277906 0 2349954213
k10 v54 0 0 2070431602 277907 0 3374061652
k0 v91 0 0 2070431602 277908 0 1483708446
k16 v78 0 0 2070431601 277909 0 52985045
k5 v8 0 0 2070431602 277910 0 3549840343
k10 v72 0 0 2070431602 277911 0 4267919693
k9 v42 0 0 2070431602 277912 0 1072722120
k7 v17 0 0 2070431602 277913 0 1831938031
k9 v32 0 0 2070431602 277914 0 5067030
k15 v53 0 0 2070431602 277915 0 2156133685
k18 v28 0 0 2070431602 277916 0 1806547895
k18 v10 0 0 2070431602 277917 0 2490621607
k2 v18 0 0 2070431602 277918 0 1769325890
k17 v25 0 0 2070431599 277919 0 916089683
k15 v18 0 0 2070431602 277920 0 3745065194
k16 v53 0 0 2070431602 277921 0 2420948821
k10 v31 0 0 2070431602 277922 0 1784212902
k12 v81 0 0 2070431602 277923 0 3224994971
k5 v70 0 0 2070431602 277924 0 3671687117
k0 v26 0 0 2070431602 277925 0 1374494523
k13 v13 0 0 2070431602 277926 0 1457219182
k17 v39 0 0 2070431602 277927 0 4232927231
k15 v54 0 0 2070431602 277928 0 3593444274
k10 v37 0 0 2070431602 277929 0 227518904
k7 v7 0 0 2070431602 277930 0 2195533336
k14 v11 0 0 2070431602 277931 0 2754573500
k12 v1 0 0 2070431602 277932 0 363746817
k9 v89 0 0 2070431602 277933 0 538313554
k4 v84 0 0 2070431602 277934 0 1116773209
k3 v53 0 0 2070431602 277935 0 1688672886
k11 v50 0 0 2070431602 277936 0 132093633
k3 v32 0 0 2070431602 277937 0 3318433396
k19 v6 0 0 2070431602 277938 0 2386465624
k19 v4 0 0 2070431602 277939 0 1575736469
k15 v10 0 0 2070431602 277940 0 1181713130
k1 v87 0 0 2070431602 277941 0 237928212
k5 v81 0 0 2070431602 277942 0 2709262481
k14 v40 0 0 2070431602 277943 0 2064825560
k13 v57 0 0 2070431602 277944 0 1014273980
k13 v98 0 0 2070431602 277945 0 1861999377
k14 v34 0 0 2070431602 277946 0 560932252
k9 v29 0 0 2070431602 277947 0 2147735768
k6 v18 0 0 2070431602 277948 0 1877124666
k18 v59 0 0 2070431602 277949 0 3867072653
k15 v6 0 0 2070431602 277950 0 2810761442
k2 v64 0 0 2070431602 277951 0 91188580
k18 v81 0 0 2070431601 277952 0 3217896563
k4 v71 0 0 2070431598 277953 0 3096919949
k1 v5 0 0 2070431602 277954 0 1510194082
k14 v19 0 0 2070431603 277955 0 2512329510
k2 v51 0 0 2070431602 277956 0 448440671
k19 v99 0 0 2070431602 277957 0 3578230829
k9 v15 0 0 2070431602 277958 0 2926645544
k18 v39 0 0 2070431602 277959 0 293713788
k5 v96 0 0 2070431603 277960 0 586843118
k15 v72 0 0 2070431603 277961 0 2896761873
k0 v4 0 0 2070431603 277962 0 2969238885
k18 v17 0 0 2070431603 277963 0 3636374315
k5 v94 0 0 2070431603 277964 0 2354589798
k5 v69 0 0 2070431603 277965 0 1862764708
k6 v36 0 0 2070431603 277966 0 3279099230
k2 v61 0 0 2070431603 277967 0 3058934842
k10 v56 0 0 2070431601 277968 0 239601990
k7 v33 0 0 2070431601 277969 0 3057071143
k0 v36 0 0 2070431603 277970 0 2032249493
k15 v56 0 0 2070431603 277971 0 121803778
k3 v86 0 0 2070431603 277972 0 1662941887
k10 v23 0 0 2070431603 277973 0 3963022208
k17 v87 0 0 2070431603 277974 0 1511327419
k14 v18 0 0 2070431600 277975 0 2111042541
k1 v98 0 0 2070431603 277976 0 1824957611
k13 v48 0 0 2070431603 277977 0 988842247
k18 v35 0 0 2070431603 277978 0 344092454
k6 v19 0 0 2070431603 277979 0 3715240698
k11 v23 0 0 2070431603 277980 0 1463031210
k6 v71 0 0 2070431603 277981 0 1964051643
k12 v7 0 0 2070431603 277982 0 1366434987
k4 v51 0 0 2070431601 277983 0 206617552
k17 v88 0 0 2070431600 277984 0 2740532804
k12 v75 0 0 2070431602 277985 0 2567750332
k10 v86 0 0 2070431603 277986 0 1889632492
k18 v70 0 0 2070431603 277987 0 2704662640
k9 v71 0 0 2070431603 277988 0 3537071226
k2 v60 0 0 2070431602 277989 0 2340659046
k11 v63 0 0 2070431603 277990 0 1141865254
k8 v61 0 0 2070431603 277991 0 108713038
k11 v9 0 0 2070431603 277992 0 1882237115
k4 v39 0 0 2070431603 277993 0 609289710
k14 v66 0 0 2070431603 277994 0 2428904826
k0 v34 0 0 2070431603 277995 0 3288728918
k6 v70 0 0 2070431603 277996 0 1593166605
k6 v96 0 0 2070431603 277997 0 268593961
k5 v32 0 0 2070431603 277998 0 1856286089
k9 v35 0 0 2070431603 277999 0 2518604014
k1 v86 0 0 2070431603 278000 0 1185481994
k9 v47 0 0 2070431603 278001 0 224870886
k6 v26 0 0 2070431603 278002 0 3272668973
k13 v46 0 0 2070431603 278003 0 3178482106
k10 v94 0 0 2070431603 278004 0 3871907487
k0 v6 0 0 2070431603 278005 0 3466639815
k8 v92 0 0 2070431603 278006 0 1510892473
k10 v38 0 0 2070431603 278007 0 3756390588
k16 v63 0 0 2070431603 278008 0 182880852
k6 v1 0 0 2070431603 278009 0 4053797592
k0 v97 0 0 2070431603 278010 0 648363313
k16 v79 0 0 2070431603 278011 0 304707722
k14 v97 0 0 2070431603 278012 0 514178935
k0 v82 0 0 2070431601 278013 0 4227676686
k4 v42 0 0 2070431603 278014 0 3251505130
k8 v42 0 0 2070431603 278015 0 3627078686
k2 v78 0 0 2070431601 278016 0 1880896178
k10 v48 0 0 2070431603 278017 0 3082818771
k6 v57 0 0 2070431603 278018 0 884852878
k6 v83 0 0 2070431603 278019 0 3415907525
k5 v14 0 0 2070431603 278020 0 899124371
k11 v77 0 0 2070431603 278021 0 2133726490
k14 v65 0 0 2070431602 278022 0 1452472338
k2 v49 0 0 2070431603 278023 0 1399965302
k17 v67 0 0 2070431603 278024 0 1883836603
k12 v24 0 0 2070431600 278025 0 3248628783
k7 v69 0 0 2070431603 278026 0 1374517257
k18 v49 0 0 2070431603 278027 0 3495482090
k14 v73 0 0 2070431603 278028 0 2066615885
k10 v50 0 0 2070431603 278029 0 688181800
k14 v84 0 0 2070431601 278030 0 1564590258
k7 v98 0 0 2070431603 278031 0 907817105
k19 v25 0 0 2070431603 278032 0 311795297
k15 v68 0 0 2070431603 278033 0 2948812675
k10 v6 0 0 2070431602 278034 0 1941456591
k7 v55 0 0 2070431602 278035 0 528547435
k9 v35 0 0 2070431603 278036 0 3813251500
k14 v0 0 0 2070431603 278037 0 1287461703
k7 v20 0 0 2070431603 278038 0 619304703
k15 v1 0 0 2070431601 278039 0 3797184050
k7 v12 0 0 2070431603 278040 0 1487912477
k2 v57 0 0 2070431603 278041 0 3823636671
k11 v25 0 0 2070431603 278042 0 392416194
k17 v57 0 0 2070431603 278043 0 1083930669
k17 v18 0 0 2070431603 278044 0 1639750256
k18 v28 0 0 2070431603 278045 0 1975120474
k18 v28 0 0 2070431603 278046 0 1586799001
k18 v88 0 0 2070431603 278047 0 2260310227
k12 v9 0 0 2070431604 278048 0 1323478880
k3 v82 0 0 2070431603 278049 0 857288239
k18 v1 0 0 2070431604 278050 0 2368829037
k10 v6 0 0 2070431604 278051 0 3425552319
k8 v35 0 0 2070431603 278052 0 417057486
k17 v58 0 0 2070431604 278053 0 922970914
k15 v89 0 0 2070431604 278054 0 1482857241
k3 v96 0 0 2070431603 278055 0 1331258323
k9 v57 0 0 2070431602 278056 0 396203722
k15 v4 0 0 2070431603 278057 0 301328492
k16 v19 0 0 2070431604 278058 0 941254592
k9 v0 0 0 2070431604 278059 0 1146348076
k6 v96 0 0 2070431604 278060 0 2709678993
k11 v34 0 0 2070431604 278061 0 3484614062
k16 v75 0 0 2070431604 278062 0 3854043454
k17 v63 0 0 2070431602 278063 0 3125200231
k1 v57 0 0 2070431603 278064 0 3959294377
k18 v35 0 0 2070431604 278065 0 1433643550
k0 v20 0 0 2070431604 278066 0 3235751981
k10 v60 0 0 2070431604 278067 0 3243629696
k15 v26 0 0 2070431604 278068 0 1261965926
k3 v34 0 0 2070431604 278069 0 3768050968
k10 v70 0 0 2070431604 278070 0 269263854
k11 v15 0 0 2070431604 278071 0 1339272610
k10 v42 0 0 2070431601 278072 0 3674880871
k6 v80 0 0 2070431604 278073 0 2425637934
k18 v36 0 0 2070431604 278074 0 3791895714
k13 v23 0 0 2070431603 278075 0 869379424
k14 v9 0 0 2070431604 278076 0 2698405431
k0 v71 0 0 2070431604 278077 0 809520952
k18 v26 0 0 2070431603 278078 0 3685316905
k4 v67 0 0 2070431604 278079 0 3043417454
k12 v72 0 0 2070431604 278080 0 1007174070
k19 v59 0 0 2070431604 278081 0 2247725289
k6 v15 0 0 2070431601 278082 0 1536257729
k8 v82 0 0 2070431604 278083 0 3161803971
k7 v32 0 0 2070431604 278084 0 3688401433
k19 v85 0 0 2070431598 278085 0 2320105026
k16 v25 0 0 2070431604 278086 0 107570709
k5 v1 0 0 2070431604 278087 0 1385026231
k2 v75 0 0 2070431604 278088 0 536816762
k12 v69 0 0 2070431604 278089 0 1080222233
k12 v76 0 0 2070431604 278090 0 1931985112
k17 v58 0 0 2070431604 278091 0 204468420
k12 v95 0 0 2070431604 278092 0 1031267104
k12 v60 0 0 2070431604 278093 0 1140034896
k9 v77 0 0 2070431604 278094 0 236586454
k19 v85 0 0 2070431604 278095 0 2612038754
k2 v58 0 0 2070431604 278096 0 3526061075
k17 v65 0 0 2070431603 278097 0 2650790421
k0 v31 0 0 2070431603 278098 0 2776265567
k14 v10 0 0 2070431605 278099 0 4053504358
k0 v95 0 0 2070431604 278100 0 1607487478
k11 v14 0 0 2070431604 278101 0 2538071812
k11 v67 0 0 2070431604 278102 0 2049212245
k6 v79 0 0 2070431604 278103 0 2580438804
k14 v14 0 0 2070431605 278104 0 3182778520
k0 v35 0 0 2070431605 278105 0 792441638
k12 v86 0 0 2070431603 278106 0 3569401219
k10 v80 0 0 2070431605 278107 0 1644284793
k4 v61 0 0 2070431605 278108 0 1493631108
k4 v93 0 0 2070431604 278109 0 174967033
k2 v1 0 0 2070431604 278110 0 3480757978
k8 v23 0 0 2070431605 278111 0 1372930424
k2 v9 0 0 2070431604 278112 0 1620415210
k8 v19 0 0 2070431604 278113 0 2202141113
k9 v27 0 0 2070431604 278114 0 899068974
k16 v80 0 0 2070431604 278115 0 1888858408
k11 v89 0 0 2070431605 278116 0 420976431
k17 v30 0 0 2070431605 278117 0 1268167285
k10 v9 0 0 2070431605 278118 0 309314544
k19 v1 0 0 2070431605 278119 0 952395459
k17 v94 0 0 2070431605 278120 0 2303359417
k13 v9 0 0 2070431605 278121 0 4170410912
k19 v53 0 0 2070431605 278122 0 2151711033
k11 v68 0 0 2070431604 278123 0 472181339
k0 v3 0 0 2070431605 278124 0 2171003413
k4 v7 0 0 2070431603 278125 0 1281270410
k13 v57 0 0 2070431605 278126 0 1206796203
k18 v56 0 0 2070431605 278127 0 1305366455
k12 v76 0 0 2070431605 278128 0 3283993290
k13 v25 0 0 2070431604 278129 0 2952123182
k14 v68 0 0 2070431603 278130 0 2803995121
k10 v23 0 0 2070431605 278131 0 1484953447
k14 v99 0 0 2070431604 278132 0 3063959042
k13 v78 0 0 2070431605 278133 0 2734739589
k5 v48 0 0 2070431604 278134 0 3159750418
k14 v36 0 0 2070431601 278135 0 212381323
k2 v66 0 0 2070431604 278136 0 98977572
k9 v39 0 0 2070431605 278137 0 1471675364
k12 v42 0 0 2070431605 278138 0 4153196871
k17 v33 0 0 2070431605 278139 0 2033714783
k18 v29 0 0 2070431605 278140 0 326783931
k19 v29 0 0 2070431604 278141 0 1572374704
k17 v29 0 0 2070431605 278142 0 1464658609
k5 v0 0 0 2070431605 278143 0 780841578
k7 v29 0 0 2070431605 278144 0 192679008
k11 v41 0 0 2070431605 278145 0 2653019512
k13 v21 0 0 2070431605 278146 0 2930202772
k7 v62 0 0 2070431605 278147 0 14336096
k0 v44 0 0 2070431605 278148 0 2434586793
k0 v71 0 0 2070431605 278149 0 3633560340
k19 v17 0 0 2070431605 278150 0 3945601756
k9 v27 0 0 2070431603 278151 0 1160634798
k9 v88 0 0 2070431605 278152 0 365347776
k18 v88 0 0 2070431605 278153 0 2646890754
k7 v32 0 0 2070431605 278154 0 2803269297
k18 v48 0 0 2070431605 278155 0 4237685577
k10 v99 0 0 2070431605 278156 0 448222905
k11 v92 0 0 2070431605 278157 0 2863470164
k9 v52 0 0 2070431605 278158 0 283968807
k8 v99 0 0 2070431605 278159 0 2549893127
k11 v28 0 0 2070431600 278160 0 2796755717
k3 v10 0 0 2070431604 278161 0 987488849
k19 v12 0 0 2070431605 278162 0 4040627736
k16 v80 0 0 2070431605 278163 0 4012507317
k13 v54 0 0 2070431603 278164 0 454537656
k14 v35 0 0 2070431605 278165 0 562048848
k11 v8 0 0 2070431606 278166 0 1969463454
k3 v27 0 0 2070431605 278167 0 980508985
k17 v27 0 0 2070431605 278168 0 3084885298
k19 v99 0 0 2070431605 278169 0 77815261
k14 v80 0 0 2070431604 278170 0 3841583670
k13 v84 0 0 2070431606 278171 0 2274603005
k15 v68 0 0 2070431605 278172 0 3473062140
k12 v35 0 0 2070431606 278173 0 358455160
k10 v36 0 0 2070431605 278174 0 2527893631
k2 v6 0 0 2070431606 278175 0 367202243
k13 v72 0 0 2070431605 278176 0 2389388322
k4 v47 0 0 2070431601 278177 0 1065195676
k3 v30 0 0 2070431606 278178 0 1278883119
k16 v1 0 0 2070431604 278179 0 746128047
k3 v16 0 0 2070431605 278180 0 1641505617
k3 v17 0 0 2070431606 278181 0 2468638389
k3 v40 0 0 2070431606 278182 0 3563986112
k3 v77 0 0 2070431605 278183 0 3651145234
k15 v21 0 0 2070431606 278184 0 4140742379
k3 v41 0 0 2070431606 278185 0 4266176833
k12 v48 0 0 2070431606 278186 0 3166741749
k11 v58 0 0 2070431606 278187 0 1290022679
k6 v97 0 0 2070431606 278188 0 4231763917
k3 v24 0 0 2070431605 278189 0 29699191
k15 v91 0 0 2070431606 278190 0 3448541773
k12 v52 0 0 2070431606 278191 0 982285221
k6 v73 0 0 2070431606 278192 0 2587161241
k15 v10 0 0 2070431606 278193 0 2788488126
k6 v93 0 0 2070431606 278194 0 530667951
k15 v11 0 0 2070431606 278195 0 2500423550
k1 v34 0 0 2070431605 278196 0 4124248824
k16 v20 0 0 2070431606 278197 0 3483602276
k12 v95 0 0 2070431606 278198 0 1023503282
k5 v71 0 0 2070431606 278199 0 3320538339
k7 v66 0 0 2070431606 278200 0 2588261679
k5 v90 0 0 2070431606 278201 0 2801683836
k5 v28 0 0 2070431606 278202 0 1323582360
k12 v44 0 0 2070431606 278203 0 237474573
k9 v7 0 0 2070431606 278204 0 4267587567
k2 v71 0 0 2070431606 278205 0 42149664
k1 v97 0 0 2070431604 278206 0 1250089926
k0 v76 0 0 2070431606 278207 0 1013395672
k13 v0 0 0 2070431605 278208 0 3235661469
k9 v18 0 0 2070431605 278209 0 1483013606
k12 v98 0 0 2070431606 278210 0 1596922177
k13 v70 0 0 2070431606 278211 0 2471696598
k11 v1 0 0 2070431606 278212 0 4266209541
k17 v39 0 0 2070431606 278213 0 1266430600
k3 v57 0 0 2070431606 278214 0 3788376618
k2 v78 0 0 2070431606 278215 0 4227703011
k16 v0 0 0 2070431606 278216 0 2593911047
k13 v40 0 0 2070431606 278217 0 3189194163
k14 v53 0 0 2070431606 278218 0 2135259014
k0 v41 0 0 2070431605 278219 0 3086177522
k5 v70 0 0 2070431605 278220 0 3777078016
k3 v44 0 0 2070431606 278221 0 2928447074
k8 v50 0 0 2070431605 278222 0 2890254494
k4 v36 0 0 2070431606 278223 0 1227523226
k13 v39 0 0 2070431606 278224 0 103267205
k12 v68 0 0 2070431606 278225 0 1812716659
k1 v64 0 0 2070431605 278226 0 1712377298
k1 v92 0 0 2070431606 278227 0 968026507
k2 v75 0 0 2070431606 278228 0 4198786650
k17 v96 0 0 2070431606 278229 0 243014769
k6 v38 0 0 2070431607 278230 0 1526801790
k6 v39 0 0 2070431607 278231 0 662515577
k12 v19 0 0 2070431607 278232 0 3802307843
k12 v10 0 0 2070431606 278233 0 3484369192
k9 v29 0 0 2070431607 278234 0 3016786730
k4 v78 0 0 2070431606 278235 0 364054263
k7 v59 0 0 2070431606 278236 0 3386398258
k9 v57 0 0 2070431606 278237 0 608705864
k0 v88 0 0 2070431606 278238 0 3964950023
k10 v79 0 0 2070431606 278239 0 3596063353
k19 v13 0 0 2070431606 278240 0 943207359
k14 v78 0 0 2070431605 278241 0 4034237378
k3 v31 0 0 2070431607 278242 0 267122634
k6 v78 0 0 2070431605 278243 0 633299966
k7 v88 0 0 2070431607 278244 0 4290615230
k17 v27 0 0 2070431607 278245 0 1365614466
k5 v95 0 0 2070431607 278246 0 160867302
k16 v82 0 0 2070431606 278247 0 3728133982
k5 v6 0 0 2070431607 278248 0 432889575
k17 v45 0 0 2070431607 278249 0 3240338372
k9 v83 0 0 2070431605 278250 0 121083348
k16 v60 0 0 2070431607 278251 0 1543862349
k17 v82 0 0 2070431607 278252 0 4116364134
k10 v30 0 0 2070431606 278253 0 3262181134
k3 v95 0 0 2070431607 278254 0 3618167081
k16 v86 0 0 2070431607 278255 0 1870998572
k17 v7 0 0 2070431607 278256 0 2807339798
k2 v54 0 0 2070431607 278257 0 899307189
k17 v40 0 0 2070431606 278258 0 1054484531
k18 v85 0 0 2070431607 278259 0 2179604406
k6 v43 0 0 2070431607 278260 0 106953397
k12 v82 0 0 2070431607 278261 0 1193156027
k4 v83 0 0 2070431606 278262 0 576603789
k1 v11 0 0 2070431606 278263 0 3498885359
k6 v62 0 0 2070431607 278264 0 3817866634
k10 v25 0 0 2070431607 278265 0 4002850254
k6 v76 0 0 2070431607 278266 0 9506767
k2 v70 0 0 2070431607 278267 0 2650079944
k7 v41 0 0 2070431606 278268 0 1402072187
k4 v47 0 0 2070431607 278269 0 1961261388
k12 v60 0 0 2070431607 278270 0 1187396849
k18 v47 0 0 2070431607 278271 0 3077716625
k3 v23 0 0 2070431607 278272 0 1488567425
k3 v34 0 0 2070431606 278273 0 4086736979
k8 v17 0 0 2070431607 278274 0 1296828582
k3 v48 0 0 2070431607 278275 0 3552031992
k1 v24 0 0 2070431607 278276 0 805768447
k6 v92 0 0 2070431607 278277 0 2238362448
k2 v62 0 0 2070431607 278278 0 1320911138
k13 v61 0 0 2070431607 278279 0 1762678314
k8 v21 0 0 2070431607 278280 0 3712062889
k1 v83 0 0 2070431606 278281 0 2562880259
k2 v35 0 0 2070431606 278282 0 533008317
k6 v61 0 0 2070431607 278283 0 166130573
k4 v52 0 0 2070431607 278284 0 2139519370
k1 v54 0 0 2070431607 278285 0 2039586393
k0 v67 0 0 2070431607 278286 0 494463079
k13 v56 0 0 2070431607 278287 0 1721047273
k19 v68 0 0 2070431607 278288 0 1858362733
k10 v97 0 0 2070431606 278289 0 271923791
k14 v24 0 0 2070431607 278290 0 4253453411
k10 v1 0 0 2070431607 278291 0 16078624
k13 v60 0 0 2070431607 278292 0 3843922349
k5 v84 0 0 2070431607 278293 0 2256829480
k8 v99 0 0 2070431606 278294 0 3077728035
k7 v59 0 0 2070431607 278295 0 600342713
k11 v77 0 0 2070431605 278296 0 1348250928
k16 v91 0 0 2070431607 278297 0 708285127
k18 v15 0 0 2070431608 278298 0 4074983383
k15 v36 0 0 2070431607 278299 0 3793955052
k19 v27 0 0 2070431607 278300 0 2127861026
k17 v98 0 0 2070431607 278301 0 2832166539
k0 v15 0 0 2070431607 278302 0 1821567850
k8 v16 0 0 2070431608 278303 0 62506603
k15 v99 0 0 2070431607 278304 0 1565094497
k9 v58 0 0 2070431607 278305 0 481416777
k2 v53 0 0 2070431608 278306 0 2861725253
k3 v92 0 0 2070431608 278307 0 2056690523
k15 v29 0 0 2070431607 278308 0 2937108216
k16 v99 0 0 2070431608 278309 0 1193420733
k7 v7 0 0 2070431607 278310 0 609518503
k6 v30 0 0 2070431607 278311 0 1694069126
k5 v61 0 0 2070431608 278312 0 139834807
k19 v70 0 0 2070431607 278313 0 945589600
k18 v34 0 0 2070431608 278314 0 1767509053
k2 v49 0 0 2070431608 278315 0 1219652625
k19 v55 0 0 2070431607 278316 0 2321918023
k15 v71 0 0 2070431608 278317 0 3767698235
k11 v35 0 0 2070431606 278318 0 784909239
k17 v2 0 0 2070431608 278319 0 1842580179
k8 v40 0 0 2070431608 278320 0 571497270
k10 v68 0 0 2070431608 278321 0 1221050313
k6 v54 0 0 2070431608 278322 0 744644655
k1 v67 0 0 2070431608 278323 0 2541160169
k19 v65 0 0 2070431607 278324 0 3238786687
k19 v88 0 0 2070431608 278325 0 1689182095
k14 v43 0 0 2070431608 278326 0 3513520792
k17 v26 0 0 2070431608 278327 0 1663422269
k1 v24 0 0 2070431607 278328 0 284394751
k7 v8 0 0 2070431608 278329 0 1383064634
k4 v30 0 0 2070431608 278330 0 1255167468
k6 v0 0 0 2070431608 278331 0 294106743
k4 v92 0 0 2070431608 278332 0 1931364841
k2 v58 0 0 2070431607 278333 0 1056028045
k13 v37 0 0 2070431608 278334 0 3006001026
k3 v73 0 0 2070431607 278335 0 627991258
k4 v4 0 0 2070431608 278336 0 1048248937
k12 v49 0 0 2070431608 278337 0 1936366506
k10 v95 0 0 2070431607 278338 0 3148084632
k5 v60 0 0 2070431608 278339 0 2369946452
k18 v8 0 0 2070431606 278340 0 618617149
k11 v35 0 0 2070431607 278341 0 896252555
k7 v64 0 0 2070431608 278342 0 3363992746
k6 v41 0 0 2070431608 278343 0 2242149981
k13 v56 0 0 2070431608 278344 0 624871303
k14 v93 0 0 2070431608 278345 0 1444787130
k10 v59 0 0 2070431608 278346 0 494070809
k11 v26 0 0 2070431608 278347 0 2321727989
k15 v75 0 0 2070431606 278348 0 983999604
k5 v30 0 0 2070431608 278349 0 86905588
k2 v8 0 0 2070431608 278350 0 3446390326
k13 v90 0 0 2070431608 278351 0 3936602605
k6 v4 0 0 2070431608 278352 0 1892315743
k7 v67 0 0 2070431608 278353 0 2146591254
k14 v61 0 0 2070431608 278354 0 3357479278
k15 v62 0 0 2070431607 278355 0 1023317405
k1 v79 0 0 2070431608 278356 0 1768762576
k10 v42 0 0 2070431608 278357 0 2818813833
k17 v66 0 0 2070431608 278358 0 4077633996
k9 v31 0 0 2070431608 278359 0 1634640176
k0 v87 0 0 2070431608 278360 0 4092533650
k18 v76 0 0 2070431608 278361 0 3377831114
k10 v5 0 0 2070431608 278362 0 267771214
k0 v86 0 0 2070431608 278363 0 3181736727
k11 v82 0 0 2070431608 278364 0 756065546
k0 v82 0 0 2070431608 278365 0 2769436616
k0 v49 0 0 2070431606 278366 0 2664229004
k11 v79 0 0 2070431608 278367 0 2019222175
k2 v81 0 0 2070431608 278368 0 1384374182
k19 v39 0 0 2070431608 278369 0 4103702668
k0 v21 0 0 2070431608 278370 0 3073959035
k3 v92 0 0 2070431608 278371 0 696461912
k9 v17 0 0 2070431608 278372 0 3791204413
k1 v30 0 0 2070431609 278373 0 829547818
k4 v56 0 0 2070431608 278374 0 1537974311
k16 v24 0 0 2070431608 278375 0 107344652
k18 v80 0 0 2070431608 278376 0 1340109505
k8 v45 0 0 2070431608 278377 0 1074847493
k2 v90 0 0 2070431607 278378 0 1893474277
k15 v25 0 0 2070431609 278379 0 1979236069
k13 v27 0 0 2070431609 278380 0 2288141927
k5 v83 0 0 2070431609 278381 0 4177700697
k13 v38 0 0 2070431608 278382 0 2512115652
k9 v89 0 0 2070431608 278383 0 1349421006
k15 v92 0 0 2070431608 278384 0 3087575565
k13 v12 0 0 2070431609 278385 0 2776752350
k11 v43 0 0 2070431609 278386 0 2340347031
k11 v21 0 0 2070431609 278387 0 2929106588
k19 v99 0 0 2070431608 278388 0 640326860
k2 v3 0 0 2070431609 278389 0 3936947658
k6 v37 0 0 2070431609 278390 0 2269095390
k3 v93 0 0 2070431609 278391 0 2328902794
k14 v65 0 0 2070431608 278392 0 3652363477
k15 v77 0 0 2070431609 278393 0 3261369036
k1 v74 0 0 2070431609 278394 0 683323653
k6 v69 0 0 2070431609 278395 0 1855167961
k6 v61 0 0 2070431606 278396 0 21301764
k17 v8 0 0 2070431608 278397 0 2857785051
k4 v3 0 0 2070431609 278398 0 2155940924
k15 v18 0 0 2070431609 278399 0 2989037473
k15 v29 0 0 2070431609 278400 0 4019459707
k17 v96 0 0 2070431609 278401 0 963252071
k1 v91 0 0 2070431609 278402 0 346278170
k8 v96 0 0 2070431609 278403 0 2000090938
k4 v1 0 0 2070431609 278404 0 1962686090
k6 v80 0 0 2070431609 278405 0 3622207403
k11 v57 0 0 2070431608 278406 0 86498767
k19 v15 0 0 2070431608 278407 0 3300056479
k1 v21 0 0 2070431609 278408 0 2963319301
k2 v79 0 0 2070431609 278409 0 3483825134
k3 v41 0 0 2070431609 278410 0 1645255701
k18 v30 0 0 2070431609 278411 0 196946694
k14 v9 0 0 2070431609 278412 0 3562036487
k16 v72 0 0 2070431609 278413 0 214895343
k4 v80 0 0 2070431609 278414 0 581564212
k5 v3 0 0 2070431608 278415 0 2104065838
k2 v59 0 0 2070431609 278416 0 2906162283
k1 v65 0 0 2070431607 278417 0 2137268525
k4 v22 0 0 2070431609 278418 0 2246362815
k1 v96 0 0 2070431607 278419 0 39571015
k10 v65 0 0 2070431609 278420 0 3069227010
k16 v81 0 0 2070431609 278421 0 3741521104
k4 v8 0 0 2070431607 278422 0 3423910564
k1 v92 0 0 2070431609 278423 0 2710921727
k1 v38 0 0 2070431609 278424 0 2029477645
k14 v54 0 0 2070431609 278425 0 3584187505
k0 v21 0 0 2070431609 278426 0 3067394353
k17 v19 0 0 2070431609 278427 0 903415256
k4 v2 0 0 2070431609 278428 0 1952768034
k5 v60 0 0 2070431609 278429 0 3724398916
k10 v60 0 0 2070431609 278430 0 2629306922
k6 v85 0 0 2070431609 278431 0 2588333289
k13 v91 0 0 2070431609 278432 0 4045006333
k0 v41 0 0 2070431609 278433 0 1012671109
k9 v75 0 0 2070431610 278434 0 3574627170
k13 v96 0 0 2070431610 278435 0 1462295233
k7 v81 0 0 2070431609 278436 0 10044323
k2 v37 0 0 2070431610 278437 0 1347821709
k10 v90 0 0 2070431610 278438 0 272629860
k7 v86 0 0 2070431610 278439 0 1852962455
k4 v54 0 0 2070431609 278440 0 2788333009
k16 v78 0 0 2070431610 278441 0 1729299920
k18 v44 0 0 2070431609 278442 0 22140719
k12 v23 0 0 2070431610 278443 0 3928545948
k8 v68 0 0 2070431610 278444 0 1655112192
k10 v45 0 0 2070431610 278445 0 603600608
k10 v86 0 0 2070431610 278446 0 2423596324
k12 v52 0 0 2070431609 278447 0 2331028974
k12 v2 0 0 2070431609 278448 0 1761064606
k17 v97 0 0 2070431608 278449 0 1601640043
k15 v14 0 0 2070431610 278450 0 740581302
k9 v61 0 0 2070431610 278451 0 2111675218
k4 v8 0 0 2070431610 278452 0 3571822971
k14 v35 0 0 2070431610 278453 0 500817050
k8 v29 0 0 2070431610 278454 0 352016330
k19 v86 0 0 2070431610 278455 0 558937378
k12 v18 0 0 2070431609 278456 0 3620033053
k1 v81 0 0 2070431610 278457 0 4176573250
k14 v81 0 0 2070431610 278458 0 3995887005
k6 v12 0 0 2070431610 278459 0 88736064
k6 v9 0 0 2070431610 278460 0 2946670438
k5 v19 0 0 2070431610 278461 0 2336397140
k8 v35 0 0 2070431610 278462 0 202109024
k0 v75 0 0 2070431610 278463 0 122717884
k13 v53 0 0 2070431610 278464 0 1417278649
k7 v99 0 0 2070431610 278465 0 659196111
k19 v48 0 0 2070431608 278466 0 3797291492
k3 v1 0 0 2070431610 278467 0 917579987
k1 v43 0 0 2070431610 278468 0 2162862741
k3 v36 0 0 2070431610 278469 0 906632826
k2 v79 0 0 2070431610 278470 0 320819530
k12 v28 0 0 2070431609 278471 0 3760099927
k11 v84 0 0 2070431610 278472 0 2816655905
k12 v59 0 0 2070431610 278473 0 3600564899
k6 v73 0 0 2070431610 278474 0 540710371
k19 v35 0 0 2070431609 278475 0 3685066875
k14 v9 0 0 2070431610 278476 0 3162893273
k1 v54 0 0 2070431610 278477 0 2016344416
k15 v85 0 0 2070431610 278478 0 943108222
k19 v30 0 0 2070431610 278479 0 1420703744
k1 v38 0 0 2070431609 278480 0 286007263
k7 v64 0 0 2070431610 278481 0 3019696450
k11 v72 0 0 2070431610 278482 0 1686673383
k14 v27 0 0 2070431610 278483 0 1075165915
k0 v75 0 0 2070431610 278484 0 1116683633
k1 v68 0 0 2070431608 278485 0 770862113
k5 v88 0 0 2070431609 278486 0 434541151
k17 v46 0 0 2070431610 278487 0 3251009634
k4 v67 0 0 2070431610 278488 0 3144820476
k19 v55 0 0 2070431609 278489 0 2322703756
k15 v96 0 0 2070431610 278490 0 3389184296
k8 v7 0 0 2070431610 278491 0 1873796861
k9 v45 0 0 2070431610 278492 0 4123253713
k13 v3 0 0 2070431610 278493 0 4188056808
k10 v7 0 0 2070431609 278494 0 3376444254
k8 v20 0 0 2070431610 278495 0 4232475163
k15 v91 0 0 2070431610 278496 0 2099042365
k0 v42 0 0 2070431607 278497 0 4018421167
k13 v12 0 0 2070431610 278498 0 2215560053
k6 v43 0 0 2070431610 278499 0 3826533447
k13 v16 0 0 2070431610 278500 0 3042442958
k14 v59 0 0 2070431610 278501 0 3029541819
k18 v80 0 0 2070431610 278502 0 3476484458
k3 v99 0 0 2070431610 278503 0 3447559437
k2 v17 0 0 2070431610 278504 0 625322767
k18 v2 0 0 2070431610 278505 0 4257998722
k1 v52 0 0 2070431609 278506 0 1355885436
k11 v11 0 0 2070431610 278507 0 4140047731
k13 v76 0 0 2070431611 278508 0 1192849822
k2 v16 0 0 2070431611 278509 0 958852762
k9 v57 0 0 2070431610 278510 0 609122972
k4 v1 0 0 2070431609 278511 0 2968899485
k1 v62 0 0 2070431610 278512 0 1179978180
k6 v54 0 0 2070431611 278513 0 442548099
k7 v56 0 0 2070431610 278514 0 3359028610
k12 v72 0 0 2070431611 278515 0 652960873
k0 v41 0 0 2070431610 278516 0 4062669475
k12 v49 0 0 2070431610 278517 0 2434473966
k0 v27 0 0 2070431611 278518 0 3524321184
k0 v9 0 0 2070431611 278519 0 2110263249
k6 v63 0 0 2070431611 278520 0 2840688233
k11 v44 0 0 2070431611 278521 0 3373873471
k16 v24 0 0 2070431611 278522 0 1655764884
k19 v50 0 0 2070431611 278523 0 715223132
k11 v13 0 0 2070431611 278524 0 3624529100
k9 v64 0 0 2070431611 278525 0 1130561335
k16 v40 0 0 2070431611 278526 0 3188513807
k13 v33 0 0 2070431609 278527 0 1055416941
k10 v97 0 0 2070431611 278528 0 2228267835
k9 v25 0 0 2070431611 278529 0 2554957766
k11 v80 0 0 2070431611 278530 0 2821096669
k4 v14 0 0 2070431611 278531 0 3569212989
k0 v3 0 0 2070431611 278532 0 3400376906
k2 v92 0 0 2070431609 278533 0 1846433168
k8 v13 0 0 2070431611 278534 0 1215000158
k1 v54 0 0 2070431611 278535 0 956781765
k13 v36 0 0 2070431611 278536 0 3374704370
k3 v58 0 0 2070431610 278537 0 4181448923
k16 v95 0 0 2070431611 278538 0 2719401466
k9 v26 0 0 2070431611 278539 0 908240955
k11 v45 0 0 2070431611 278540 0 2984791946
k18 v32 0 0 2070431611 278541 0 3147495410
k1 v84 0 0 2070431611 278542 0 3688389332
k3 v46 0 0 2070431611 278543 0 3532702525
k2 v17 0 0 2070431611 278544 0 4008051533
k17 v47 0 0 2070431611 278545 0 3952852793
k17 v21 0 0 2070431611 278546 0 2997384425
k11 v33 0 0 2070431610 278547 0 3754410590
k0 v97 0 0 2070431611 278548 0 2318898910
k5 v36 0 0 2070431611 278549 0 2891112341
k8 v0 0 0 2070431611 278550 0 3942438832
k5 v90 0 0 2070431611 278551 0 542943860
k16 v18 0 0 2070431611 278552 0 3486998041
k0 v41 0 0 2070431611 278553 0 1156789924
k12 v9 0 0 2070431611 278554 0 2345689166
k6 v45 0 0 2070431611 278555 0 2978875393
k7 v89 0 0 2070431611 278556 0 3857547568
k7 v1 0 0 2070431611 278557 0 473981553
k10 v92 0 0 2070431610 278558 0 1723821375
k7 v47 0 0 2070431609 278559 0 2283328675
k16 v54 0 0 2070431611 278560 0 1047051154
k10 v37 0 0 2070431611 278561 0 2469245093
k15 v99 0 0 2070431611 278562 0 4225887053
k6 v73 0 0 2070431611 278563 0 447680232
k5 v99 0 0 2070431611 278564 0 2815495580
k13 v39 0 0 2070431611 278565 0 2556168187
k17 v4 0 0 2070431611 278566 0 1182289400
k19 v83 0 0 2070431610 278567 0 2182536835
k0 v97 0 0 2070431609 278568 0 1294814534
k10 v42 0 0 2070431611 278569 0 429485290
k17 v28 0 0 2070431611 278570 0 503873730
k1 v37 0 0 2070431611 278571 0 66482449
k17 v45 0 0 2070431611 278572 0 1817370923
k8 v38 0 0 2070431611 278573 0 3600140864
k6 v71 0 0 2070431611 278574 0 2665645204
k10 v63 0 0 2070431612 278575 0 3150083081
k7 v25 0 0 2070431611 278576 0 4100546750
k5 v35 0 0 2070431612 278577 0 296814187
k17 v90 0 0 2070431611 278578 0 367417325
k6 v46 0 0 2070431611 278579 0 2971066025
k8 v65 0 0 2070431611 278580 0 3449184054
k8 v82 0 0 2070431609 278581 0 580438946
k14 v79 0 0 2070431611 278582 0 3116572707
k14 v80 0 0 2070431612 278583 0 2600367195
k1 v8 0 0 2070431612 278584 0 997659254
k15 v10 0 0 2070431611 278585 0 1668330498
k15 v89 0 0 2070431610 278586 0 3328409667
k10 v78 0 0 2070431612 278587 0 788547920
k13 v32 0 0 2070431612 278588 0 2610022439
k10 v35 0 0 2070431612 278589 0 355165896
k1 v28 0 0 2070431612 278590 0 2109315334
k13 v61 0 0 2070431612 278591 0 1763431350
k18 v85 0 0 2070431612 278592 0 2840075655
k7 v41 0 0 2070431611 278593 0 995121006
k1 v85 0 0 2070431612 278594 0 1857180324
k4 v38 0 0 2070431612 278595 0 71017882
k17 v55 0 0 2070431612 278596 0 334859608
k7 v11 0 0 2070431612 278597 0 1552945836
k8 v55 0 0 2070431611 278598 0 2140356074
k16 v95 0 0 2070431612 278599 0 940930702
k7 v33 0 0 2070431612 278600 0 549414907
k5 v26 0 0 2070431612 278601 0 1617090258
k4 v64 0 0 2070431609 278602 0 1109005799
k5 v10 0 0 2070431612 278603 0 2909383526
k4 v34 0 0 2070431612 278604 0 3547479377
k10 v95 0 0 2070431612 278605 0 1678696345
k10 v16 0 0 2070431612 278606 0 3313027302
k10 v70 0 0 2070431612 278607 0 2927452596
k12 v16 0 0 2070431612 278608 0 3060610689
k7 v70 0 0 2070431611 278609 0 3265434144
k2 v64 0 0 2070431612 278610 0 3593824061
k4 v29 0 0 2070431612 278611 0 2253137424
k18 v28 0 0 2070431612 278612 0 3263819127
k13 v50 0 0 2070431612 278613 0 1509095111
k10 v70 0 0 2070431612 278614 0 2224183360
k13 v91 0 0 2070431612 278615 0 1573152714
k8 v84 0 0 2070431612 278616 0 3197066436
k14 v60 0 0 2070431612 278617 0 809052558
k12 v63 0 0 2070431612 278618 0 4123134705
k8 v61 0 0 2070431612 278619 0 3243416740
k4 v83 0 0 2070431611 278620 0 2243757790
k0 v97 0 0 2070431612 278621 0 3275946280
k17 v40 0 0 2070431612 278622 0 3710475218
k15 v59 0 0 2070431612 278623 0 1321391888
k13 v84 0 0 2070431612 278624 0 4073306963
k10 v84 0 0 2070431612 278625 0 2637673263
k5 v72 0 0 2070431612 278626 0 4016699399
k0 v34 0 0 2070431612 278627 0 4219935599
k14 v77 0 0 2070431612 278628 0 3413749269
k10 v66 0 0 2070431612 278629 0 679708191
k4 v66 0 0 2070431612 278630 0 4071995301
k10 v62 0 0 2070431612 278631 0 2943716729
k14 v15 0 0 2070431612 278632 0 212295650
k9 v8 0 0 2070431612 278633 0 3549815486
k5 v28 0 0 2070431612 278634 0 111925161
k2 v12 0 0 2070431612 278635 0 1157782683
k18 v93 0 0 2070431612 278636 0 3388992752
k7 v59 0 0 2070431612 278637 0 3432049309
k0 v53 0 0 2070431612 278638 0 1789185730
k12 v59 0 0 2070431612 278639 0 3277245699
k16 v34 0 0 2070431612 278640 0 1475068471
k5 v44 0 0 2070431612 278641 0 1536691524
k8 v45 0 0 2070431612 278642 0 2386849184
k11 v82 0 0 2070431612 278643 0 3501203226
k11 v7 0 0 2070431612 278644 0 916997203
k10 v26 0 0 2070431612 278645 0 2453844250
k1 v2 0 0 2070431613 278646 0 2303821534
k5 v27 0 0 2070431612 278647 0 1414980302
k0 v79 0 0 2070431612 278648 0 3694819588
k15 v36 0 0 2070431611 278649 0 3029152044
k4 v5 0 0 2070431612 278650 0 3098417826
k2 v34 0 0 2070431611 278651 0 3414916710
k9 v23 0 0 2070431611 278652 0 3898897075
k3 v50 0 0 2070431613 278653 0 2554011602
k13 v58 0 0 2070431612 278654 0 2355175022
k8 v58 0 0 2070431613 278655 0 635835645
k18 v99 0 0 2070431613 278656 0 1456287970
k1 v75 0 0 2070431612 278657 0 304470211
k10 v4 0 0 2070431611 278658 0 2916175745
k9 v76 0 0 2070431613 278659 0 4011653951
k2 v72 0 0 2070431613 278660 0 69824365
k19 v98 0 0 2070431613 278661 0 3856583150
k5 v70 0 0 2070431613 278662 0 2322129869
k18 v88 0 0 2070431613 278663 0 3544302118
k17 v15 0 0 2070431613 278664 0 3866690348
k17 v84 0 0 2070431613 278665 0 539853763
k1 v53 0 0 2070431613 278666 0 2771766253
k2 v82 0 0 2070431613 278667 0 125662852
k6 v52 0 0 2070431610 278668 0 2800173672
k4 v64 0 0 2070431613 278669 0 601405461
k6 v81 0 0 2070431613 278670 0 3859506733
k10 v89 0 0 2070431613 278671 0 2238427891
k16 v21 0 0 2070431613 278672 0 526470643
k11 v46 0 0 2070431613 278673 0 1740261193
k5 v91 0 0 2070431613 278674 0 1800935818
k16 v59 0 0 2070431612 278675 0 1756793664
k17 v97 0 0 2070431613 278676 0 984708195
k10 v29 0 0 2070431613 278677 0 302456190
k4 v55 0 0 2070431613 278678 0 628644550
k5 v78 0 0 2070431613 278679 0 4119168643
k19 v9 0 0 2070431613 278680 0 936318410
k7 v67 0 0 2070431613 278681 0 953379808
k12 v51 0 0 2070431613 278682 0 2105945349
k19 v32 0 0 2070431611 278683 0 158345518
k18 v45 0 0 2070431613 278684 0 398750347
k18 v19 0 0 2070431613 278685 0 1355479300
k3 v27 0 0 2070431611 278686 0 655515506
k10 v12 0 0 2070431613 278687 0 1345799128
k0 v72 0 0 2070431613 278688 0 737680262
k3 v31 0 0 2070431613 278689 0 4183186059
k13 v2 0 0 2070431613 278690 0 2473331461
k5 v7 0 0 2070431611 278691 0 4224108328
k0 v3 0 0 2070431613 278692 0 2544537359
k14 v31 0 0 2070431613 278693 0 2124939727
k9 v71 0 0 2070431613 278694 0 3001866885
k15 v56 0 0 2070431613 278695 0 2767777736
k2 v8 0 0 2070431613 278696 0 4024703219
k17 v39 0 0 2070431612 278697 0 1028664282
k11 v73 0 0 2070431613 278698 0 3729056116
k7 v54 0 0 2070431612 278699 0 3923068008
k19 v4 0 0 2070431613 278700 0 925967802
k9 v21 0 0 2070431613 278701 0 4124439823
k1 v87 0 0 2070431612 278702 0 1476292778
k18 v23 0 0 2070431613 278703 0 2620672642
k15 v40 0 0 2070431613 278704 0 293051432
k12 v87 0 0 2070431613 278705 0 2828705433
k17 v88 0 0 2070431613 278706 0 1678243388
k7 v49 0 0 2070431612 278707 0 3920670783
k11 v76 0 0 2070431613 278708 0 1118006657
k15 v79 0 0 2070431613 278709 0 662408562
k16 v17 0 0 2070431613 278710 0 1851468688
k19 v15 0 0 2070431613 278711 0 3415128021
k4 v13 0 0 2070431613 278712 0 4118556917
k16 v73 0 0 2070431613 278713 0 4255553228
k1 v67 0 0 2070431613 278714 0 520335669
k8 v47 0 0 2070431613 278715 0 2031495419
k9 v67 0 0 2070431612 278716 0 3777400847
k12 v43 0 0 2070431613 278717 0 3800592568
k7 v77 0 0 2070431613 278718 0 3248885725
k9 v44 0 0 2070431613 278719 0 3782852841
k3 v20 0 0 2070431613 278720 0 1728232361
k3 v53 0 0 2070431613 278721 0 3092726138
k13 v16 0 0 2070431613 278722 0 2690877258
k16 v31 0 0 2070431613 278723 0 668424866
k3 v38 0 0 2070431612 278724 0 3452250911
k17 v73 0 0 2070431613 278725 0 852059591
k14 v1 0 0 2070431613 278726 0 3148830605
k19 v21 0 0 2070431613 278727 0 2858534832
k1 v21 0 0 2070431613 278728 0 657119502
k0 v7 0 0 2070431613 278729 0 2388276505
k9 v93 0 0 2070431613 278730 0 2057996046
k2 v91 0 0 2070431613 278731 0 3743660760
k19 v81 0 0 2070431613 278732 0 400708041
k16 v76 0 0 2070431613 278733 0 3584594621
k19 v4 0 0 2070431613 278734 0 1360748263
k10 v92 0 0 2070431611 278735 0 2973738965
k10 v50 0 0 2070431613 278736 0 636651562
k14 v99 0 0 2070431612 278737 0 1068038239
k6 v29 0 0 2070431613 278738 0 3448438053
k1 v66 0 0 2070431613 278739 0 3427672144
k1 v5 0 0 2070431613 278740 0 2264129710
k1 v2 0 0 2070431613 278741 0 2125231996
k6 v24 0 0 2070431613 278742 0 2222654855
k10 v87 0 0 2070431614 278743 0 513428275
k17 v21 0 0 2070431614 278744 0 1652019332
k12 v82 0 0 2070431614 278745 0 2396843843
k4 v32 0 0 2070431612 278746 0 3671199167
k17 v49 0 0 2070431613 278747 0 679041322
k18 v25 0 0 2070431611 278748 0 3201278269
k12 v65 0 0 2070431613 278749 0 438764405
k12 v35 0 0 2070431613 278750 0 1191466286
k6 v72 0 0 2070431614 278751 0 2907778970
k14 v21 0 0 2070431613 278752 0 1238314257
k13 v78 0 0 2070431612 278753 0 2673405617
k15 v92 0 0 2070431614 278754 0 2137435909
k14 v56 0 0 2070431613 278755 0 2385353501
k18 v77 0 0 2070431614 278756 0 780343625
k18 v33 0 0 2070431614 278757 0 1804388330
k1 v50 0 0 2070431613 278758 0 786789013
k3 v50 0 0 2070431614 278759 0 3501037860
k7 v97 0 0 2070431613 278760 0 3758071776
k19 v25 0 0 2070431613 278761 0 3051299763
k10 v23 0 0 2070431614 278762 0 2346601806
k2 v60 0 0 2070431614 278763 0 3362367424
k10 v63 0 0 2070431614 278764 0 3481136755
k2 v59 0 0 2070431614 278765 0 496070481
k16 v76 0 0 2070431614 278766 0 2765204746
k10 v49 0 0 2070431614 278767 0 1468079347
k3 v17 0 0 2070431614 278768 0 944616468
k19 v97 0 0 2070431614 278769 0 3823197627
k16 v86 0 0 2070431614 278770 0 3210538901
k1 v27 0 0 2070431613 278771 0 1946172793
k11 v65 0 0 2070431614 278772 0 2276807875
k16 v25 0 0 2070431614 278773 0 4209965463
k12 v27 0 0 2070431614 278774 0 2134751311
k9 v46 0 0 2070431613 278775 0 2207221211
k7 v88 0 0 2070431614 278776 0 1642572023
k15 v64 0 0 2070431613 278777 0 2503750474
k5 v50 0 0 2070431614 278778 0 670568049
k11 v12 0 0 2070431613 278779 0 3861357786
k11 v50 0 0 2070431614 278780 0 3997901696
k15 v76 0 0 2070431614 278781 0 2548772858
k11 v41 0 0 2070431614 278782 0 650181082
k4 v65 0 0 2070431612 278783 0 3268944168
k1 v55 0 0 2070431614 278784 0 2881976268
k3 v30 0 0 2070431614 278785 0 2197635261
k14 v43 0 0 2070431614 278786 0 323813653
k12 v51 0 0 2070431614 278787 0 2995304252
k7 v90 0 0 2070431614 278788 0 4130969448
k12 v15 0 0 2070431614 278789 0 1881109840
k18 v28 0 0 2070431614 278790 0 2155851951
k4 v67 0 0 2070431612 278791 0 1004691217
k16 v77 0 0 2070431614 278792 0 2928022645
k14 v10 0 0 2070431614 278793 0 1299338632
k7 v25 0 0 2070431614 278794 0 774433241
k9 v45 0 0 2070431614 278795 0 746449922
k12 v55 0 0 2070431614 278796 0 3837527827
k17 v85 0 0 2070431614 278797 0 3462001478
k14 v77 0 0 2070431614 278798 0 3120508694
k8 v98 0 0 2070431614 278799 0 87802148
k0 v53 0 0 2070431614 278800 0 2257290279
k19 v74 0 0 2070431614 278801 0 196147757
k0 v78 0 0 2070431614 278802 0 1644919968
k17 v28 0 0 2070431614 278803 0 2329940797
k12 v27 0 0 2070431614 278804 0 571588252
k12 v31 0 0 2070431614 278805 0 552833430
k9 v74 0 0 2070431614 278806 0 1318792637
k0 v44 0 0 2070431614 278807 0 3075749869
k3 v29 0 0 2070431614 278808 0 105189748
k15 v59 0 0 2070431614 278809 0 2434372928
k6 v5 0 0 2070431614 278810 0 3074884938
k4 v85 0 0 2070431614 278811 0 3002887492
k14 v69 0 0 2070431614 278812 0 2470596235
k12 v19 0 0 2070431614 278813 0 242519016
k5 v56 0 0 2070431614 278814 0 1400942668
k2 v4 0 0 2070431614 278815 0 4093008201
k10 v21 0 0 2070431614 278816 0 2018572309
k18 v13 0 0 2070431614 278817 0 3491921437
k12 v18 0 0 2070431614 278818 0 2296867173
k5 v28 0 0 2070431614 278819 0 2519794494
k8 v92 0 0 2070431614 278820 0 3621397988
k7 v77 0 0 2070431614 278821 0 1082397570
k0 v68 0 0 2070431614 278822 0 4266994512
k13 v44 0 0 2070431614 278823 0 2889047789
k3 v58 0 0 2070431614 278824 0 2784245512
k6 v28 0 0 2070431614 278825 0 1311230806
k0 v51 0 0 2070431614 278826 0 429621571
k19 v84 0 0 2070431614 278827 0 310052587
k18 v94 0 0 2070431613 278828 0 2609871479
k14 v32 0 0 2070431614 278829 0 3449894212
k14 v39 0 0 2070431614 278830 0 802389826
k11 v70 0 0 2070431614 278831 0 1201859595
k17 v72 0 0 2070431614 278832 0 1267448638
k2 v46 0 0 2070431614 278833 0 4129745365
k12 v33 0 0 2070431614 278834 0 4049627138
k12 v63 0 0 2070431614 278835 0 1700322918
k7 v87 0 0 2070431614 278836 0 1108500572
k13 v35 0 0 2070431614 278837 0 3307031744
k4 v93 0 0 2070431614 278838 0 2067995688
k1 v74 0 0 2070431614 278839 0 3422342157
k18 v76 0 0 2070431614 278840 0 1142947816
k18 v42 0 0 2070431614 278841 0 1761060627
k9 v56 0 0 2070431614 278842 0 66336660
k11 v51 0 0 2070431614 278843 0 4051214903
k3 v62 0 0 2070431614 278844 0 2373085543
k3 v6 0 0 2070431614 278845 0 685476334
k5 v16 0 0 2070431614 278846 0 1971590302
k6 v51 0 0 2070431614 278847 0 3922181834
k11 v57 0 0 2070431614 278848 0 2528110121
k19 v51 0 0 2070431614 278849 0 187566491
k13 v35 0 0 2070431614 278850 0 2396104373
k3 v15 0 0 2070431614 278851 0 2036651998
k16 v15 0 0 2070431615 278852 0 262573715
k8 v6 0 0 2070431614 278853 0 4286107423
k17 v12 0 0 2070431615 278854 0 600532306
k8 v67 0 0 2070431615 278855 0 81238155
k11 v8 0 0 2070431615 278856 0 2480489197
k7 v44 0 0 2070431615 278857 0 193752374
k13 v29 0 0 2070431615 278858 0 3327038038
k16 v11 0 0 2070431615 278859 0 2730474497
k3 v22 0 0 2070431615 278860 0 885619752
k15 v30 0 0 2070431614 278861 0 1405914056
k11 v83 0 0 2070431615 278862 0 1163050841
k13 v32 0 0 2070431613 278863 0 1278993573
k11 v77 0 0 2070431614 278864 0 3713694774
k6 v46 0 0 2070431615 278865 0 1782656437
k1 v82 0 0 2070431614 278866 0 2191065298
k0 v8 0 0 2070431614 278867 0 971626789
k13 v99 0 0 2070431615 278868 0 2598676378
k8 v20 0 0 2070431615 278869 0 1503251446
k6 v39 0 0 2070431613 278870 0 3320007737
k5 v37 0 0 2070431611 278871 0 4055894111
k0 v8 0 0 2070431614 278872 0 1163675479
k6 v82 0 0 2070431614 278873 0 2291467790
k19 v4 0 0 2070431614 278874 0 78966644
k5 v71 0 0 2070431615 278875 0 2268879567
k2 v26 0 0 2070431615 278876 0 3067064340
k8 v45 0 0 2070431615 278877 0 460282262
k19 v34 0 0 2070431613 278878 0 3338754627
k0 v1 0 0 2070431613 278879 0 1423014513
k8 v37 0 0 2070431614 278880 0 821131302
k12 v62 0 0 2070431615 278881 0 2762788699
k8 v62 0 0 2070431615 278882 0 1757695232
k17 v19 0 0 2070431615 278883 0 1445002174
k13 v91 0 0 2070431615 278884 0 2702447406
k8 v27 0 0 2070431615 278885 0 519442275
k3 v60 0 0 2070431615 278886 0 2956625043
k0 v50 0 0 2070431614 278887 0 1752174226
k4 v31 0 0 2070431615 278888 0 2957282768
k17 v72 0 0 2070431614 278889 0 2754252052
k10 v30 0 0 2070431615 278890 0 370062957
k2 v50 0 0 2070431615 278891 0 517214292
k2 v81 0 0 2070431615 278892 0 4165990018
k9 v32 0 0 2070431614 278893 0 2867297049
k3 v79 0 0 2070431615 278894 0 3836273228
k12 v25 0 0 2070431615 278895 0 851427904
k2 v10 0 0 2070431615 278896 0 1131184680
k5 v32 0 0 2070431615 278897 0 46423094
k8 v29 0 0 2070431615 278898 0 3009564798
k14 v92 0 0 2070431614 278899 0 12767918
k19 v94 0 0 2070431615 278900 0 3044188199
k3 v49 0 0 2070431615 278901 0 1437386752
k13 v35 0 0 2070431615 278902 0 3459932455
k5 v97 0 0 2070431615 278903 0 997793228
k4 v11 0 0 2070431615 278904 0 1318778236
k16 v60 0 0 2070431615 278905 0 3170757533
k3 v87 0 0 2070431615 278906 0 874387565
k11 v46 0 0 2070431615 278907 0 2559937817
k3 v72 0 0 2070431615 278908 0 3439487698
k0 v11 0 0 2070431615 278909 0 4217907874
k10 v61 0 0 2070431615 278910 0 1222982867
k1 v8 0 0 2070431615 278911 0 163736349
k11 v28 0 0 2070431615 278912 0 199581130
k15 v48 0 0 2070431615 278913 0 3835676894
k18 v88 0 0 2070431615 278914 0 121854901
k13 v97 0 0 2070431615 278915 0 2336351056
k16 v36 0 0 2070431615 278916 0 2668808345
k11 v95 0 0 2070431615 278917 0 2653889719
k14 v74 0 0 2070431615 278918 0 875578569
k14 v33 0 0 2070431615 278919 0 3734427552
k13 v12 0 0 2070431615 278920 0 4194856997
k5 v91 0 0 2070431615 278921 0 2397583093
k7 v22 0 0 2070431615 278922 0 3105255552
k3 v94 0 0 2070431615 278923 0 2057238034
k12 v7 0 0 2070431615 278924 0 1509657838
k7 v33 0 0 2070431615 278925 0 216686239
k10 v55 0 0 2070431615 278926 0 688540854
k18 v64 0 0 2070431615 278927 0 785483636
k16 v71 0 0 2070431615 278928 0 4033542502
k12 v93 0 0 2070431615 278929 0 4029420424
k3 v22 0 0 2070431615 278930 0 2327763366
k8 v67 0 0 2070431615 278931 0 3700049496
k6 v54 0 0 2070431615 278932 0 3462654958
k16 v78 0 0 2070431615 278933 0 3940591470
k12 v10 0 0 2070431615 278934 0 3457893198
k12 v56 0 0 2070431615 278935 0 1104866145
k0 v67 0 0 2070431615 278936 0 2473759673
k11 v90 0 0 2070431615 278937 0 3055624390
k1 v85 0 0 2070431615 278938 0 2407739103
k15 v4 0 0 2070431615 278939 0 669510430
k14 v25 0 0 2070431615 278940 0 308719689
k8 v41 0 0 2070431615 278941 0 3106065525
k15 v65 0 0 2070431615 278942 0 2849651876
k18 v94 0 0 2070431615 278943 0 36024812
k12 v45 0 0 2070431615 278944 0 1845297905
k5 v86 0 0 2070431615 278945 0 2425858638
k0 v43 0 0 2070431615 278946 0 1007972120
k6 v16 0 0 2070431615 278947 0 1852603161
k15 v81 0 0 2070431613 278948 0 142096960
k1 v48 0 0 2070431615 278949 0 311231099
k5 v58 0 0 2070431615 278950 0 1561063688
k5 v37 0 0 2070431615 278951 0 3467818414
k16 v35 0 0 2070431615 278952 0 1407117451
k12 v38 0 0 2070431615 278953 0 4240998132
k15 v31 0 0 2070431614 278954 0 4045839863
k19 v41 0 0 2070431615 278955 0 1301661893
k10 v92 0 0 2070431615 278956 0 4195021165
k15 v51 0 0 2070431615 278957 0 3768372076
k7 v56 0 0 2070431615 278958 0 1639768974
k14 v81 0 0 2070431613 278959 0 2345831394
k1 v12 0 0 2070431615 278960 0 452807239
k0 v93 0 0 2070431615 278961 0 3623920610
k6 v73 0 0 2070431616 278962 0 1135053064
k0 v39 0 0 2070431615 278963 0 2081778005
k11 v98 0 0 2070431615 278964 0 102524764
k14 v21 0 0 2070431615 278965 0 578321211
k1 v98 0 0 2070431616 278966 0 2966373226
k16 v65 0 0 2070431615 278967 0 2714510770
k9 v17 0 0 2070431616 278968 0 2006471829
k8 v57 0 0 2070431616 278969 0 3876162491
k12 v52 0 0 2070431616 278970 0 4224080706
k7 v30 0 0 2070431616 278971 0 1332417369
k4 v96 0 0 2070431616 278972 0 1471605881
k8 v40 0 0 2070431616 278973 0 1656368139
k15 v5 0 0 2070431616 278974 0 2124939562
k15 v46 0 0 2070431616 278975 0 557801326
k0 v63 0 0 2070431616 278976 0 1410979807
k10 v90 0 0 2070431616 278977 0 2765382957
k0 v7 0 0 2070431616 278978 0 968212452
k13 v85 0 0 2070431616 278979 0 4175569439
k1 v65 0 0 2070431616 278980 0 374292581
k12 v91 0 0 2070431616 278981 0 1898147129
k2 v95 0 0 2070431616 278982 0 512333044
k0 v4 0 0 2070431616 278983 0 2125753560
k15 v89 0 0 2070431616 278984 0 2028754174
k11 v75 0 0 2070431616 278985 0 4270356201
k16 v31 0 0 2070431616 278986 0 4278735462
k12 v67 0 0 2070431616 278987 0 4014987332
k11 v65 0 0 2070431616 278988 0 3573320506
k1 v75 0 0 2070431616 278989 0 1482127538
k14 v46 0 0 2070431616 278990 0 3450170613
k14 v18 0 0 2070431616 278991 0 1080398326
k12 v12 0 0 2070431616 278992 0 3516338289
k16 v34 0 0 2070431616 278993 0 2822183947
k5 v28 0 0 2070431616 278994 0 3608497363
k5 v69 0 0 2070431616 278995 0 3113239151
k9 v61 0 0 2070431616 278996 0 260253099
k9 v90 0 0 2070431616 278997 0 1072341122
k14 v57 0 0 2070431616 278998 0 4290862629
k18 v67 0 0 2070431616 278999 0 2636189490
k11 v29 0 0 2070431616 279000 0 2475757536
k14 v36 0 0 2070431616 279001 0 4074800729
k9 v52 0 0 2070431616 279002 0 4041306675
k17 v34 0 0 2070431616 279003 0 2096999274
k7 v35 0 0 2070431616 279004 0 1555122108
k6 v49 0 0 2070431616 279005 0 1678256026
k3 v35 0 0 2070431616 279006 0 1859880109
k8 v79 0 0 2070431616 279007 0 3226728103
k14 v19 0 0 2070431616 279008 0 3145288780
k4 v26 0 0 2070431616 279009 0 2945044120
k18 v4 0 0 2070431616 279010 0 3381408800
k6 v89 0 0 2070431616 279011 0 917341540
k17 v86 0 0 2070431616 279012 0 4026928389
k13 v79 0 0 2070431616 279013 0 3653984984
k2 v27 0 0 2070431616 279014 0 2471007198
k0 v2 0 0 2070431616 279015 0 3816033086
k6 v43 0 0 2070431616 279016 0 435338832
k5 v39 0 0 2070431616 279017 0 1224642634
k9 v17 0 0 2070431616 279018 0 851387434
k8 v94 0 0 2070431616 279019 0 982301443
k14 v99 0 0 2070431616 279020 0 1440095068
k10 v9 0 0 2070431616 279021 0 3720584085
k18 v88 0 0 2070431616 279022 0 2646090675
k15 v23 0 0 2070431616 279023 0 3966863840
k0 v0 0 0 2070431616 279024 0 854061738
k1 v27 0 0 2070431616 279025 0 4277151227
k4 v69 0 0 2070431616 279026 0 1173582499
k8 v12 0 0 2070431616 279027 0 127450231
k13 v75 0 0 2070431616 279028 0 3947837601
k2 v90 0 0 2070431617 279029 0 1470266962
k12 v1 0 0 2070431617 279030 0 3124485967
k19 v42 0 0 2070431617 279031 0 2156944894
k6 v12 0 0 2070431617 279032 0 1525945287
k14 v50 0 0 2070431617 279033 0 2082783759
k8 v52 0 0 2070431617 279034 0 4079255974
k4 v8 0 0 2070431617 279035 0 669969648
k14 v40 0 0 2070431617 279036 0 2659825108
k9 v20 0 0 2070431617 279037 0 3763587173
k0 v52 0 0 2070431617 279038 0 1596493196
k0 v57 0 0 2070431617 279039 0 1840868562
k10 v53 0 0 2070431617 279040 0 4256394000
k18 v45 0 0 2070431617 279041 0 4293396284
k16 v61 0 0 2070431617 279042 0 2476707719
k18 v34 0 0 2070431617 279043 0 3244218528
k10 v70 0 0 2070431617 279044 0 3534938787
k0 v16 0 0 2070431617 279045 0 3017607846
k9 v46 0 0 2070431617 279046 0 2384033714
k16 v56 0 0 2070431617 279047 0 1957846962
k0 v25 0 0 2070431617 279048 0 3536108482
k8 v91 0 0 2070431617 279049 0 3681003881
k18 v46 0 0 2070431617 279050 0 1217925504
k11 v83 0 0 2070431617 279051 0 3603453153
k14 v13 0 0 2070431617 279052 0 3705849485
k14 v56 0 0 2070431617 279053 0 4236911464
k17 v75 0 0 2070431617 279054 0 2386804773
k19 v64 0 0 2070431617 279055 0 2157344992
k9 v6 0 0 2070431617 279056 0 3816577318
k2 v63 0 0 2070431617 279057 0 802326461
k1 v16 0 0 2070431617 279058 0 2630022152
k17 v34 0 0 2070431617 279059 0 1282638229
k5 v51 0 0 2070431617 279060 0 2780611554
k16 v14 0 0 2070431617 279061 0 4183514733
k4 v53 0 0 2070431617 279062 0 3325508920
k8 v63 0 0 2070431617 279063 0 2765581359
k18 v32 0 0 2070431617 279064 0 163055580
k16 v64 0 0 2070431617 279065 0 4107279665
k4 v51 0 0 2070431617 279066 0 1754631856
k11 v83 0 0 2070431617 279067 0 2194951486
k6 v5 0 0 2070431617 279068 0 210411387
k11 v52 0 0 2070431617 279069 0 3521238437
k9 v95 0 0 2070431617 279070 0 3716001268
k19 v53 0 0 2070431617 279071 0 2099531258
k10 v8 0 0 2070431617 279072 0 1508389221
k7 v25 0 0 2070431617 279073 0 1171211518
k11 v11 0 0 2070431617 279074 0 3638397102
k19 v93 0 0 2070431617 279075 0 776176947
k9 v46 0 0 2070431617 279076 0 2355087851
k11 v33 0 0 2070431617 279077 0 3724192924
k7 v69 0 0 2070431617 279078 0 1744086117
k13 v62 0 0 2070431617 279079 0 1185672856
k3 v21 0 0 2070431617 279080 0 722410186
k19 v28 0 0 2070431617 279081 0 770512871
k18 v87 0 0 2070431617 279082 0 538629850
k6 v78 0 0 2070431617 279083 0 4002572447
k16 v36 0 0 2070431617 279084 0 2696474835
k11 v79 0 0 2070431617 279085 0 2709269926
k3 v87 0 0 2070431617 279086 0 943728786
k4 v76 0 0 2070431617 279087 0 2123379989
k18 v6 0 0 2070431617 279088 0 148960181
k5 v61 0 0 2070431617 279089 0 100587330
k11 v67 0 0 2070431617 279090 0 1542159149
k8 v54 0 0 2070431617 279091 0 132607456
k3 v47 0 0 2070431617 279092 0 1793428076
k9 v15 0 0 2070431617 279093 0 3644643915
k13 v60 0 0 2070431617 279094 0 861260627
k3 v23 0 0 2070431617 279095 0 2641687092
k11 v11 0 0 2070431617 279096 0 3765815078
k11 v40 0 0 2070431617 279097 0 287984132
k8 v4 0 0 2070431617 279098 0 2835586944
k12 v75 0 0 2070431617 279099 0 2849508427
k12 v42 0 0 2070431617 279100 0 1429065624
k13 v13 0 0 2070431618 279101 0 3860970178
k5 v68 0 0 2070431618 279102 0 1899611916
k15 v51 0 0 2070431618 279103 0 3790264333
k4 v83 0 0 2070431618 279104 0 1571626390
k12 v79 0 0 2070431618 279105 0 3088462058
k3 v54 0 0 2070431618 279106 0 1354223482
k8 v86 0 0 2070431618 279107 0 1575976191
k2 v37 0 0 2070431618 279108 0 215171116
k3 v8 0 0 2070431618 279109 0 2371376684
k1 v76 0 0 2070431618 279110 0 3300107987
k11 v15 0 0 2070431618 279111 0 2388041417
k17 v44 0 0 2070431618 279112 0 2700411667
k10 v81 0 0 2070431618 279113 0 3554047790
k14 v24 0 0 2070431618 279114 0 1987549294
k19 v46 0 0 2070431618 279115 0 3356086788
k8 v64 0 0 2070431618 279116 0 1547132341
k5 v58 0 0 2070431618 279117 0 1989335965
k18 v6 0 0 2070431618 279118 0 1722662387
k10 v75 0 0 2070431618 279119 0 734133203
k0 v56 0 0 2070431618 279120 0 3108172579
k9 v47 0 0 2070431618 279121 0 3241071432
k2 v85 0 0 2070431618 279122 0 1637515729
k8 v16 0 0 2070431618 279123 0 2150623101
k19 v15 0 0 2070431618 279124 0 4057896947
k9 v56 0 0 2070431618 279125 0 1610591892
k8 v2 0 0 2070431618 279126 0 3731535347
k3 v81 0 0 2070431618 279127 0 3379786777
k16 v90 0 0 2070431618 279128 0 622058014
k12 v13 0 0 2070431618 279129 0 3054440048
k9 v15 0 0 2070431618 279130 0 2652535191
k8 v85 0 0 2070431618 279131 0 2790926570
k14 v59 0 0 2070431618 279132 0 4229917555
k12 v35 0 0 2070431618 279133 0 767889509
k9 v97 0 0 2070431618 279134 0 357221225
k9 v52 0 0 2070431618 279135 0 282079226
k3 v41 0 0 2070431618 279136 0 3869319842
k13 v81 0 0 2070431618 279137 0 3269156729
k8 v99 0 0 2070431618 279138 0 997469654
k17 v64 0 0 2070431618 279139 0 2755727307
k3 v52 0 0 2070431618 279140 0 2244435445
k19 v87 0 0 2070431618 279141 0 4173521760
k2 v48 0 0 2070431618 279142 0 3830314499
k11 v4 0 0 2070431618 279143 0 3879178911
k15 v35 0 0 2070431618 279144 0 292685961
k2 v84 0 0 2070431618 279145 0 1328632034
k4 v92 0 0 2070431618 279146 0 2452582160
k2 v84 0 0 2070431618 279147 0 2097623648
k9 v56 0 0 2070431618 279148 0 4007439467
k1 v79 0 0 2070431618 279149 0 1864740688
k9 v40 0 0 2070431618 279150 0 1010717215
k11 v21 0 0 2070431618 279151 0 3165413295
k11 v56 0 0 2070431618 279152 0 522333351
k16 v54 0 0 2070431618 279153 0 3125736388
k1 v88 0 0 2070431618 279154 0 4063956802
k5 v80 0 0 2070431618 279155 0 1990674722
k2 v45 0 0 2070431618 279156 0 934436765
k8 v21 0 0 2070431618 279157 0 2069237900
k18 v36 0 0 2070431618 279158 0 2285529113
k10 v93 0 0 2070431618 279159 0 2066006634
k3 v46 0 0 2070431618 279160 0 1467277660
k16 v50 0 0 2070431618 279161 0 3302212678
k5 v84 0 0 2070431618 279162 0 1968016101
k18 v25 0 0 2070431618 279163 0 1509671391
k6 v54 0 0 2070431618 279164 0 4246968845
k16 v94 0 0 2070431618 279165 0 3646547926
k6 v11 0 0 2070431618 279166 0 4133891115
k18 v37 0 0 2070431618 279167 0 1753477577
k0 v98 0 0 2070431618 279168 0 1482790749
k3 v42 0 0 2070431618 279169 0 3361452364
k14 v24 0 0 2070431618 279170 0 378937816
k18 v25 0 0 2070431618 279171 0 1779419498
k18 v36 0 0 2070431618 279172 0 1901155581
k19 v86 0 0 2070431618 279173 0 2916418813
k14 v34 0 0 2070431618 279174 0 3978323778
k17 v66 0 0 2070431618 279175 0 3308494487
k9 v4 0 0 2070431619 279176 0 2264960659
k18 v85 0 0 2070431619 279177 0 835282553
k9 v11 0 0 2070431619 279178 0 3549278340
k17 v69 0 0 2070431619 279179 0 3652428068
k9 v56 0 0 2070431619 279180 0 3820347289
k11 v36 0 0 2070431619 279181 0 104917359
k2 v90 0 0 2070431619 279182 0 351754008
k14 v31 0 0 2070431619 279183 0 1310549561
k2 v99 0 0 2070431619 279184 0 3121683818
k9 v24 0 0 2070431619 279185 0 1038867208
k19 v81 0 0 2070431619 279186 0 4128248200
k6 v86 0 0 2070431619 279187 0 1915034757
k7 v72 0 0 2070431619 279188 0 1815514857
k3 v37 0 0 2070431619 279189 0 1275251359
k0 v55 0 0 2070431619 279190 0 3591655830
k6 v8 0 0 2070431619 279191 0 3446870261
k14 v23 0 0 2070431619 279192 0 64014429
k18 v40 0 0 2070431619 279193 0 1136284581
k12 v89 0 0 2070431619 279194 0 778286484
k4 v63 0 0 2070431619 279195 0 1409424246
k15 v9 0 0 2070431619 279196 0 3032637626
k9 v53 0 0 2070431619 279197 0 2260530038
k2 v87 0 0 2070431619 279198 0 2437214376
k1 v17 0 0 2070431619 279199 0 1150448188
k1 v3 0 0 2070431619 279200 0 2661748973
k8 v64 0 0 2070431619 279201 0 3433762357
k11 v55 0 0 2070431619 279202 0 1751059702
k9 v32 0 0 2070431619 279203 0 1827576979
k7 v39 0 0 2070431619 279204 0 4239302768
k7 v65 0 0 2070431619 279205 0 3147836415
k17 v50 0 0 2070431619 279206 0 3396561815
k15 v95 0 0 2070431619 279207 0 578770157
k16 v20 0 0 2070431619 279208 0 2791582357
k5 v8 0 0 2070431619 279209 0 565617628
k4 v29 0 0 2070431619 279210 0 1883223520
k6 v51 0 0 2070431619 279211 0 1888356258
k17 v66 0 0 2070431619 279212 0 1356913554
k6 v61 0 0 2070431619 279213 0 967239619
k3 v4 0 0 2070431619 279214 0 874369229
k5 v47 0 0 2070431619 279215 0 2046748112
k11 v63 0 0 2070431619 279216 0 4073503987
k14 v8 0 0 2070431619 279217 0 3274764331
k15 v85 0 0 2070431619 279218 0 1006608779
k19 v41 0 0 2070431619 279219 0 1541903595
k2 v35 0 0 2070431619 279220 0 3546269622
k3 v25 0 0 2070431619 279221 0 3471679421
k0 v88 0 0 2070431619 279222 0 3829595109
k5 v59 0 0 2070431619 279223 0 2881500406
k12 v58 0 0 2070431619 279224 0 4248125582
k15 v52 0 0 2070431619 279225 0 3313650015
k6 v1 0 0 2070431619 279226 0 1684941769
k18 v21 0 0 2070431619 279227 0 2859264046
k0 v67 0 0 2070431619 279228 0 2986176510
k5 v84 0 0 2070431619 279229 0 1336890498
k19 v96 0 0 2070431619 279230 0 3224687372
k6 v24 0 0 2070431619 279231 0 828867979
k0 v35 0 0 2070431619 279232 0 222108906
k5 v64 0 0 2070431619 279233 0 1733155471
k7 v83 0 0 2070431619 279234 0 4145100162
k4 v76 0 0 2070431619 279235 0 4285555407
k0 v37 0 0 2070431619 279236 0 2745151330
k0 v80 0 0 2070431619 279237 0 86815525
k7 v43 0 0 2070431619 279238 0 1823438659
k3 v86 0 0 2070431619 279239 0 1768503875
k16 v84 0 0 2070431619 279240 0 3866094355
k19 v38 0 0 2070431619 279241 0 78559140
k12 v26 0 0 2070431619 279242 0 3757921925
k19 v22 0 0 2070431619 279243 0 4267177606
k8 v79 0 0 2070431619 279244 0 2673792927
k19 v11 0 0 2070431619 279245 0 2092604969
k19 v35 0 0 2070431619 279246 0 4257097678
k5 v20 0 0 2070431619 279247 0 1518003948
k0 v20 0 0 2070431619 279248 0 1187885412
k19 v48 0 0 2070431619 279249 0 2777725940
k7 v38 0 0 2070431619 279250 0 4218330329
k16 v75 0 0 2070431619 279251 0 3619947533
k3 v23 0 0 2070431620 279252 0 1114529984
k9 v70 0 0 2070431620 279253 0 2496662433
k15 v80 0 0 2070431620 279254 0 2634789290
k0 v71 0 0 2070431620 279255 0 1009204883
k12 v16 0 0 2070431620 279256 0 3884932283
k19 v22 0 0 2070431620 279257 0 3174792795
k7 v50 0 0 2070431620 279258 0 2123620939
k3 v65 0 0 2070431620 279259 0 926949477
k0 v87 0 0 2070431620 279260 0 2334156404
k2 v26 0 0 2070431620 279261 0 3690772369
k1 v14 0 0 2070431620 279262 0 937699584
k4 v85 0 0 2070431620 279263 0 1788863144
k4 v88 0 0 2070431620 279264 0 2475651778
k8 v53 0 0 2070431620 279265 0 282244125
k7 v48 0 0 2070431620 279266 0 3763807408
k3 v59 0 0 2070431620 279267 0 61672634
k9 v79 0 0 2070431620 279268 0 2380169671
k13 v75 0 0 2070431620 279269 0 2696305909
k13 v41 0 0 2070431620 279270 0 1162208305
k9 v52 0 0 2070431620 279271 0 2338900668
k3 v40 0 0 2070431620 279272 0 410975394
k3 v26 0 0 2070431620 279273 0 1937462768
k18 v28 0 0 2070431620 279274 0 1509208860
k1 v46 0 0 2070431620 279275 0 1049240665
k9 v30 0 0 2070431620 279276 0 4175048497
k19 v12 0 0 2070431620 279277 0 3315673302
k11 v9 0 0 2070431620 279278 0 1208580926
k12 v62 0 0 2070431620 279279 0 1150941467
k14 v12 0 0 2070431620 279280 0 439021901
k1 v57 0 0 2070431620 279281 0 2869370552
k11 v7 0 0 2070431620 279282 0 2688720878
k17 v22 0 0 2070431620 279283 0 1023154512
k5 v69 0 0 2070431620 279284 0 3033170666
k2 v68 0 0 2070431620 279285 0 3188658243
k12 v25 0 0 2070431620 279286 0 1004536001
k9 v43 0 0 2070431620 279287 0 752063199
k7 v59 0 0 2070431620 279288 0 2398592236
k6 v79 0 0 2070431620 279289 0 3898295812
k17 v72 0 0 2070431620 279290 0 2603657089
k6 v51 0 0 2070431620 279291 0 1482650100
k13 v39 0 0 2070431620 279292 0 2312239955
k14 v57 0 0 2070431620 279293 0 162929693
k15 v13 0 0 2070431620 279294 0 2173734892
k19 v32 0 0 2070431620 279295 0 432891427
k9 v49 0 0 2070431620 279296 0 1663003031
k0 v26 0 0 2070431620 279297 0 1802273987
k8 v97 0 0 2070431620 279298 0 3620105209
k7 v65 0 0 2070431620 279299 0 1040611474
k19 v96 0 0 2070431620 279300 0 1544302046
k18 v56 0 0 2070431620 279301 0 3916430214
k4 v95 0 0 2070431620 279302 0 1349471136
k5 v74 0 0 2070431620 279303 0 1689233347
k19 v13 0 0 2070431620 279304 0 907555251
k0 v69 0 0 2070431620 279305 0 2152844849
k11 v82 0 0 2070431620 279306 0 3688407481
k18 v43 0 0 2070431620 279307 0 191172481
k8 v3 0 0 2070431620 279308 0 1718327470
k9 v67 0 0 2070431620 279309 0 2933285800
k17 v53 0 0 2070431620 279310 0 2889657191
k16 v0 0 0 2070431620 279311 0 3097430036
k4 v31 0 0 2070431620 279312 0 3732325061
k13 v57 0 0 2070431620 279313 0 3382751854
k5 v51 0 0 2070431620 279314 0 3848440401
k16 v79 0 0 2070431620 279315 0 4192801973
k6 v0 0 0 2070431620 279316 0 2637295197
k11 v84 0 0 2070431620 279317 0 1193436954
k13 v3 0 0 2070431620 279318 0 2373781847
k2 v83 0 0 2070431620 279319 0 1147835501
k4 v59 0 0 2070431621 279320 0 1229639156
k10 v16 0 0 2070431621 279321 0 872507627
k17 v40 0 0 2070431621 279322 0 1620425078
k9 v80 0 0 2070431621 279323 0 2845636081
k17 v2 0 0 2070431621 279324 0 3605156058
k17 v7 0 0 2070431621 279325 0 3832787332
k16 v61 0 0 2070431621 279326 0 506047645
k9 v26 0 0 2070431621 279327 0 2296751403
k5 v41 0 0 2070431621 279328 0 417462276
k13 v15 0 0 2070431621 279329 0 630494740
k10 v87 0 0 2070431621 279330 0 4086792755
k0 v60 0 0 2070431621 279331 0 3530381318
k2 v30 0 0 2070431621 279332 0 2582994697
k4 v68 0 0 2070431621 279333 0 2111589797
k12 v10 0 0 2070431621 279334 0 553760933
k18 v40 0 0 2070431621 279335 0 1477877262
k13 v74 0 0 2070431621 279336 0 815062636
k10 v60 0 0 2070431621 279337 0 2388508375
k2 v35 0 0 2070431621 279338 0 1217423260
k1 v33 0 0 2070431621 279339 0 2739794485
k4 v92 0 0 2070431621 279340 0 1220421619
k16 v30 0 0 2070431621 279341 0 3181509259
k0 v78 0 0 2070431621 279342 0 4262348908
k9 v78 0 0 2070431621 279343 0 2095042783
k10 v77 0 0 2070431621 279344 0 3735150236
k16 v6 0 0 2070431621 279345 0 2461110960
k8 v15 0 0 2070431621 279346 0 3669478693
k5 v86 0 0 2070431621 279347 0 1304113959
k0 v50 0 0 2070431621 279348 0 2113828649
k17 v22 0 0 2070431621 279349 0 3139399493
k12 v9 0 0 2070431621 279350 0 3459968995
k5 v33 0 0 2070431621 279351 0 1866835228
k5 v72 0 0 2070431621 279352 0 871811362
k19 v87 0 0 2070431621 279353 0 1207764144
k7 v6 0 0 2070431621 279354 0 4155497864
k11 v44 0 0 2070431621 279355 0 2310840343
k14 v41 0 0 2070431621 279356 0 305424524
k1 v27 0 0 2070431621 279357 0 3899968462
k5 v37 0 0 2070431621 279358 0 4033541388
k9 v4 0 0 2070431621 279359 0 1132308937
k17 v86 0 0 2070431621 279360 0 3867337520
k16 v73 0 0 2070431621 279361 0 58025876
k10 v14 0 0 2070431621 279362 0 3538675064
k14 v63 0 0 2070431621 279363 0 1125078369
k2 v54 0 0 2070431621 279364 0 1907676411
k12 v81 0 0 2070431621 279365 0 3785292449
k3 v1 0 0 2070431621 279366 0 2050634944
k7 v66 0 0 2070431621 279367 0 1885747216
k19 v27 0 0 2070431621 279368 0 1736010537
k5 v23 0 0 2070431621 279369 0 973083347
k5 v7 0 0 2070431621 279370 0 3681566244
k0 v36 0 0 2070431621 279371 0 3697601066
k9 v92 0 0 2070431621 279372 0 3814257481
k6 v31 0 0 2070431621 279373 0 3806092353
k0 v61 0 0 2070431621 279374 0 3446947801
k1 v36 0 0 2070431621 279375 0 595314170
k2 v9 0 0 2070431621 279376 0 4044090501
k7 v69 0 0 2070431621 279377 0 221979142
k8 v11 0 0 2070431621 279378 0 144684459
k12 v88 0 0 2070431621 279379 0 3025482350
k11 v37 0 0 2070431621 279380 0 979176595
k12 v96 0 0 2070431621 279381 0 4059183010
k12 v51 0 0 2070431621 279382 0 210816831
k10 v99 0 0 2070431621 279383 0 1389229800
k15 v96 0 0 2070431621 279384 0 4198259529
k6 v8 0 0 2070431621 279385 0 3904655421
k3 v61 0 0 2070431621 279386 0 2197496667
k3 v26 0 0 2070431621 279387 0 1750970418
k7 v36 0 0 2070431621 279388 0 1883475696
k16 v43 0 0 2070431621 279389 0 3123462773
k3 v59 0 0 2070431621 279390 0 866564795
k18 v2 0 0 2070431621 279391 0 2069517118
k2 v14 0 0 2070431621 279392 0 1045115131
k17 v51 0 0 2070431621 279393 0 2405883662
k4 v37 0 0 2070431621 279394 0 3468077488
k19 v28 0 0 2070431621 279395 0 2769560184
k3 v98 0 0 2070431622 279396 0 3105827925
k3 v14 0 0 2070431622 279397 0 1455434121
k10 v68 0 0 2070431622 279398 0 386332319
k2 v89 0 0 2070431622 279399 0 1598644886
k2 v62 0 0 2070431622 279400 0 4247801121
k0 v37 0 0 2070431622 279401 0 2937387187
k13 v17 0 0 2070431622 279402 0 477287015
k14 v16 0 0 2070431622 279403 0 381108430
k6 v73 0 0 2070431622 279404 0 1673367918
k8 v79 0 0 2070431622 279405 0 3233821005
k4 v42 0 0 2070431622 279406 0 2724501920
k3 v66 0 0 2070431622 279407 0 1743772267
k1 v42 0 0 2070431622 279408 0 2814967657
k18 v39 0 0 2070431622 279409 0 1961245613
k19 v66 0 0 2070431622 279410 0 3458856707
k9 v63 0 0 2070431622 279411 0 4140979978
k13 v4 0 0 2070431622 279412 0 1227126922
k7 v20 0 0 2070431622 279413 0 2496089509
k13 v27 0 0 2070431622 279414 0 821337397
k14 v52 0 0 2070431622 279415 0 490431133
k4 v78 0 0 2070431622 279416 0 2410533194
k19 v23 0 0 2070431622 279417 0 3088823648
k5 v41 0 0 2070431622 279418 0 167737607
k14 v54 0 0 2070431622 279419 0 900575300
k17 v20 0 0 2070431622 279420 0 3083264360
k3 v37 0 0 2070431622 279421 0 3665106400
k0 v45 0 0 2070431622 279422 0 613715914
k14 v1 0 0 2070431622 279423 0 472521165
k6 v36 0 0 2070431622 279424 0 1498059172
k14 v69 0 0 2070431622 279425 0 1444005215
k4 v35 0 0 2070431622 279426 0 692284677
k3 v44 0 0 2070431622 279427 0 1247902196
k13 v60 0 0 2070431622 279428 0 1840959048
k6 v77 0 0 2070431622 279429 0 2608517140
k19 v55 0 0 2070431622 279430 0 421194820
k3 v39 0 0 2070431622 279431 0 3259970736
k8 v1 0 0 2070431622 279432 0 2348713781
k12 v39 0 0 2070431622 279433 0 1633746353
k15 v75 0 0 2070431622 279434 0 2572667528
k1 v61 0 0 2070431622 279435 0 1531802570
k19 v1 0 0 2070431622 279436 0 2455066239
k9 v91 0 0 2070431622 279437 0 634903872
k11 v97 0 0 2070431622 279438 0 750738987
k14 v41 0 0 2070431622 279439 0 2188982187
k3 v37 0 0 2070431622 279440 0 3353565203
k13 v88 0 0 2070431622 279441 0 4141994929
k6 v54 0 0 2070431622 279442 0 929970650
k15 v52 0 0 2070431622 279443 0 3604606244
k19 v55 0 0 2070431622 279444 0 2017017797
k5 v94 0 0 2070431622 279445 0 968989677
k11 v83 0 0 2070431622 279446 0 1715736039
k8 v91 0 0 2070431622 279447 0 3152748817
k5 v49 0 0 2070431622 279448 0 2465164638
k19 v80 0 0 2070431622 279449 0 1322000324
k5 v6 0 0 2070431622 279450 0 2932600406
k9 v42 0 0 2070431622 279451 0 1886963181
k2 v19 0 0 2070431622 279452 0 2455302248
k14 v37 0 0 2070431622 279453 0 2447357982
k13 v84 0 0 2070431622 279454 0 1499623464
k10 v61 0 0 2070431622 279455 0 3470370043
k0 v52 0 0 2070431622 279456 0 992573766
k4 v61 0 0 2070431622 279457 0 4141426365
k2 v12 0 0 2070431622 279458 0 1522893722
k3 v53 0 0 2070431622 279459 0 2939381746
k1 v5 0 0 2070431622 279460 0 1602588357
k15 v79 0 0 2070431622 279461 0 836616653
k16 v28 0 0 2070431622 279462 0 2219906896
k5 v25 0 0 2070431622 279463 0 1469339862
k7 v57 0 0 2070431622 279464 0 1449848108
k15 v85 0 0 2070431622 279465 0 3398612492
k17 v63 0 0 2070431622 279466 0 1539680067
k15 v0 0 0 2070431622 279467 0 218114963
k12 v10 0 0 2070431623 279468 0 1418529414
k13 v43 0 0 2070431623 279469 0 4100922364
k15 v46 0 0 2070431623 279470 0 3794757863
k2 v19 0 0 2070431623 279471 0 1985705819
k11 v30 0 0 2070431623 279472 0 1031909499
k16 v62 0 0 2070431623 279473 0 365881405
k7 v84 0 0 2070431623 279474 0 2625258524
k0 v5 0 0 2070431623 279475 0 4172444905
k19 v41 0 0 2070431623 279476 0 1439992647
k1 v22 0 0 2070431623 279477 0 529068155
k7 v56 0 0 2070431623 279478 0 1389425615
k17 v5 0 0 2070431623 279479 0 1529967915
k6 v2 0 0 2070431623 279480 0 489438082
k4 v64 0 0 2070431623 279481 0 1333510889
k4 v25 0 0 2070431623 279482 0 331919063
k19 v46 0 0 2070431623 279483 0 3267075756
k1 v31 0 0 2070431623 279484 0 260713169
k6 v3 0 0 2070431623 279485 0 87880833
k11 v11 0 0 2070431623 279486 0 3541174393
k3 v65 0 0 2070431623 279487 0 184534663
k16 v47 0 0 2070431623 279488 0 841525161
k7 v13 0 0 2070431623 279489 0 2045006103
k10 v77 0 0 2070431623 279490 0 1843902223
k11 v44 0 0 2070431623 279491 0 993567667
k9 v41 0 0 2070431623 279492 0 827073054
k6 v12 0 0 2070431623 279493 0 2094858808
k4 v55 0 0 2070431623 279494 0 767026494
k5 v64 0 0 2070431623 279495 0 2980480782
k3 v95 0 0 2070431623 279496 0 1580405471
k10 v73 0 0 2070431623 279497 0 1816906385
k6 v3 0 0 2070431623 279498 0 2974867707
k14 v17 0 0 2070431623 279499 0 1246013459
k4 v68 0 0 2070431623 279500 0 872020126
k2 v4 0 0 2070431623 279501 0 1780101835
k19 v8 0 0 2070431623 279502 0 2027267885
k9 v18 0 0 2070431623 279503 0 3936691556
k11 v8 0 0 2070431623 279504 0 2546738859
k16 v74 0 0 2070431623 279505 0 3852345360
k7 v60 0 0 2070431623 279506 0 2392699031
k16 v69 0 0 2070431623 279507 0 4263757729
k10 v27 0 0 2070431623 279508 0 2674976456
k8 v48 0 0 2070431623 279509 0 102408223
k17 v84 0 0 2070431623 279510 0 1313725336
k9 v39 0 0 2070431623 279511 0 1492260842
k12 v98 0 0 2070431623 279512 0 2880982056
k8 v1 0 0 2070431623 279513 0 3849782753
k12 v29 0 0 2070431623 279514 0 3328793469
k4 v18 0 0 2070431623 279515 0 648798388
k8 v69 0 0 2070431623 279516 0 31714524
k3 v94 0 0 2070431623 279517 0 2497719813
k12 v75 0 0 2070431623 279518 0 885632703
k16 v83 0 0 2070431623 279519 0 3854052502
k17 v14 0 0 2070431623 279520 0 4129550121
k13 v63 0 0 2070431623 279521 0 1741119280
k1 v61 0 0 2070431623 279522 0 1641605313
k17 v8 0 0 2070431623 279523 0 2851618434
k15 v71 0 0 2070431623 279524 0 2725129245
k10 v45 0 0 2070431623 279525 0 363413409
k8 v48 0 0 2070431623 279526 0 2181458110
k5 v10 0 0 2070431623 279527 0 275972105
k1 v20 0 0 2070431623 279528 0 3970514870
k9 v13 0 0 2070431623 279529 0 566002424
k11 v11 0 0 2070431623 279530 0 832644987
k19 v58 0 0 2070431623 279531 0 3259415635
k19 v15 0 0 2070431623 279532 0 1304685958
k9 v18 0 0 2070431623 279533 0 3907230525
k18 v68 0 0 2070431623 279534 0 1599873057
k15 v61 0 0 2070431623 279535 0 627963125
k16 v41 0 0 2070431623 279536 0 2623643510
k19 v30 0 0 2070431623 279537 0 4294625441
k5 v70 0 0 2070431624 279538 0 1792113198
k16 v81 0 0 2070431624 279539 0 641173357
k13 v69 0 0 2070431624 279540 0 662813668
k18 v71 0 0 2070431624 279541 0 1254598034
k7 v15 0 0 2070431624 279542 0 2773516817
k14 v6 0 0 2070431624 279543 0 2268114190
k16 v14 0 0 2070431624 279544 0 125089106
k1 v7 0 0 2070431624 279545 0 2506864256
k16 v54 0 0 2070431624 279546 0 666620779
k8 v23 0 0 2070431624 279547 0 1360704234
k19 v37 0 0 2070431624 279548 0 2527882593
k12 v54 0 0 2070431624 279549 0 2692705847
k16 v57 0 0 2070431624 279550 0 3750384400
k11 v0 0 0 2070431624 279551 0 2070859694
k17 v33 0 0 2070431624 279552 0 3458151897
k3 v13 0 0 2070431624 279553 0 972481825
k4 v87 0 0 2070431624 279554 0 4106980089
k4 v48 0 0 2070431624 279555 0 2789525076
k17 v58 0 0 2070431624 279556 0 1849454179
k11 v91 0 0 2070431624 279557 0 1432014177
k1 v7 0 0 2070431624 279558 0 554148602
k18 v19 0 0 2070431624 279559 0 3896153817
k17 v17 0 0 2070431624 279560 0 1413874470
k16 v75 0 0 2070431624 279561 0 3940396025
k1 v21 0 0 2070431624 279562 0 2129481151
k1 v21 0 0 2070431624 279563 0 1744207102
k15 v38 0 0 2070431624 279564 0 1172792471
k3 v80 0 0 2070431624 279565 0 2020293596
k6 v77 0 0 2070431624 279566 0 1698171621
k13 v80 0 0 2070431624 279567 0 1077352457
k13 v59 0 0 2070431624 279568 0 2546100065
k16 v32 0 0 2070431624 279569 0 3518596057
k12 v76 0 0 2070431624 279570 0 1576082646
k3 v29 0 0 2070431624 279571 0 609186064
k4 v55 0 0 2070431624 279572 0 3272212942
k17 v44 0 0 2070431624 279573 0 1545859133
k16 v51 0 0 2070431624 279574 0 1010950063
k17 v12 0 0 2070431624 279575 0 58281291
k2 v74 0 0 2070431624 279576 0 3406793867
k7 v59 0 0 2070431624 279577 0 464449885
k3 v46 0 0 2070431624 279578 0 2133835710
k17 v45 0 0 2070431624 279579 0 3282772977
k0 v89 0 0 2070431624 279580 0 2178627162
k1 v67 0 0 2070431624 279581 0 3380914712
k18 v36 0 0 2070431624 279582 0 2605559069
k18 v61 0 0 2070431624 279583 0 3996237290
k15 v77 0 0 2070431624 279584 0 555695367
k14 v71 0 0 2070431624 279585 0 659848007
k12 v72 0 0 2070431624 279586 0 1310332724
k11 v37 0 0 2070431624 279587 0 412601324
k3 v57 0 0 2070431624 279588 0 2395881563
k11 v39 0 0 2070431624 279589 0 2683088133
k10 v83 0 0 2070431624 279590 0 3714497796
k8 v76 0 0 2070431624 279591 0 2838614277
k7 v38 0 0 2070431624 279592 0 4280096402
k4 v20 0 0 2070431624 279593 0 2464304066
k18 v46 0 0 2070431624 279594 0 2771576564
k0 v43 0 0 2070431624 279595 0 2641364443
k8 v25 0 0 2070431624 279596 0 3304754477
k12 v25 0 0 2070431624 279597 0 983854580
k19 v56 0 0 2070431624 279598 0 221167794
k18 v95 0 0 2070431624 279599 0 400841504
k6 v5 0 0 2070431624 279600 0 1387728187
k9 v15 0 0 2070431624 279601 0 1991436220
k14 v47 0 0 2070431624 279602 0 2341342432
k16 v26 0 0 2070431624 279603 0 3965309128
k19 v59 0 0 2070431624 279604 0 3227544574
k4 v1 0 0 2070431624 279605 0 1333648295
k10 v81 0 0 2070431624 279606 0 1553397871
k4 v52 0 0 2070431624 279607 0 1220799091
k2 v46 0 0 2070431624 279608 0 4087802881
k8 v18 0 0 2070431624 279609 0 2471068109
k16 v32 0 0 2070431624 279610 0 394363387
k7 v94 0 0 2070431624 279611 0 3667300071
k8 v82 0 0 2070431624 279612 0 2621577447
k5 v94 0 0 2070431624 279613 0 87441292
k18 v10 0 0 2070431624 279614 0 2962489938
k5 v62 0 0 2070431624 279615 0 2606402289
k15 v14 0 0 2070431624 279616 0 1473872872
k13 v65 0 0 2070431624 279617 0 2944957901
k19 v80 0 0 2070431624 279618 0 1031417186
k4 v36 0 0 2070431624 279619 0 1867662165
k12 v19 0 0 2070431624 279620 0 3274507316
k16 v53 0 0 2070431625 279621 0 1395405053
k10 v60 0 0 2070431625 279622 0 1098702445
k10 v30 0 0 2070431625 279623 0 3578030089
k12 v10 0 0 2070431625 279624 0 2471963738
k5 v2 0 0 2070431625 279625 0 953296477
k15 v21 0 0 2070431625 279626 0 3382800339
k2 v70 0 0 2070431625 279627 0 1143814920
k4 v58 0 0 2070431615 279628 0 1861074615
k1 v22 0 0 2070431625 279629 0 3953581586
k15 v65 0 0 2070431625 279630 0 3257748864
k4 v53 0 0 2070431625 279631 0 3037907060
k5 v44 0 0 2070431625 279632 0 2077381742
k7 v37 0 0 2070431625 279633 0 1225882964
k6 v22 0 0 2070431625 279634 0 695423686
k16 v7 0 0 2070431625 279635 0 1091387835
k5 v19 0 0 2070431625 279636 0 617353442
k15 v99 0 0 2070431625 279637 0 307194242
k1 v67 0 0 2070431625 279638 0 3389804992
k3 v16 0 0 2070431625 279639 0 838930038
k2 v62 0 0 2070431625 279640 0 1526015087
k3 v26 0 0 2070431616 279641 0 864758590
k8 v52 0 0 2070431625 279642 0 4277294273
k10 v71 0 0 2070431625 279643 0 2790730566
k1 v98 0 0 2070431625 279644 0 1400698694
k3 v93 0 0 2070431625 279645 0 2508426902
k11 v32 0 0 2070431625 279646 0 4244864166
k11 v68 0 0 2070431625 279647 0 1043229436
k15 v50 0 0 2070431625 279648 0 1596949489
k13 v29 0 0 2070431625 279649 0 983935846
k8 v60 0 0 2070431625 279650 0 2094442523
k0 v4 0 0 2070431625 279651 0 2522587081
k11 v15 0 0 2070431625 279652 0 2637001851
k1 v31 0 0 2070431625 279653 0 611708489
k6 v12 0 0 2070431625 279654 0 1457564823
k17 v52 0 0 2070431625 279655 0 3424334574
k4 v76 0 0 2070431625 279656 0 831583075
k11 v21 0 0 2070431625 279657 0 3584682372
k4 v10 0 0 2070431625 279658 0 3708634878
k17 v25 0 0 2070431625 279659 0 3893189929
k9 v85 0 0 2070431625 279660 0 497426489
k18 v33 0 0 2070431625 279661 0 1332456635
k15 v67 0 0 2070431625 279662 0 1008638821
k16 v20 0 0 2070431625 279663 0 2690462001
k10 v54 0 0 2070431625 279664 0 635222157
k15 v6 0 0 2070431625 279665 0 467211606
k15 v57 0 0 2070431625 279666 0 594336898
k9 v15 0 0 2070431625 279667 0 3905895446
k14 v66 0 0 2070431625 279668 0 954573437
k10 v80 0 0 2070431625 279669 0 1984865226
k1 v92 0 0 2070431625 279670 0 1648569381
k9 v75 0 0 2070431625 279671 0 1231746145
k2 v57 0 0 2070431625 279672 0 974236232
k1 v92 0 0 2070431625 279673 0 1231978470
k9 v31 0 0 2070431625 279674 0 1745481670
k4 v14 0 0 2070431625 279675 0 633997188
k0 v48 0 0 2070431625 279676 0 1353600794
k13 v83 0 0 2070431625 279677 0 809734276
k8 v59 0 0 2070431625 279678 0 875141482
k18 v6 0 0 2070431625 279679 0 1147462061
k17 v85 0 0 2070431625 279680 0 4028726584
k15 v67 0 0 2070431625 279681 0 497935788
k6 v23 0 0 2070431625 279682 0 370876903
k15 v54 0 0 2070431625 279683 0 4213983239
k15 v56 0 0 2070431625 279684 0 2124654668
k18 v38 0 0 2070431625 279685 0 334225357
k5 v29 0 0 2070431625 279686 0 1401388512
k17 v26 0 0 2070431625 279687 0 3523194430
k11 v28 0 0 2070431625 279688 0 2723515372
k4 v17 0 0 2070431625 279689 0 764035711
k5 v53 0 0 2070431625 279690 0 988649015
k17 v48 0 0 2070431625 279691 0 1772236078
k16 v20 0 0 2070431614 279692 0 1195211542
k10 v73 0 0 2070431625 279693 0 1682034329
k11 v93 0 0 2070431625 279694 0 1673313850
k16 v10 0 0 2070431625 279695 0 2252690281
k3 v92 0 0 2070431625 279696 0 3541136704
k1 v56 0 0 2070431625 279697 0 1585082748
k12 v69 0 0 2070431615 279698 0 2606881758
k11 v10 0 0 2070431625 279699 0 1548321995
k4 v16 0 0 2070431625 279700 0 796980397
k0 v23 0 0 2070431625 279701 0 1716729475
k1 v6 0 0 2070431625 279702 0 3739712456
k2 v98 0 0 2070431625 279703 0 3580729093
k14 v90 0 0 2070431625 279704 0 3763856477
k8 v99 0 0 2070431625 279705 0 192912138
k14 v92 0 0 2070431625 279706 0 414183507
k1 v78 0 0 2070431625 279707 0 338388876
k6 v60 0 0 2070431625 279708 0 3876304577
k1 v85 0 0 2070431625 279709 0 1894564737
k1 v74 0 0 2070431625 279710 0 2308875927
k12 v93 0 0 2070431625 279711 0 3733013919
k6 v43 0 0 2070431625 279712 0 1464563915
k8 v19 0 0 2070431625 279713 0 2031443917
k10 v4 0 0 2070431625 279714 0 1047975099
k4 v15 0 0 2070431625 279715 0 4238092053
k7 v45 0 0 2070431625 279716 0 746048206
k1 v46 0 0 2070431625 279717 0 1997521983
k14 v52 0 0 2070431625 279718 0 2967845415
k0 v8 0 0 2070431625 279719 0 838985619
k1 v38 0 0 2070431625 279720 0 1243029918
k2 v13 0 0 2070431625 279721 0 4083135463
k11 v75 0 0 2070431625 279722 0 3605200989
k9 v99 0 0 2070431625 279723 0 3318874678
k6 v59 0 0 2070431625 279724 0 3415753396
k17 v59 0 0 2070431625 279725 0 1134221430
k15 v91 0 0 2070431625 279726 0 804356899
k2 v69 0 0 2070431625 279727 0 2616668679
k17 v3 0 0 2070431625 279728 0 337165629
k7 v74 0 0 2070431625 279729 0 3083915773
k15 v97 0 0 2070431625 279730 0 4232762183
k14 v72 0 0 2070431625 279731 0 2254951549
k19 v73 0 0 2070431625 279732 0 1404810393
k7 v79 0 0 2070431625 279733 0 4205598189
k7 v70 0 0 2070431625 279734 0 1297166046
k12 v47 0 0 2070431625 279735 0 1599418879
k2 v76 0 0 2070431625 279736 0 1617664718
k17 v55 0 0 2070431625 279737 0 2740514088
k6 v24 0 0 2070431625 279738 0 3109676922
k10 v29 0 0 2070431625 279739 0 4055098299
k16 v57 0 0 2070431625 279740 0 3102470450
k17 v36 0 0 2070431625 279741 0 2849575975
k14 v99 0 0 2070431625 279742 0 1236797171
k9 v17 0 0 2070431625 279743 0 4250221717
k8 v69 0 0 2070431625 279744 0 1501072825
k6 v46 0 0 2070431625 279745 0 894172408
k16 v28 0 0 2070431625 279746 0 4224295117
k3 v43 0 0 2070431625 279747 0 3084387618
k18 v60 0 0 2070431625 279748 0 119238166
k11 v54 0 0 2070431625 279749 0 2956566303
k14 v42 0 0 2070431625 279750 0 3773766509
k14 v69 0 0 2070431625 279751 0 792899625
k2 v91 0 0 2070431625 279752 0 838961499
k13 v10 0 0 2070431625 279753 0 4204143017
k5 v24 0 0 2070431625 279754 0 1736764921
k14 v73 0 0 2070431625 279755 0 2212583053
k9 v91 0 0 2070431625 279756 0 540096068
k0 v37 0 0 2070431625 279757 0 3891608361
k9 v31 0 0 2070431625 279758 0 2139362241
k14 v50 0 0 2070431625 279759 0 1681478966
k10 v5 0 0 2070431625 279760 0 976370812
k4 v93 0 0 2070431625 279761 0 1013866551
k2 v10 0 0 2070431625 279762 0 1892812082
k14 v19 0 0 2070431625 279763 0 1993730730
k11 v91 0 0 2070431625 279764 0 445835502
k17 v86 0 0 2070431625 279765 0 2430439128
k2 v9 0 0 2070431625 279766 0 4225834783
k9 v54 0 0 2070431625 279767 0 669869198
k10 v1 0 0 2070431625 279768 0 3154533677
k17 v15 0 0 2070431626 279769 0 2808480021
k6 v49 0 0 2070431626 279770 0 3094004006
k8 v84 0 0 2070431626 279771 0 3445148251
k10 v48 0 0 2070431626 279772 0 144419791
k15 v5 0 0 2070431626 279773 0 3587962283
k13 v61 0 0 2070431626 279774 0 878500349
k3 v68 0 0 2070431626 279775 0 3750839327
k5 v79 0 0 2070431626 279776 0 3821788542
k13 v49 0 0 2070431626 279777 0 1718509041
k16 v56 0 0 2070431626 279778 0 2577201606
k14 v51 0 0 2070431626 279779 0 2354429437
k4 v58 0 0 2070431626 279780 0 2753424682
k19 v67 0 0 2070431626 279781 0 729507743
k17 v50 0 0 2070431626 279782 0 2004820336
k5 v3 0 0 2070431626 279783 0 810246093
k0 v50 0 0 2070431626 279784 0 1576427279
k7 v61 0 0 2070431626 279785 0 741166917
k8 v55 0 0 2070431626 279786 0 1156820660
k8 v41 0 0 2070431626 279787 0 2363488050
k4 v87 0 0 2070431625 279788 0 906337971
k14 v27 0 0 2070431625 279789 0 3829589678
k14 v85 0 0 2070431625 279790 0 1069173079
k19 v24 0 0 2070431615 279791 0 552304639
k6 v6 0 0 2070431626 279792 0 979401188
k9 v25 0 0 2070431626 279793 0 3402783818
k10 v94 0 0 2070431626 279794 0 800625403
k14 v88 0 0 2070431625 279795 0 4103912383
k3 v7 0 0 2070431626 279796 0 1893888102
k5 v78 0 0 2070431626 279797 0 2502556275
k12 v54 0 0 2070431626 279798 0 1502610387
k10 v24 0 0 2070431625 279799 0 1249206464
k14 v66 0 0 2070431626 279800 0 2598446103
k16 v49 0 0 2070431626 279801 0 4130846691
k4 v78 0 0 2070431625 279802 0 2853226712
k15 v78 0 0 2070431626 279803 0 2895992313
k9 v78 0 0 2070431626 279804 0 3914555612
k2 v15 0 0 2070431626 279805 0 3329763565
k4 v54 0 0 2070431626 279806 0 1996568233
k6 v84 0 0 2070431626 279807 0 727538258
k18 v46 0 0 2070431626 279808 0 3055111639
k18 v89 0 0 2070431615 279809 0 1402223196
k6 v92 0 0 2070431614 279810 0 93291345
k0 v50 0 0 2070431626 279811 0 1999863955
k13 v56 0 0 2070431626 279812 0 2763142895
k10 v58 0 0 2070431626 279813 0 3535042036
k15 v91 0 0 2070431626 279814 0 3379382349
k7 v71 0 0 2070431614 279815 0 2683165882
k6 v5 0 0 2070431616 279816 0 2656603137
k5 v1 0 0 2070431615 279817 0 2119826618
k12 v25 0 0 2070431626 279818 0 56688419
k5 v90 0 0 2070431626 279819 0 332286993
k0 v51 0 0 2070431626 279820 0 151598285
k11 v75 0 0 2070431626 279821 0 723665963
k0 v7 0 0 2070431626 279822 0 2042685333
k9 v58 0 0 2070431626 279823 0 1095901960
k3 v94 0 0 2070431626 279824 0 117511462
k3 v95 0 0 2070431626 279825 0 2071797537
k17 v33 0 0 2070431626 279826 0 527645176
k11 v78 0 0 2070431626 279827 0 3408520448
k2 v79 0 0 2070431626 279828 0 1431943907
k0 v89 0 0 2070431626 279829 0 3988903781
k2 v34 0 0 2070431626 279830 0 954882250
k4 v87 0 0 2070431626 279831 0 1031724462
k11 v5 0 0 2070431626 279832 0 3473665888
k9 v29 0 0 2070431626 279833 0 1276179489
k5 v74 0 0 2070431626 279834 0 952500699
k11 v56 0 0 2070431626 279835 0 98674607
k0 v81 0 0 2070431626 279836 0 4131419951
k10 v14 0 0 2070431626 279837 0 1955814862
k15 v48 0 0 2070431626 279838 0 909226120
k19 v9 0 0 2070431626 279839 0 1183460672
k18 v42 0 0 2070431626 279840 0 925140058
k4 v36 0 0 2070431626 279841 0 62553080
k6 v68 0 0 2070431626 279842 0 1373255568
k16 v13 0 0 2070431626 279843 0 423516838
k4 v31 0 0 2070431626 279844 0 2676566318
k4 v38 0 0 2070431626 279845 0 2117006747
k4 v31 0 0 2070431626 279846 0 2914995116
k0 v98 0 0 2070431614 279847 0 4141483321
k17 v18 0 0 2070431626 279848 0 1405874881
k17 v88 0 0 2070431626 279849 0 4042803560
k3 v40 0 0 2070431626 279850 0 2149491629
k12 v35 0 0 2070431626 279851 0 1248948008
k7 v16 0 0 2070431615 279852 0 209076586
k17 v35 0 0 2070431613 279853 0 2449830988
k5 v30 0 0 2070431615 279854 0 3613239725
k0 v17 0 0 2070431626 279855 0 3890958179
k0 v67 0 0 2070431626 279856 0 2770443000
k10 v63 0 0 2070431626 279857 0 4173136311
k6 v32 0 0 2070431626 279858 0 1891734070
k1 v15 0 0 2070431626 279859 0 451124279
k17 v64 0 0 2070431626 279860 0 575084308
k14 v88 0 0 2070431626 279861 0 1296051763
k6 v39 0 0 2070431626 279862 0 3122290589
k18 v19 0 0 2070431626 279863 0 2698780586
k9 v14 0 0 2070431626 279864 0 3369411651
k17 v99 0 0 2070431626 279865 0 2775870162
k15 v2 0 0 2070431626 279866 0 273276188
k16 v82 0 0 2070431626 279867 0 2711222882
k11 v58 0 0 2070431626 279868 0 2944159854
k9 v67 0 0 2070431626 279869 0 3140850076
k0 v49 0 0 2070431626 279870 0 230925066
k14 v53 0 0 2070431626 279871 0 3592507695
k15 v34 0 0 2070431626 279872 0 1896237933
k3 v57 0 0 2070431626 279873 0 3593011469
k8 v64 0 0 2070431626 279874 0 998449912
k12 v43 0 0 2070431626 279875 0 3227346383
k14 v91 0 0 2070431626 279876 0 1688583337
k10 v84 0 0 2070431626 279877 0 3383918586
k4 v15 0 0 2070431626 279878 0 2605920863
k3 v73 0 0 2070431626 279879 0 2263810979
k8 v37 0 0 2070431626 279880 0 1983474222
k16 v2 0 0 2070431626 279881 0 1827589009
k16 v3 0 0 2070431627 279882 0 3993936778
k3 v5 0 0 2070431626 279883 0 2667219150
k17 v86 0 0 2070431626 279884 0 1437893926
k13 v50 0 0 2070431626 279885 0 1610679922
k16 v9 0 0 2070431627 279886 0 3715614384
k13 v79 0 0 2070431626 279887 0 1313835129
k15 v56 0 0 2070431627 279888 0 1894553358
k18 v4 0 0 2070431627 279889 0 655138898
k0 v17 0 0 2070431627 279890 0 1596736220
k18 v46 0 0 2070431627 279891 0 2762001807
k7 v26 0 0 2070431627 279892 0 98173269
k12 v76 0 0 2070431627 279893 0 10992929
k5 v62 0 0 2070431627 279894 0 3791821528
k1 v12 0 0 2070431627 279895 0 2460126290
k15 v57 0 0 2070431627 279896 0 2328554481
k13 v79 0 0 2070431627 279897 0 2200429264
k12 v77 0 0 2070431627 279898 0 2251579308
k11 v48 0 0 2070431627 279899 0 3997934866
k9 v73 0 0 2070431626 279900 0 133257669
k4 v63 0 0 2070431627 279901 0 3591168997
k10 v95 0 0 2070431627 279902 0 1059144217
k2 v19 0 0 2070431627 279903 0 922932603
k14 v88 0 0 2070431627 279904 0 1085063487
k0 v39 0 0 2070431627 279905 0 1745526889
k19 v24 0 0 2070431627 279906 0 4211908156
k12 v62 0 0 2070431627 279907 0 43076616
k17 v62 0 0 2070431627 279908 0 505813888
k4 v24 0 0 2070431627 279909 0 3983068101
k5 v65 0 0 2070431627 279910 0 3515207570
k9 v64 0 0 2070431627 279911 0 2904303392
k14 v83 0 0 2070431627 279912 0 625383414
k18 v15 0 0 2070431627 279913 0 45306687
k7 v42 0 0 2070431627 279914 0 1577025169
k9 v31 0 0 2070431627 279915 0 1876538654
k7 v56 0 0 2070431627 279916 0 3204347092
k0 v0 0 0 2070431627 279917 0 2476960993
k12 v79 0 0 2070431627 279918 0 694362646
k8 v91 0 0 2070431627 279919 0 2569607373
k1 v84 0 0 2070431627 279920 0 1698162606
k12 v54 0 0 2070431627 279921 0 2826051798
k4 v49 0 0 2070431627 279922 0 1299498251
k8 v85 0 0 2070431616 279923 0 1167071874
k9 v49 0 0 2070431627 279924 0 2159569644
k2 v7 0 0 2070431627 279925 0 1825038121
k12 v3 0 0 2070431627 279926 0 1676154685
k14 v62 0 0 2070431627 279927 0 3974097436
k0 v5 0 0 2070431627 279928 0 1039605352
k17 v30 0 0 2070431627 279929 0 1129582342
k0 v32 0 0 2070431627 279930 0 625570061
k11 v94 0 0 2070431627 279931 0 3898506769
k10 v15 0 0 2070431627 279932 0 412480822
k16 v98 0 0 2070431626 279933 0 3008215368
k18 v35 0 0 2070431626 279934 0 1712853109
k19 v57 0 0 2070431626 279935 0 3632511146
k2 v91 0 0 2070431627 279936 0 4028252323
k13 v76 0 0 2070431627 279937 0 1251176514
k17 v51 0 0 2070431627 279938 0 3369560816
k1 v34 0 0 2070431626 279939 0 661765595
k2 v16 0 0 2070431615 279940 0 470902269
k2 v79 0 0 2070431627 279941 0 4093647587
k15 v58 0 0 2070431627 279942 0 576563938
k13 v83 0 0 2070431627 279943 0 1278213362
k13 v6 0 0 2070431627 279944 0 1777450450
k0 v28 0 0 2070431627 279945 0 2512302189
k7 v70 0 0 2070431627 279946 0 3637652119
k11 v68 0 0 2070431627 279947 0 610827735
k6 v37 0 0 2070431627 279948 0 782192613
k12 v8 0 0 2070431615 279949 0 2837960576
k13 v18 0 0 2070431627 279950 0 4003124374
k18 v11 0 0 2070431627 279951 0 2036429368
k6 v24 0 0 2070431627 279952 0 3854631692
k1 v99 0 0 2070431625 279953 0 553328806
k3 v99 0 0 2070431627 279954 0 3221840629
k0 v26 0 0 2070431615 279955 0 4130122373
k10 v57 0 0 2070431627 279956 0 2688761527
k0 v89 0 0 2070431627 279957 0 35359637
k1 v49 0 0 2070431627 279958 0 704344131
k5 v64 0 0 2070431627 279959 0 1646913345
k18 v47 0 0 2070431627 279960 0 1799153616
k9 v62 0 0 2070431627 279961 0 745581680
k3 v33 0 0 2070431627 279962 0 37147423
k1 v65 0 0 2070431627 279963 0 4290456391
k11 v46 0 0 2070431627 279964 0 4059934816
k19 v26 0 0 2070431627 279965 0 509790145
k16 v69 0 0 2070431627 279966 0 757676816
k7 v19 0 0 2070431627 279967 0 3435931530
k15 v82 0 0 2070431627 279968 0 619886699
k12 v28 0 0 2070431627 279969 0 3715348913
k8 v47 0 0 2070431627 279970 0 1620364464
k4 v4 0 0 2070431627 279971 0 3543715724
k19 v25 0 0 2070431627 279972 0 4282939131
k5 v37 0 0 2070431627 279973 0 3116896586
k5 v79 0 0 2070431614 279974 0 1250620279
k18 v47 0 0 2070431615 279975 0 1814118938
k0 v2 0 0 2070431626 279976 0 2287032064
k1 v41 0 0 2070431627 279977 0 809266768
k17 v91 0 0 2070431626 279978 0 880791423
k15 v58 0 0 2070431627 279979 0 3287272816
k5 v73 0 0 2070431627 279980 0 3316509270
k14 v33 0 0 2070431627 279981 0 1599501359
k6 v27 0 0 2070431627 279982 0 1118887317
k19 v33 0 0 2070431627 279983 0 4143324876
k3 v81 0 0 2070431628 279984 0 334542374
k11 v41 0 0 2070431628 279985 0 3659274260
k7 v54 0 0 2070431628 279986 0 2730568571
k18 v27 0 0 2070431628 279987 0 33442679
k18 v74 0 0 2070431627 279988 0 2110558203
k13 v21 0 0 2070431627 279989 0 3022164891
k2 v41 0 0 2070431628 279990 0 3659988492
k14 v65 0 0 2070431628 279991 0 2394166852
k17 v25 0 0 2070431628 279992 0 3246749697
k7 v69 0 0 2070431628 279993 0 322646343
k7 v25 0 0 2070431628 279994 0 2645925584
k19 v14 0 0 2070431628 279995 0 2110678591
k16 v88 0 0 2070431628 279996 0 1241340279
k9 v3 0 0 2070431627 279997 0 2624729683
k14 v48 0 0 2070431627 279998 0 3569596529
k6 v25 0 0 2070431616 279999 0 2674861246
k1 v44 0 0 2070431628 280000 0 165065615
k12 v19 0 0 2070431628 280001 0 1462795052
k5 v18 0 0 2070431628 280002 0 1705626192
k0 v69 0 0 2070431627 280003 0 842866660
k5 v9 0 0 2070431628 280004 0 1377288867
k17 v56 0 0 2070431628 280005 0 3323298293
k8 v23 0 0 2070431628 280006 0 3544129198
k1 v73 0 0 2070431627 280007 0 99423124
k14 v68 0 0 2070431628 280008 0 1740115713
k8 v89 0 0 2070431628 280009 0 3263474260
k13 v50 0 0 2070431615 280010 0 2622950101
k8 v14 0 0 2070431628 280011 0 132564526
k2 v41 0 0 2070431628 280012 0 1733120536
k12 v24 0 0 2070431628 280013 0 2844522455
k3 v87 0 0 2070431615 280014 0 3150227014
k6 v51 0 0 2070431626 280015 0 2717971680
k7 v51 0 0 2070431628 280016 0 131358661
k18 v1 0 0 2070431628 280017 0 2097581227
k1 v70 0 0 2070431628 280018 0 4114496010
k5 v40 0 0 2070431628 280019 0 2540120123
k0 v10 0 0 2070431628 280020 0 1391452489
k14 v65 0 0 2070431628 280021 0 61826699
k10 v11 0 0 2070431628 280022 0 265615834
k0 v10 0 0 2070431628 280023 0 2042802826
k10 v27 0 0 2070431628 280024 0 2796765546
k8 v88 0 0 2070431628 280025 0 147982960
k0 v90 0 0 2070431628 280026 0 558321593
k3 v39 0 0 2070431627 280027 0 2920525974
k12 v27 0 0 2070431628 280028 0 3885030799
k3 v70 0 0 2070431615 280029 0 2709344239
k15 v14 0 0 2070431627 280030 0 1436907675
k12 v96 0 0 2070431626 280031 0 428977680
k16 v97 0 0 2070431628 280032 0 1108178228
k10 v2 0 0 2070431627 280033 0 3575964839
k13 v70 0 0 2070431626 280034 0 2826510820
k14 v6 0 0 2070431628 280035 0 1209149908
k2 v19 0 0 2070431628 280036 0 274535141
k14 v92 0 0 2070431628 280037 0 4184244871
k18 v13 0 0 2070431628 280038 0 1049513677
k10 v83 0 0 2070431628 280039 0 2634331714
k3 v42 0 0 2070431628 280040 0 1735021935
k9 v22 0 0 2070431628 280041 0 1701048615
k11 v26 0 0 2070431629 280042 0 3336194898
k16 v79 0 0 2070431628 280043 0 2490242343
k8 v90 0 0 2070431629 280044 0 3689878065
k8 v33 0 0 2070431629 280045 0 2892719793
k5 v74 0 0 2070431629 280046 0 4016938811
k7 v79 0 0 2070431629 280047 0 2914089790
k16 v22 0 0 2070431629 280048 0 73519151
k3 v28 0 0 2070431627 280049 0 3466615154
k0 v10 0 0 2070431629 280050 0 2601187154
k17 v0 0 0 2070431629 280051 0 1493344361
k2 v34 0 0 2070431629 280052 0 4001606685
k10 v20 0 0 2070431629 280053 0 3243468581
k6 v77 0 0 2070431627 280054 0 274723147
k12 v36 0 0 2070431629 280055 0 1634077953
k1 v38 0 0 2070431628 280056 0 3818286417
k10 v18 0 0 2070431629 280057 0 1140520560
k8 v29 0 0 2070431629 280058 0 3502788971
k7 v7 0 0 2070431628 280059 0 3604675810
k8 v52 0 0 2070431615 280060 0 803230096
k16 v51 0 0 2070431629 280061 0 275346586
k13 v77 0 0 2070431629 280062 0 3230462134
k10 v82 0 0 2070431629 280063 0 3371018235
k10 v83 0 0 2070431628 280064 0 778111716
k10 v22 0 0 2070431628 280065 0 2469071080
k14 v23 0 0 2070431629 280066 0 295158112
k16 v91 0 0 2070431629 280067 0 1899552465
k10 v39 0 0 2070431629 280068 0 1200058077
k1 v16 0 0 2070431628 280069 0 2608104925
k13 v2 0 0 2070431629 280070 0 3589447882
k14 v10 0 0 2070431629 280071 0 2342777529
k13 v25 0 0 2070431629 280072 0 2258856744
k4 v86 0 0 2070431629 280073 0 2381629009
k11 v35 0 0 2070431629 280074 0 2729811161
k10 v59 0 0 2070431628 280075 0 3380379647
k19 v99 0 0 2070431629 280076 0 2184874141
k17 v10 0 0 2070431629 280077 0 2870766594
k17 v41 0 0 2070431629 280078 0 3300969646
k17 v62 0 0 2070431629 280079 0 2528555352
k5 v25 0 0 2070431629 280080 0 1483308474
k14 v98 0 0 2070431628 280081 0 4101794526
k4 v6 0 0 2070431629 280082 0 2906857698
k6 v65 0 0 2070431629 280083 0 391648255
k7 v14 0 0 2070431629 280084 0 3488273138
k9 v96 0 0 2070431629 280085 0 3569265941
k0 v89 0 0 2070431629 280086 0 2266801307
k15 v69 0 0 2070431629 280087 0 3700265850
k3 v78 0 0 2070431629 280088 0 1174930496
k10 v84 0 0 2070431629 280089 0 3166699438
k12 v13 0 0 2070431629 280090 0 3662008642
k11 v46 0 0 2070431629 280091 0 319983108
k3 v89 0 0 2070431629 280092 0 2488742549
k16 v64 0 0 2070431629 280093 0 2039940057
k9 v66 0 0 2070431628 280094 0 1289255379
k18 v19 0 0 2070431629 280095 0 487069174
k3 v4 0 0 2070431629 280096 0 1744488221
k17 v76 0 0 2070431629 280097 0 3550271771
k11 v20 0 0 2070431629 280098 0 2966334814
k10 v84 0 0 2070431629 280099 0 3179124121
k11 v16 0 0 2070431629 280100 0 809985162
k12 v36 0 0 2070431628 280101 0 2010606869
k5 v7 0 0 2070431628 280102 0 2768849191
k16 v73 0 0 2070431629 280103 0 2959374910
k6 v29 0 0 2070431629 280104 0 796494517
k4 v65 0 0 2070431629 280105 0 440095053
k12 v14 0 0 2070431629 280106 0 3661008061
k8 v80 0 0 2070431628 280107 0 470224203
k0 v4 0 0 2070431629 280108 0 2003573561
k18 v85 0 0 2070431629 280109 0 1875816723
k18 v35 0 0 2070431629 280110 0 3777162232
k9 v5 0 0 2070431615 280111 0 37919307
k17 v89 0 0 2070431629 280112 0 684647564
k2 v14 0 0 2070431627 280113 0 3110289834
k0 v14 0 0 2070431629 280114 0 238950070
k18 v45 0 0 2070431628 280115 0 957913467
k1 v28 0 0 2070431629 280116 0 257106408
k11 v51 0 0 2070431629 280117 0 2373532242
k2 v98 0 0 2070431629 280118 0 3118055118
k1 v67 0 0 2070431629 280119 0 3870116285
k2 v98 0 0 2070431629 280120 0 1934002847
k10 v8 0 0 2070431629 280121 0 485702011
k11 v44 0 0 2070431629 280122 0 1175987151
k9 v86 0 0 2070431629 280123 0 2819976126
k15 v9 0 0 2070431629 280124 0 1332347320
k12 v2 0 0 2070431629 280125 0 31102401
k4 v57 0 0 2070431628 280126 0 1340613137
k6 v54 0 0 2070431629 280127 0 3630599661
k3 v77 0 0 2070431629 280128 0 2411501266
k2 v90 0 0 2070431629 280129 0 1063249764
k14 v92 0 0 2070431629 280130 0 3258020795
k15 v1 0 0 2070431629 280131 0 2919516536
k8 v7 0 0 2070431629 280132 0 2570004000
k15 v40 0 0 2070431629 280133 0 275788403
k9 v18 0 0 2070431629 280134 0 1162237633
k3 v27 0 0 2070431629 280135 0 3069379981
k10 v51 0 0 2070431629 280136 0 211105193
k3 v2 0 0 2070431629 280137 0 1340705082
k1 v38 0 0 2070431629 280138 0 227433366
k8 v88 0 0 2070431629 280139 0 3518187696
k18 v79 0 0 2070431629 280140 0 640028739
k16 v48 0 0 2070431629 280141 0 3426200059
k4 v2 0 0 2070431629 280142 0 1376277946
k2 v92 0 0 2070431629 280143 0 200476112
k17 v47 0 0 2070431630 280144 0 1587071011
k1 v93 0 0 2070431629 280145 0 1311481901
k19 v51 0 0 2070431629 280146 0 2450557662
k10 v18 0 0 2070431630 280147 0 4071683146
k18 v4 0 0 2070431630 280148 0 2885544451
k2 v70 0 0 2070431630 280149 0 3760822286
k8 v80 0 0 2070431630 280150 0 2433963665
k3 v22 0 0 2070431630 280151 0 4121715532
k15 v81 0 0 2070431629 280152 0 1602898187
k4 v44 0 0 2070431630 280153 0 3275555187
k1 v27 0 0 2070431628 280154 0 2321128201
k17 v15 0 0 2070431630 280155 0 28074748
k12 v75 0 0 2070431630 280156 0 1200848830
k17 v95 0 0 2070431629 280157 0 509347424
k7 v45 0 0 2070431629 280158 0 998233515
k19 v22 0 0 2070431629 280159 0 3523491764
k11 v99 0 0 2070431629 280160 0 1839685999
k1 v26 0 0 2070431630 280161 0 1418847653
k9 v63 0 0 2070431629 280162 0 1312960140
k17 v28 0 0 2070431629 280163 0 2429284357
k3 v94 0 0 2070431630 280164 0 1347567376
k14 v8 0 0 2070431630 280165 0 721668299
k0 v73 0 0 2070431629 280166 0 775864804
k7 v62 0 0 2070431630 280167 0 3004555195
k9 v24 0 0 2070431630 280168 0 1327786822
k4 v64 0 0 2070431628 280169 0 466508075
k14 v73 0 0 2070431630 280170 0 2074403833
k2 v22 0 0 2070431630 280171 0 1834704374
k1 v40 0 0 2070431630 280172 0 207635522
k0 v29 0 0 2070431630 280173 0 2156492773
k5 v9 0 0 2070431630 280174 0 729463989
k10 v22 0 0 2070431630 280175 0 4006283852
k15 v23 0 0 2070431630 280176 0 1001269646
k9 v26 0 0 2070431630 280177 0 61893426
k15 v47 0 0 2070431629 280178 0 365553143
k7 v75 0 0 2070431630 280179 0 1389018383
k17 v58 0 0 2070431630 280180 0 3500869628
k6 v94 0 0 2070431630 280181 0 3163860248
k18 v33 0 0 2070431630 280182 0 1355948104
k13 v62 0 0 2070431630 280183 0 3620853617
k18 v76 0 0 2070431630 280184 0 1073435498
k17 v8 0 0 2070431630 280185 0 417679489
k9 v99 0 0 2070431630 280186 0 864347898
k19 v71 0 0 2070431630 280187 0 1860259054
k13 v86 0 0 2070431630 280188 0 2835867987
k8 v78 0 0 2070431630 280189 0 2579965719
k16 v2 0 0 2070431630 280190 0 611127821
k3 v60 0 0 2070431630 280191 0 612493343
k10 v7 0 0 2070431630 280192 0 1327561232
k19 v22 0 0 2070431630 280193 0 700786994
k4 v79 0 0 2070431630 280194 0 1210706590
k3 v18 0 0 2070431630 280195 0 3033628145
k13 v82 0 0 2070431630 280196 0 2024490419
k0 v2 0 0 2070431630 280197 0 1932701380
k3 v82 0 0 2070431629 280198 0 3832948226
k0 v89 0 0 2070431630 280199 0 2983115374
k9 v83 0 0 2070431630 280200 0 2981600394
k3 v72 0 0 2070431630 280201 0 1827768684
k3 v70 0 0 2070431630 280202 0 2366811171
k7 v20 0 0 2070431630 280203 0 427211732
k12 v95 0 0 2070431630 280204 0 2987687049
k7 v89 0 0 2070431630 280205 0 1990654381
k19 v90 0 0 2070431630 280206 0 3723801615
k1 v21 0 0 2070431629 280207 0 4253235332
k7 v30 0 0 2070431630 280208 0 1700323713
k18 v44 0 0 2070431630 280209 0 656615198
k16 v51 0 0 2070431630 280210 0 2919273661
k0 v5 0 0 2070431630 280211 0 3632943495
k19 v3 0 0 2070431630 280212 0 3003166175
k13 v66 0 0 2070431630 280213 0 2220402761
k9 v22 0 0 2070431630 280214 0 1883767028
k6 v46 0 0 2070431630 280215 0 2810381474
k14 v73 0 0 2070431629 280216 0 871536715
k19 v64 0 0 2070431630 280217 0 3352660750
k10 v44 0 0 2070431630 280218 0 1061371726
k10 v86 0 0 2070431630 280219 0 3684529486
k8 v47 0 0 2070431630 280220 0 1353073828
k0 v79 0 0 2070431630 280221 0 736296775
k12 v94 0 0 2070431630 280222 0 2192389159
k5 v23 0 0 2070431630 280223 0 1489891737
k17 v12 0 0 2070431630 280224 0 3993586757
k4 v40 0 0 2070431630 280225 0 3429954759
k13 v65 0 0 2070431629 280226 0 1559535863
k5 v4 0 0 2070431629 280227 0 2857143222
k11 v79 0 0 2070431630 280228 0 1798958989
k3 v31 0 0 2070431630 280229 0 452763259
k11 v67 0 0 2070431630 280230 0 604030795
k16 v37 0 0 2070431630 280231 0 3330402689
k2 v59 0 0 2070431630 280232 0 140448807
k0 v11 0 0 2070431630 280233 0 1945117830
k7 v97 0 0 2070431630 280234 0 3956915788
k12 v76 0 0 2070431630 280235 0 3576673003
k12 v27 0 0 2070431630 280236 0 373710155
k5 v75 0 0 2070431630 280237 0 878920794
k2 v88 0 0 2070431630 280238 0 1057376696
k16 v4 0 0 2070431630 280239 0 1856904873
k3 v7 0 0 2070431630 280240 0 887912929
k16 v96 0 0 2070431630 280241 0 1738525769
k4 v47 0 0 2070431630 280242 0 1727576097
k9 v43 0 0 2070431629 280243 0 2729207088
k19 v65 0 0 2070431629 280244 0 2271227400
k16 v80 0 0 2070431630 280245 0 403314438
k6 v21 0 0 2070431630 280246 0 2635871967
k9 v88 0 0 2070431630 280247 0 3415030249
k6 v90 0 0 2070431630 280248 0 940878722
k3 v5 0 0 2070431630 280249 0 803255332
k14 v55 0 0 2070431630 280250 0 175244497
k13 v94 0 0 2070431630 280251 0 935107509
k0 v79 0 0 2070431630 280252 0 92322305
k16 v84 0 0 2070431630 280253 0 25113070
k15 v18 0 0 2070431630 280254 0 1371875607
k4 v11 0 0 2070431630 280255 0 561733153
k4 v68 0 0 2070431630 280256 0 2601346638
k4 v67 0 0 2070431630 280257 0 4270401326
k7 v23 0 0 2070431630 280258 0 1407249726
k16 v79 0 0 2070431630 280259 0 30691559
k7 v19 0 0 2070431630 280260 0 3044342706
k14 v63 0 0 2070431630 280261 0 3994195199
k4 v45 0 0 2070431630 280262 0 2947685059
k13 v99 0 0 2070431631 280263 0 2100773213
k9 v66 0 0 2070431630 280264 0 689174931
k17 v76 0 0 2070431630 280265 0 1221278535
k16 v83 0 0 2070431630 280266 0 2668289377
k10 v11 0 0 2070431630 280267 0 457007678
k11 v22 0 0 2070431631 280268 0 533420946
k4 v23 0 0 2070431630 280269 0 1045977883
k1 v3 0 0 2070431630 280270 0 1444406625
k3 v34 0 0 2070431630 280271 0 4284745351
k5 v10 0 0 2070431631 280272 0 1593888132
k10 v32 0 0 2070431631 280273 0 4183064868
k13 v35 0 0 2070431631 280274 0 565479501
k8 v62 0 0 2070431631 280275 0 687776758
k10 v20 0 0 2070431629 280276 0 363433861
k5 v91 0 0 2070431631 280277 0 1658981361
k3 v38 0 0 2070431630 280278 0 4254105637
k8 v85 0 0 2070431631 280279 0 3066054361
k17 v9 0 0 2070431631 280280 0 3739887858
k11 v87 0 0 2070431631 280281 0 774575557
k5 v74 0 0 2070431630 280282 0 539387064
k17 v1 0 0 2070431631 280283 0 1746709891
k11 v48 0 0 2070431630 280284 0 3563232498
k7 v28 0 0 2070431631 280285 0 273587142
k19 v93 0 0 2070431630 280286 0 2085529725
k12 v74 0 0 2070431631 280287 0 3978840474
k13 v57 0 0 2070431631 280288 0 3132027702
k0 v70 0 0 2070431631 280289 0 3669630451
k12 v26 0 0 2070431630 280290 0 686572637
k6 v50 0 0 2070431631 280291 0 447712971
k10 v51 0 0 2070431631 280292 0 3007698275
k15 v47 0 0 2070431631 280293 0 713601326
k13 v39 0 0 2070431630 280294 0 884381746
k6 v10 0 0 2070431631 280295 0 1815760756
k16 v51 0 0 2070431631 280296 0 987980317
k9 v49 0 0 2070431631 280297 0 1569954991
k3 v17 0 0 2070431631 280298 0 2751454445
k4 v20 0 0 2070431631 280299 0 1443320178
k10 v97 0 0 2070431630 280300 0 1234992013
k16 v26 0 0 2070431631 280301 0 1248626939
k7 v67 0 0 2070431631 280302 0 2277920582
k18 v32 0 0 2070431630 280303 0 2293543804
k2 v81 0 0 2070431631 280304 0 492778210
k8 v56 0 0 2070431631 280305 0 2701048748
k5 v84 0 0 2070431631 280306 0 1918507217
k6 v98 0 0 2070431631 280307 0 1363717848
k1 v22 0 0 2070431631 280308 0 2844786962
k4 v21 0 0 2070431630 280309 0 1218917952
k6 v47 0 0 2070431631 280310 0 3414535258
k12 v54 0 0 2070431631 280311 0 3906712459
k8 v29 0 0 2070431631 280312 0 4211454245
k10 v3 0 0 2070431631 280313 0 1885780389
k13 v28 0 0 2070431631 280314 0 3020822185
k16 v96 0 0 2070431631 280315 0 1898884189
k4 v0 0 0 2070431631 280316 0 2499208100
k2 v68 0 0 2070431631 280317 0 482601554
k4 v58 0 0 2070431631 280318 0 227476996
k18 v47 0 0 2070431631 280319 0 4250822424
k11 v47 0 0 2070431631 280320 0 3037776890
k1 v64 0 0 2070431630 280321 0 564590533
k3 v10 0 0 2070431630 280322 0 3222739694
k5 v42 0 0 2070431631 280323 0 3212945634
k4 v26 0 0 2070431631 280324 0 3546495598
k15 v80 0 0 2070431631 280325 0 510932338
k12 v47 0 0 2070431631 280326 0 2511295809
k3 v55 0 0 2070431630 280327 0 2215852559
k3 v38 0 0 2070431631 280328 0 2404197685
k5 v3 0 0 2070431631 280329 0 2846451768
k12 v28 0 0 2070431631 280330 0 1217785111
k11 v7 0 0 2070431631 280331 0 403800272
k17 v68 0 0 2070431631 280332 0 4084580457
k5 v42 0 0 2070431631 280333 0 3192111829
k3 v46 0 0 2070431630 280334 0 2660224431
k3 v21 0 0 2070431630 280335 0 2431475643
k5 v49 0 0 2070431631 280336 0 4047941096
k18 v79 0 0 2070431631 280337 0 46094204
k16 v23 0 0 2070431631 280338 0 2992791028
k12 v0 0 0 2070431631 280339 0 150208779
k13 v86 0 0 2070431631 280340 0 241652266
k0 v36 0 0 2070431631 280341 0 891261076
k10 v59 0 0 2070431631 280342 0 2667247591
k2 v85 0 0 2070431631 280343 0 469428128
k3 v91 0 0 2070431631 280344 0 520090484
k0 v41 0 0 2070431631 280345 0 3654317403
k6 v13 0 0 2070431631 280346 0 1490724171
k14 v94 0 0 2070431631 280347 0 1653320017
k1 v34 0 0 2070431631 280348 0 3043014533
k14 v63 0 0 2070431631 280349 0 1364831586
k11 v43 0 0 2070431631 280350 0 4273092134
k15 v22 0 0 2070431631 280351 0 1957664884
k10 v28 0 0 2070431631 280352 0 2478317774
k6 v2 0 0 2070431631 280353 0 169214001
k0 v69 0 0 2070431631 280354 0 3088513506
k5 v78 0 0 2070431631 280355 0 3231660860
k19 v98 0 0 2070431631 280356 0 854771629
k0 v32 0 0 2070431629 280357 0 3908352394
k15 v65 0 0 2070431631 280358 0 1456505109
k17 v22 0 0 2070431632 280359 0 3748644470
k19 v98 0 0 2070431631 280360 0 1726930546
k9 v66 0 0 2070431632 280361 0 2935844302
k8 v33 0 0 2070431631 280362 0 914719744
k9 v93 0 0 2070431632 280363 0 4216606845
k5 v86 0 0 2070431631 280364 0 2385473645
k9 v37 0 0 2070431631 280365 0 2891584330
k5 v27 0 0 2070431631 280366 0 407380386
k11 v61 0 0 2070431631 280367 0 2646567241
k5 v78 0 0 2070431631 280368 0 2004351784
k17 v87 0 0 2070431632 280369 0 932552763
k17 v62 0 0 2070431631 280370 0 2438965769
k16 v89 0 0 2070431631 280371 0 4069189204
k4 v27 0 0 2070431632 280372 0 1746559910
k8 v84 0 0 2070431631 280373 0 2448749168
k16 v9 0 0 2070431631 280374 0 508471662
k19 v83 0 0 2070431630 280375 0 2069452920
k5 v38 0 0 2070431632 280376 0 1950400457
k7 v35 0 0 2070431632 280377 0 916216780
k17 v30 0 0 2070431632 280378 0 2430916171
k8 v68 0 0 2070431630 280379 0 2806524735
k17 v34 0 0 2070431632 280380 0 495775783
k11 v34 0 0 2070431632 280381 0 3915232028
k0 v29 0 0 2070431631 280382 0 4100835724
k15 v78 0 0 2070431632 280383 0 452479325
k2 v62 0 0 2070431632 280384 0 3785696707
k10 v47 0 0 2070431632 280385 0 3490469726
k19 v20 0 0 2070431632 280386 0 2006060602
k2 v86 0 0 2070431631 280387 0 3643119114
k3 v25 0 0 2070431632 280388 0 635314739
k7 v42 0 0 2070431632 280389 0 736104884
k3 v20 0 0 2070431632 280390 0 3343847955
k19 v67 0 0 2070431632 280391 0 3400290530
k8 v45 0 0 2070431631 280392 0 3491616944
k17 v11 0 0 2070431631 280393 0 1990336338
k4 v6 0 0 2070431632 280394 0 2726251176
k15 v86 0 0 2070431632 280395 0 411910309
k2 v77 0 0 2070431632 280396 0 1711374071
k18 v29 0 0 2070431632 280397 0 209998444
k5 v45 0 0 2070431631 280398 0 2976135259
k10 v71 0 0 2070431631 280399 0 214526640
k4 v85 0 0 2070431632 280400 0 3377222047
k1 v70 0 0 2070431632 280401 0 753366184
k18 v60 0 0 2070431632 280402 0 162548816
k18 v10 0 0 2070431632 280403 0 2035088201
k15 v42 0 0 2070431632 280404 0 3933639750
k5 v5 0 0 2070431632 280405 0 2447593941
k8 v39 0 0 2070431632 280406 0 304718546
k10 v99 0 0 2070431632 280407 0 3235355113
k11 v53 0 0 2070431632 280408 0 3156394497
k0 v13 0 0 2070431632 280409 0 651779192
k15 v10 0 0 2070431632 280410 0 3358968540
k1 v58 0 0 2070431632 280411 0 1413138768
k6 v74 0 0 2070431632 280412 0 1046232747
k17 v36 0 0 2070431632 280413 0 1852429918
k18 v11 0 0 2070431632 280414 0 1386757375
k8 v29 0 0 2070431632 280415 0 2803636408
k5 v43 0 0 2070431632 280416 0 3062884066
k9 v25 0 0 2070431631 280417 0 1407232742
k8 v36 0 0 2070431632 280418 0 4059534666
k11 v66 0 0 2070431632 280419 0 4100967307
k11 v56 0 0 2070431632 280420 0 1559579768
k1 v14 0 0 2070431632 280421 0 2545110617
k1 v17 0 0 2070431632 280422 0 322392144
k14 v58 0 0 2070431632 280423 0 4111409051
k15 v74 0 0 2070431632 280424 0 382689054
k6 v32 0 0 2070431632 280425 0 3850473307
k8 v64 0 0 2070431632 280426 0 719320884
k9 v64 0 0 2070431632 280427 0 2830576801
k16 v26 0 0 2070431632 280428 0 2339559558
k1 v46 0 0 2070431632 280429 0 411514360
k13 v29 0 0 2070431631 280430 0 727057468
k19 v84 0 0 2070431632 280431 0 646622455
k17 v31 0 0 2070431632 280432 0 2511508962
k18 v0 0 0 2070431631 280433 0 4175380152
k2 v68 0 0 2070431631 280434 0 2847757638
k18 v78 0 0 2070431632 280435 0 1186345442
k1 v1 0 0 2070431633 280436 0 1718535304
k15 v31 0 0 2070431633 280437 0 3388584656
k9 v12 0 0 2070431633 280438 0 260260170
k1 v68 0 0 2070431632 280439 0 3833140693
k12 v20 0 0 2070431633 280440 0 267588324
k3 v54 0 0 2070431632 280441 0 1817306553
k3 v21 0 0 2070431632 280442 0 85057597
k19 v1 0 0 2070431633 280443 0 3455742150
k14 v20 0 0 2070431633 280444 0 2253759898
k18 v71 0 0 2070431632 280445 0 3141913235
k6 v18 0 0 2070431632 280446 0 2045772137
k9 v57 0 0 2070431633 280447 0 3022495652
k13 v81 0 0 2070431632 280448 0 883048939
k16 v8 0 0 2070431632 280449 0 3751374182
k17 v47 0 0 2070431633 280450 0 2187825345
k18 v30 0 0 2070431633 280451 0 1709136579
k0 v18 0 0 2070431633 280452 0 1027529918
k9 v77 0 0 2070431632 280453 0 4192678260
k15 v61 0 0 2070431633 280454 0 1803164292
k14 v94 0 0 2070431633 280455 0 2391645728
k10 v85 0 0 2070431633 280456 0 1598149800
k4 v78 0 0 2070431633 280457 0 3056110766
k17 v39 0 0 2070431631 280458 0 2021970059
k4 v43 0 0 2070431631 280459 0 602062790
k11 v58 0 0 2070431633 280460 0 2393812829
k14 v89 0 0 2070431632 280461 0 226910416
k2 v17 0 0 2070431633 280462 0 2926690607
k17 v86 0 0 2070431633 280463 0 4183837648
k2 v94 0 0 2070431633 280464 0 1919951381
k9 v51 0 0 2070431632 280465 0 3441210371
k4 v60 0 0 2070431631 280466 0 3981529575
k5 v95 0 0 2070431633 280467 0 1250153022
k7 v62 0 0 2070431633 280468 0 2380018853
k8 v45 0 0 2070431633 280469 0 3880221058
k8 v26 0 0 2070431633 280470 0 1859379440
k6 v4 0 0 2070431633 280471 0 1618285772
k9 v47 0 0 2070431633 280472 0 1422677542
k5 v65 0 0 2070431633 280473 0 1664676387
k12 v11 0 0 2070431633 280474 0 2007027740
k5 v96 0 0 2070431632 280475 0 443848671
k9 v79 0 0 2070431633 280476 0 1380342438
k13 v42 0 0 2070431633 280477 0 3849626596
k3 v7 0 0 2070431633 280478 0 1435964815
k9 v79 0 0 2070431633 280479 0 3588114025
k8 v0 0 0 2070431633 280480 0 4151178601
k5 v85 0 0 2070431633 280481 0 2308823852
k16 v80 0 0 2070431633 280482 0 4122288282
k10 v56 0 0 2070431633 280483 0 764833831
k9 v49 0 0 2070431633 280484 0 271777274
k3 v75 0 0 2070431633 280485 0 1278141308
k3 v95 0 0 2070431633 280486 0 3033316367
k18 v35 0 0 2070431633 280487 0 282574345
k17 v52 0 0 2070431633 280488 0 4130789915
k8 v49 0 0 2070431633 280489 0 1055877475
k17 v58 0 0 2070431633 280490 0 1748539930
k7 v35 0 0 2070431633 280491 0 992340327
k12 v78 0 0 2070431633 280492 0 635810466
k10 v45 0 0 2070431633 280493 0 472372292
k3 v54 0 0 2070431633 280494 0 3579085361
k3 v57 0 0 2070431633 280495 0 1676082874
k3 v50 0 0 2070431633 280496 0 2844724202
k10 v67 0 0 2070431633 280497 0 1447126705
k0 v77 0 0 2070431633 280498 0 1147779255
k12 v76 0 0 2070431633 280499 0 3756597262
k4 v16 0 0 2070431632 280500 0 1685189080
k15 v24 0 0 2070431633 280501 0 2433327083
k9 v28 0 0 2070431633 280502 0 1671254561
k5 v14 0 0 2070431633 280503 0 3528146653
k13 v30 0 0 2070431633 280504 0 3498275091
k16 v94 0 0 2070431633 280505 0 3714902087
k5 v80 0 0 2070431633 280506 0 1543088937
k9 v20 0 0 2070431633 280507 0 2201055446
k7 v21 0 0 2070431633 280508 0 2361222659
k17 v24 0 0 2070431633 280509 0 3024537098
k8 v72 0 0 2070431633 280510 0 288135003
k7 v90 0 0 2070431633 280511 0 1731594158
k1 v80 0 0 2070431631 280512 0 2083431156
k14 v62 0 0 2070431633 280513 0 2941576420
k11 v17 0 0 2070431633 280514 0 962031395
k5 v21 0 0 2070431632 280515 0 435003662
k8 v22 0 0 2070431633 280516 0 3394615288
k11 v62 0 0 2070431633 280517 0 1343711911
k5 v24 0 0 2070431633 280518 0 1264783298
k0 v71 0 0 2070431633 280519 0 1878926078
k2 v23 0 0 2070431633 280520 0 369165742
k13 v46 0 0 2070431633 280521 0 1135889077
k3 v36 0 0 2070431633 280522 0 185917049
k16 v95 0 0 2070431633 280523 0 3990200553
k13 v47 0 0 2070431633 280524 0 1537508790
k7 v9 0 0 2070431633 280525 0 454497835
k7 v52 0 0 2070431633 280526 0 3623113841
k15 v31 0 0 2070431633 280527 0 1887944578
k14 v82 0 0 2070431633 280528 0 2636746694
k15 v56 0 0 2070431633 280529 0 4185731417
k12 v78 0 0 2070431633 280530 0 2734174867
k14 v23 0 0 2070431633 280531 0 3916983797
k6 v76 0 0 2070431633 280532 0 2197879730
k8 v36 0 0 2070431633 280533 0 1704066836
k6 v87 0 0 2070431633 280534 0 4230539356
k16 v21 0 0 2070431634 280535 0 2693334157
k4 v66 0 0 2070431633 280536 0 2501930689
k4 v40 0 0 2070431633 280537 0 3973890856
k8 v58 0 0 2070431634 280538 0 1667588455
k14 v27 0 0 2070431633 280539 0 1867254948
k1 v44 0 0 2070431634 280540 0 2044062317
k1 v8 0 0 2070431633 280541 0 1818283611
k8 v14 0 0 2070431634 280542 0 1560979000
k2 v48 0 0 2070431634 280543 0 4146838904
k4 v57 0 0 2070431634 280544 0 3068504698
k0 v23 0 0 2070431634 280545 0 2292733865
k12 v46 0 0 2070431634 280546 0 2580431629
k12 v73 0 0 2070431633 280547 0 3666094505
k14 v75 0 0 2070431632 280548 0 4167031383
k10 v91 0 0 2070431633 280549 0 2962271730
k17 v80 0 0 2070431634 280550 0 3864090083
k10 v28 0 0 2070431634 280551 0 3575521973
k13 v81 0 0 2070431633 280552 0 3147408557
k18 v56 0 0 2070431632 280553 0 1373751209
k6 v74 0 0 2070431634 280554 0 299654931
k16 v19 0 0 2070431634 280555 0 1119956078
k15 v21 0 0 2070431632 280556 0 1067653958
k10 v43 0 0 2070431634 280557 0 1191910285
k11 v72 0 0 2070431632 280558 0 2213961140
k4 v11 0 0 2070431633 280559 0 2660642423
k2 v18 0 0 2070431633 280560 0 1482994921
k5 v54 0 0 2070431633 280561 0 4127794262
k16 v36 0 0 2070431634 280562 0 2543678892
k8 v94 0 0 2070431633 280563 0 1755464568
k10 v85 0 0 2070431634 280564 0 3712509455
k17 v45 0 0 2070431634 280565 0 2246165037
k15 v68 0 0 2070431634 280566 0 298796503
k15 v39 0 0 2070431633 280567 0 3931488748
k15 v39 0 0 2070431633 280568 0 1842208035
k6 v89 0 0 2070431633 280569 0 1454710685
k5 v86 0 0 2070431634 280570 0 2248838886
k1 v81 0 0 2070431634 280571 0 2114566311
k4 v10 0 0 2070431634 280572 0 289673613
k8 v33 0 0 2070431634 280573 0 1138200270
k19 v77 0 0 2070431634 280574 0 3248184424
k15 v88 0 0 2070431634 280575 0 3908006035
k4 v27 0 0 2070431634 280576 0 4017287417
k12 v97 0 0 2070431634 280577 0 1327855872
k13 v7 0 0 2070431634 280578 0 2365655933
k16 v12 0 0 2070431634 280579 0 3749850228
k7 v32 0 0 2070431632 280580 0 3064886137
k6 v63 0 0 2070431634 280581 0 451747080
k13 v16 0 0 2070431634 280582 0 3806859932
k18 v61 0 0 2070431634 280583 0 84703501
k1 v69 0 0 2070431633 280584 0 1291049156
k9 v26 0 0 2070431634 280585 0 837998368
k2 v63 0 0 2070431634 280586 0 1441802844
k3 v23 0 0 2070431634 280587 0 3311531378
k10 v50 0 0 2070431634 280588 0 4164442693
k18 v21 0 0 2070431634 280589 0 3977942332
k3 v36 0 0 2070431634 280590 0 1068653059
k1 v12 0 0 2070431634 280591 0 1628852879
k15 v21 0 0 2070431634 280592 0 2495229601
k13 v27 0 0 2070431634 280593 0 3829985359
k0 v15 0 0 2070431634 280594 0 1716972173
k2 v37 0 0 2070431634 280595 0 3167846356
k9 v98 0 0 2070431634 280596 0 1544105510
k13 v66 0 0 2070431634 280597 0 4156164790
k8 v24 0 0 2070431634 280598 0 3559087874
k11 v99 0 0 2070431634 280599 0 3022326750
k6 v68 0 0 2070431634 280600 0 757221735
k15 v88 0 0 2070431634 280601 0 2608401660
k3 v26 0 0 2070431634 280602 0 2402955134
k10 v94 0 0 2070431633 280603 0 1950978645
k8 v12 0 0 2070431634 280604 0 2597296985
k0 v41 0 0 2070431634 280605 0 2716279761
k4 v47 0 0 2070431634 280606 0 246762580
k17 v20 0 0 2070431634 280607 0 2086184490
k0 v50 0 0 2070431634 280608 0 4009026884
k2 v1 0 0 2070431634 280609 0 2047085260
k12 v53 0 0 2070431634 280610 0 1874516495
k15 v14 0 0 2070431634 280611 0 4087730632
k15 v87 0 0 2070431634 280612 0 3439936809
k0 v46 0 0 2070431634 280613 0 389761267
k11 v61 0 0 2070431633 280614 0 3324435264
k8 v59 0 0 2070431634 280615 0 2728222700
k4 v86 0 0 2070431634 280616 0 1562054888
k0 v80 0 0 2070431633 280617 0 3401192694
k14 v5 0 0 2070431634 280618 0 875466989
k17 v81 0 0 2070431634 280619 0 1195954910
k13 v40 0 0 2070431634 280620 0 3338420438
k11 v27 0 0 2070431634 280621 0 621281579
k16 v5 0 0 2070431634 280622 0 3805745086
k14 v99 0 0 2070431634 280623 0 3406161948
k19 v5 0 0 2070431634 280624 0 1746382968
k8 v1 0 0 2070431634 280625 0 1109818926
k19 v85 0 0 2070431634 280626 0 1627957837
k12 v3 0 0 2070431634 280627 0 1193473326
k15 v32 0 0 2070431634 280628 0 1086736496
k10 v20 0 0 2070431634 280629 0 2548483940
k14 v87 0 0 2070431634 280630 0 1741166865
k15 v46 0 0 2070431635 280631 0 2070344849
k14 v58 0 0 2070431634 280632 0 2175829473
k15 v12 0 0 2070431635 280633 0 2325674607
k8 v48 0 0 2070431635 280634 0 2383741573
k14 v94 0 0 2070431635 280635 0 3865453470
k4 v40 0 0 2070431635 280636 0 555570176
k16 v91 0 0 2070431635 280637 0 306987754
k18 v66 0 0 2070431634 280638 0 425477722
k18 v72 0 0 2070431634 280639 0 3513786332
k2 v1 0 0 2070431632 280640 0 1788874974
k16 v21 0 0 2070431634 280641 0 3542055138
k4 v14 0 0 2070431635 280642 0 2213604349
k15 v36 0 0 2070431635 280643 0 637011662
k17 v95 0 0 2070431635 280644 0 3920627233
k5 v57 0 0 2070431635 280645 0 3935493791
k7 v80 0 0 2070431635 280646 0 1706849909
k8 v26 0 0 2070431632 280647 0 1165426811
k18 v30 0 0 2070431635 280648 0 3652799153
k19 v8 0 0 2070431635 280649 0 2748298420
k11 v42 0 0 2070431635 280650 0 675410856
k9 v88 0 0 2070431635 280651 0 1536650603
k17 v45 0 0 2070431635 280652 0 385435075
k12 v25 0 0 2070431635 280653 0 1659910659
k12 v54 0 0 2070431634 280654 0 3986362692
k2 v13 0 0 2070431635 280655 0 3254633444
k0 v67 0 0 2070431635 280656 0 541863631
k10 v37 0 0 2070431635 280657 0 3189692924
k16 v85 0 0 2070431635 280658 0 1080969808
k16 v82 0 0 2070431634 280659 0 1956371740
k1 v1 0 0 2070431635 280660 0 1520001257
k0 v57 0 0 2070431634 280661 0 3674178604
k0 v25 0 0 2070431635 280662 0 2656118693
k13 v18 0 0 2070431635 280663 0 915073728
k11 v88 0 0 2070431634 280664 0 3806274968
k11 v4 0 0 2070431635 280665 0 1720398909
k17 v29 0 0 2070431635 280666 0 1440220851
k9 v19 0 0 2070431635 280667 0 3502556442
k18 v96 0 0 2070431635 280668 0 2670201601
k8 v63 0 0 2070431635 280669 0 3955631142
k6 v19 0 0 2070431635 280670 0 3897025122
k4 v19 0 0 2070431635 280671 0 483000522
k11 v70 0 0 2070431635 280672 0 2820911403
k12 v15 0 0 2070431635 280673 0 443182222
k0 v83 0 0 2070431635 280674 0 2363260874
k9 v68 0 0 2070431635 280675 0 4021317809
k6 v73 0 0 2070431635 280676 0 523624476
k4 v34 0 0 2070431635 280677 0 403021980
k10 v86 0 0 2070431634 280678 0 3441664272
k16 v17 0 0 2070431635 280679 0 706171675
k5 v89 0 0 2070431635 280680 0 802559626
k1 v40 0 0 2070431635 280681 0 4180043361
k12 v41 0 0 2070431635 280682 0 3420681870
k5 v30 0 0 2070431635 280683 0 2729124648
k9 v70 0 0 2070431635 280684 0 4294333409
k2 v99 0 0 2070431635 280685 0 3150117375
k6 v4 0 0 2070431635 280686 0 1208878138
k11 v78 0 0 2070431635 280687 0 1137956065
k9 v96 0 0 2070431635 280688 0 78613896
k2 v55 0 0 2070431635 280689 0 4081747669
k11 v8 0 0 2070431635 280690 0 3281435310
k10 v32 0 0 2070431635 280691 0 3402913537
k15 v0 0 0 2070431635 280692 0 819633566
k0 v8 0 0 2070431635 280693 0 2507996451
k19 v72 0 0 2070431635 280694 0 1049628173
k18 v35 0 0 2070431636 280695 0 3251269715
k12 v73 0 0 2070431635 280696 0 530394578
k10 v60 0 0 2070431634 280697 0 399049136
k17 v54 0 0 2070431634 280698 0 3541822571
k10 v94 0 0 2070431635 280699 0 1192773847
k14 v11 0 0 2070431635 280700 0 798218126
k2 v89 0 0 2070431635 280701 0 4141582776
k18 v34 0 0 2070431635 280702 0 3524167387
k5 v83 0 0 2070431635 280703 0 3846296490
k15 v49 0 0 2070431634 280704 0 215918935
k0 v45 0 0 2070431636 280705 0 361998480
k9 v60 0 0 2070431634 280706 0 673154238
k11 v33 0 0 2070431635 280707 0 3589766655
k14 v71 0 0 2070431635 280708 0 293034048
k3 v55 0 0 2070431636 280709 0 1343839551
k4 v77 0 0 2070431636 280710 0 3635045150
k1 v60 0 0 2070431636 280711 0 603995157
k9 v74 0 0 2070431636 280712 0 3735241783
k5 v49 0 0 2070431635 280713 0 2224886894
k7 v84 0 0 2070431635 280714 0 2802866720
k4 v3 0 0 2070431636 280715 0 2513789923
k3 v88 0 0 2070431635 280716 0 1179428058
k3 v65 0 0 2070431636 280717 0 3024525413
k5 v98 0 0 2070431635 280718 0 2866772144
k15 v1 0 0 2070431636 280719 0 2389265965
k3 v19 0 0 2070431636 280720 0 1133513544
k14 v97 0 0 2070431635 280721 0 2497553922
k17 v46 0 0 2070431635 280722 0 77822441
k3 v18 0 0 2070431636 280723 0 232416205
k7 v45 0 0 2070431636 280724 0 2041959697
k10 v34 0 0 2070431636 280725 0 285049015
k14 v41 0 0 2070431636 280726 0 2044798112
k14 v83 0 0 2070431636 280727 0 2638180000
k2 v22 0 0 2070431635 280728 0 3621352940
k16 v16 0 0 2070431636 280729 0 2139671088
k14 v50 0 0 2070431636 280730 0 3569635785
k10 v69 0 0 2070431634 280731 0 201632113
k17 v75 0 0 2070431636 280732 0 1599724308
k12 v80 0 0 2070431636 280733 0 3136486947
k11 v64 0 0 2070431636 280734 0 510965296
k11 v98 0 0 2070431636 280735 0 2555131316
k10 v34 0 0 2070431636 280736 0 974305603
k18 v77 0 0 2070431636 280737 0 2665513557
k18 v8 0 0 2070431635 280738 0 269455573
k3 v69 0 0 2070431636 280739 0 4202126446
k11 v73 0 0 2070431636 280740 0 29966524
k14 v57 0 0 2070431636 280741 0 701812894
k12 v83 0 0 2070431636 280742 0 152015917
k7 v68 0 0 2070431635 280743 0 3999481687
k12 v14 0 0 2070431636 280744 0 70852560
k0 v75 0 0 2070431636 280745 0 1770291887
k6 v59 0 0 2070431636 280746 0 2559680384
k6 v67 0 0 2070431636 280747 0 3815532357
k19 v50 0 0 2070431636 280748 0 2193933605
k1 v86 0 0 2070431634 280749 0 4292600558
k17 v82 0 0 2070431634 280750 0 2258037732
k19 v79 0 0 2070431635 280751 0 3224633137
k6 v55 0 0 2070431636 280752 0 772345176
k6 v48 0 0 2070431636 280753 0 513390890
k15 v65 0 0 2070431636 280754 0 2143440983
k12 v69 0 0 2070431636 280755 0 3277243475
k10 v20 0 0 2070431636 280756 0 4020809014
k6 v90 0 0 2070431636 280757 0 1342121167
k8 v37 0 0 2070431636 280758 0 90613700
k4 v58 0 0 2070431636 280759 0 2520383959
k16 v96 0 0 2070431636 280760 0 2360463571
k8 v74 0 0 2070431636 280761 0 1806887845
k19 v70 0 0 2070431636 280762 0 2674653372
k14 v31 0 0 2070431636 280763 0 1786314337
k0 v87 0 0 2070431636 280764 0 4123041314
k9 v56 0 0 2070431636 280765 0 3131552644
k15 v79 0 0 2070431636 280766 0 56505081
k4 v29 0 0 2070431636 280767 0 108998430
k10 v70 0 0 2070431637 280768 0 853850458
k17 v86 0 0 2070431636 280769 0 1507459792
k7 v5 0 0 2070431636 280770 0 1366612865
k5 v81 0 0 2070431636 280771 0 2524567234
k18 v16 0 0 2070431636 280772 0 2009391180
k10 v46 0 0 2070431636 280773 0 3812955406
k14 v82 0 0 2070431637 280774 0 420791376
k19 v35 0 0 2070431636 280775 0 3902525672
k9 v69 0 0 2070431637 280776 0 1533245484
k9 v20 0 0 2070431634 280777 0 649242561
k14 v8 0 0 2070431637 280778 0 2965473908
k14 v97 0 0 2070431637 280779 0 418048412
k3 v12 0 0 2070431636 280780 0 2088048102
k15 v20 0 0 2070431637 280781 0 4290044795
k7 v20 0 0 2070431637 280782 0 862265862
k1 v86 0 0 2070431637 280783 0 2191652067
k8 v74 0 0 2070431637 280784 0 3505468020
k4 v86 0 0 2070431637 280785 0 1339299874
k11 v90 0 0 2070431637 280786 0 3997523898
k4 v55 0 0 2070431637 280787 0 2056960313
k1 v95 0 0 2070431637 280788 0 1361503100
k7 v69 0 0 2070431637 280789 0 986976898
k7 v26 0 0 2070431637 280790 0 2226304870
k9 v68 0 0 2070431637 280791 0 2078013607
k0 v24 0 0 2070431636 280792 0 3327736664
k10 v81 0 0 2070431637 280793 0 4080964548
k19 v62 0 0 2070431637 280794 0 1540615563
k3 v86 0 0 2070431637 280795 0 951052987
k0 v33 0 0 2070431636 280796 0 3702250321
k3 v80 0 0 2070431637 280797 0 2394559980
k0 v59 0 0 2070431636 280798 0 3808449319
k7 v72 0 0 2070431637 280799 0 2529058899
k6 v71 0 0 2070431636 280800 0 3904788291
k3 v21 0 0 2070431636 280801 0 3886656096
k18 v71 0 0 2070431637 280802 0 4047193428
k2 v4 0 0 2070431636 280803 0 161169943
k0 v87 0 0 2070431636 280804 0 2838426310
k7 v70 0 0 2070431637 280805 0 2809623050
k10 v49 0 0 2070431637 280806 0 1932236583
k3 v52 0 0 2070431636 280807 0 2008925812
k15 v22 0 0 2070431637 280808 0 2999480144
k14 v90 0 0 2070431637 280809 0 2760002012
k4 v89 0 0 2070431637 280810 0 428783519
k7 v33 0 0 2070431637 280811 0 2139722824
k7 v47 0 0 2070431637 280812 0 1940826762
k8 v55 0 0 2070431636 280813 0 2232137167
k7 v32 0 0 2070431636 280814 0 2872269781
k11 v35 0 0 2070431637 280815 0 2020016052
k9 v2 0 0 2070431637 280816 0 3181169262
k18 v92 0 0 2070431636 280817 0 1027775170
k16 v54 0 0 2070431637 280818 0 673916887
k18 v94 0 0 2070431637 280819 0 3947375111
k6 v17 0 0 2070431637 280820 0 1435376544
k6 v12 0 0 2070431637 280821 0 1730149118
k12 v18 0 0 2070431637 280822 0 286386631
k3 v50 0 0 2070431637 280823 0 372351244
k18 v31 0 0 2070431637 280824 0 3055301127
k3 v30 0 0 2070431637 280825 0 3059090252
k19 v60 0 0 2070431637 280826 0 4145874482
k19 v0 0 0 2070431637 280827 0 115360628
k18 v37 0 0 2070431637 280828 0 2659901662
k7 v92 0 0 2070431637 280829 0 289903444
k8 v60 0 0 2070431636 280830 0 4248199326
k0 v19 0 0 2070431637 280831 0 3110435275
k3 v29 0 0 2070431637 280832 0 2679345622
k11 v99 0 0 2070431637 280833 0 1069070780
k19 v80 0 0 2070431637 280834 0 388366903
k0 v16 0 0 2070431637 280835 0 2711014638
k17 v37 0 0 2070431637 280836 0 2009824495
k1 v15 0 0 2070431637 280837 0 2809792882
k5 v83 0 0 2070431637 280838 0 515220243
k6 v58 0 0 2070431637 280839 0 3957898820
k5 v28 0 0 2070431637 280840 0 543665389
k12 v12 0 0 2070431637 280841 0 1772381832
k8 v76 0 0 2070431637 280842 0 488376908
k17 v34 0 0 2070431637 280843 0 2690307045
k6 v60 0 0 2070431637 280844 0 3184296669
k2 v6 0 0 2070431637 280845 0 1588345695
k6 v71 0 0 2070431637 280846 0 1967609991
k15 v15 0 0 2070431637 280847 0 2818834227
k6 v34 0 0 2070431637 280848 0 3535249837
k11 v24 0 0 2070431637 280849 0 681953931
k16 v78 0 0 2070431637 280850 0 3490265493
k5 v40 0 0 2070431637 280851 0 1398285551
k17 v6 0 0 2070431637 280852 0 826884321
k5 v73 0 0 2070431636 280853 0 2037615066
k5 v99 0 0 2070431638 280854 0 2808258977
k17 v50 0 0 2070431637 280855 0 1326641355
k1 v39 0 0 2070431638 280856 0 1413376699
k8 v70 0 0 2070431637 280857 0 3851028971
k19 v42 0 0 2070431638 280858 0 2616940644
k19 v18 0 0 2070431637 280859 0 2180406418
k11 v6 0 0 2070431638 280860 0 2867385366
k0 v11 0 0 2070431637 280861 0 578121106
k0 v65 0 0 2070431637 280862 0 777147216
k2 v30 0 0 2070431636 280863 0 2967266908
k14 v29 0 0 2070431638 280864 0 1792098286
k13 v8 0 0 2070431637 280865 0 957853720
k10 v82 0 0 2070431638 280866 0 2885644172
k1 v76 0 0 2070431638 280867 0 554012985
k7 v86 0 0 2070431638 280868 0 121794722
k0 v94 0 0 2070431638 280869 0 1039412319
k7 v37 0 0 2070431638 280870 0 4124188750
k4 v67 0 0 2070431638 280871 0 386903831
k3 v76 0 0 2070431638 280872 0 2955336866
k13 v63 0 0 2070431638 280873 0 386400053
k16 v20 0 0 2070431638 280874 0 2117692356
k7 v63 0 0 2070431638 280875 0 1265350775
k13 v70 0 0 2070431638 280876 0 1510196516
k18 v95 0 0 2070431638 280877 0 3439416017
k6 v84 0 0 2070431638 280878 0 1463649997
k18 v79 0 0 2070431638 280879 0 1400589828
k11 v82 0 0 2070431638 280880 0 1816661972
k0 v59 0 0 2070431638 280881 0 2129231933
k2 v63 0 0 2070431638 280882 0 2488869578
k13 v84 0 0 2070431638 280883 0 785388075
k11 v10 0 0 2070431638 280884 0 2025993908
k15 v5 0 0 2070431638 280885 0 772395923
k10 v46 0 0 2070431638 280886 0 3632768018
k6 v95 0 0 2070431638 280887 0 558130663
k5 v6 0 0 2070431638 280888 0 1591840922
k11 v63 0 0 2070431638 280889 0 186811243
k7 v71 0 0 2070431638 280890 0 1771476010
k0 v37 0 0 2070431638 280891 0 2431558827
k6 v35 0 0 2070431638 280892 0 2630349726
k7 v42 0 0 2070431638 280893 0 2517371072
k17 v39 0 0 2070431638 280894 0 2293416560
k0 v35 0 0 2070431638 280895 0 1045174051
k5 v68 0 0 2070431638 280896 0 3040644655
k19 v79 0 0 2070431638 280897 0 1544922196
k13 v9 0 0 2070431638 280898 0 1000513666
k11 v6 0 0 2070431638 280899 0 1886791778
k12 v73 0 0 2070431638 280900 0 2238755932
k16 v67 0 0 2070431638 280901 0 1291865161
k17 v67 0 0 2070431638 280902 0 4250858846
k4 v94 0 0 2070431638 280903 0 2071363217
k5 v18 0 0 2070431638 280904 0 1501574687
k9 v52 0 0 2070431638 280905 0 93471086
k2 v92 0 0 2070431638 280906 0 1877501307
k15 v11 0 0 2070431638 280907 0 2155596159
k16 v37 0 0 2070431638 280908 0 299986981
k6 v86 0 0 2070431638 280909 0 958116064
k11 v12 0 0 2070431638 280910 0 1628297686
k1 v36 0 0 2070431638 280911 0 3629466596
k0 v70 0 0 2070431638 280912 0 4275135389
k4 v67 0 0 2070431638 280913 0 2567493186
k0 v28 0 0 2070431638 280914 0 3094582668
k15 v42 0 0 2070431638 280915 0 2433026853
k9 v68 0 0 2070431638 280916 0 58088007
k7 v25 0 0 2070431638 280917 0 1404459084
k14 v27 0 0 2070431638 280918 0 1651460709
k14 v79 0 0 2070431638 280919 0 4021270374
k8 v70 0 0 2070431638 280920 0 3457743968
k11 v34 0 0 2070431638 280921 0 448252518
k1 v10 0 0 2070431638 280922 0 2446930646
k7 v27 0 0 2070431638 280923 0 4283585949
k15 v7 0 0 2070431638 280924 0 1224177389
k12 v37 0 0 2070431638 280925 0 2811722645
k4 v34 0 0 2070431638 280926 0 3300087473
k1 v17 0 0 2070431638 280927 0 233463808
k18 v95 0 0 2070431638 280928 0 4109298576
k11 v89 0 0 2070431638 280929 0 986959190
k16 v18 0 0 2070431638 280930 0 1126511912
k8 v3 0 0 2070431638 280931 0 3800736392
k6 v84 0 0 2070431638 280932 0 308781566
k0 v39 0 0 2070431638 280933 0 235630589
k10 v12 0 0 2070431638 280934 0 2643862120
k2 v53 0 0 2070431638 280935 0 351256170
k18 v23 0 0 2070431638 280936 0 2975906409
k5 v19 0 0 2070431638 280937 0 361554115
k5 v87 0 0 2070431638 280938 0 834944387
k0 v84 0 0 2070431638 280939 0 475597391
k18 v19 0 0 2070431638 280940 0 3464374711
k0 v91 0 0 2070431638 280941 0 1704969539
k13 v56 0 0 2070431638 280942 0 3832694196
k3 v37 0 0 2070431638 280943 0 1683557154
k16 v1 0 0 2070431638 280944 0 4045486794
k10 v34 0 0 2070431638 280945 0 3777337604
k17 v90 0 0 2070431638 280946 0 862630203
k16 v0 0 0 2070431638 280947 0 3211481679
k18 v95 0 0 2070431638 280948 0 4033058594
k16 v87 0 0 2070431638 280949 0 1361011245
k0 v91 0 0 2070431638 280950 0 2101780021
k11 v77 0 0 2070431638 280951 0 2728957330
k8 v60 0 0 2070431638 280952 0 1723534329
k17 v63 0 0 2070431638 280953 0 2892230061
k11 v44 0 0 2070431638 280954 0 191409918
k10 v11 0 0 2070431638 280955 0 799613521
k18 v28 0 0 2070431638 280956 0 2275368355
k17 v7 0 0 2070431638 280957 0 1220934187
k4 v60 0 0 2070431638 280958 0 2628846022
k5 v74 0 0 2070431638 280959 0 3488526996
k14 v48 0 0 2070431638 280960 0 626762511
k16 v84 0 0 2070431638 280961 0 904622465
k11 v68 0 0 2070431638 280962 0 1753648055
k3 v14 0 0 2070431638 280963 0 749769723
k18 v53 0 0 2070431638 280964 0 3967458392
k11 v36 0 0 2070431638 280965 0 3005010226
k13 v5 0 0 2070431638 280966 0 3321335999
k15 v1 0 0 2070431638 280967 0 3773829159
k3 v70 0 0 2070431638 280968 0 2006230191
k14 v51 0 0 2070431638 280969 0 2482992684
k4 v88 0 0 2070431638 280970 0 435717538
k1 v37 0 0 2070431638 280971 0 3116303376
k3 v55 0 0 2070431638 280972 0 1140324208
k0 v99 0 0 2070431638 280973 0 3358904106
k13 v37 0 0 2070431638 280974 0 590635755
k6 v73 0 0 2070431638 280975 0 4152276568
k3 v25 0 0 2070431638 280976 0 1316795436
k16 v55 0 0 2070431638 280977 0 2948925733
k8 v26 0 0 2070431638 280978 0 151694963
k8 v92 0 0 2070431638 280979 0 1114110
k17 v97 0 0 2070431638 280980 0 2372815178
k9 v51 0 0 2070431638 280981 0 3225720856
k3 v80 0 0 2070431638 280982 0 3421564417
k2 v16 0 0 2070431638 280983 0 2006131369
k17 v82 0 0 2070431638 280984 0 1565712335
k2 v6 0 0 2070431638 280985 0 908769266
k12 v42 0 0 2070431638 280986 0 3275815879
k10 v60 0 0 2070431638 280987 0 432500382
k13 v22 0 0 2070431638 280988 0 814561627
k9 v45 0 0 2070431638 280989 0 3651828439
k16 v58 0 0 2070431638 280990 0 1548465221
k0 v3 0 0 2070431638 280991 0 1449001310
k11 v76 0 0 2070431638 280992 0 3858236531
k2 v2 0 0 2070431638 280993 0 794792218
k4 v97 0 0 2070431638 280994 0 2488245779
k19 v9 0 0 2070431638 280995 0 2711836202
k3 v76 0 0 2070431639 280996 0 2864862039
k9 v68 0 0 2070431639 280997 0 3637787168
k3 v82 0 0 2070431639 280998 0 918100654
k19 v85 0 0 2070431639 280999 0 698572004
k3 v7 0 0 2070431639 281000 0 3150129965
k8 v84 0 0 2070431639 281001 0 1522342812
k15 v88 0 0 2070431639 281002 0 861551746
k2 v11 0 0 2070431639 281003 0 335983398
k19 v89 0 0 2070431639 281004 0 8536823
k0 v19 0 0 2070431639 281005 0 839979515
k11 v26 0 0 2070431639 281006 0 2409896825
k14 v32 0 0 2070431639 281007 0 3701934520
k5 v61 0 0 2070431639 281008 0 3903616027
k1 v96 0 0 2070431639 281009 0 1555746164
k16 v22 0 0 2070431639 281010 0 3764954431
k1 v36 0 0 2070431639 281011 0 1419191616
k7 v20 0 0 2070431639 281012 0 2307463858
k18 v96 0 0 2070431639 281013 0 909617004
k15 v5 0 0 2070431639 281014 0 213768348
k16 v48 0 0 2070431639 281015 0 1010300034
k8 v61 0 0 2070431639 281016 0 3967499203
k11 v37 0 0 2070431639 281017 0 1841363159
k15 v13 0 0 2070431639 281018 0 1076735919
k8 v48 0 0 2070431639 281019 0 2006698885
k15 v5 0 0 2070431639 281020 0 1788322753
k13 v72 0 0 2070431639 281021 0 3979994693
k2 v73 0 0 2070431639 281022 0 845817155
k10 v90 0 0 2070431639 281023 0 2968242118
k16 v59 0 0 2070431639 281024 0 3721904962
k12 v38 0 0 2070431639 281025 0 1472883984
k7 v97 0 0 2070431639 281026 0 1342917865
k10 v20 0 0 2070431639 281027 0 2322303319
k11 v94 0 0 2070431639 281028 0 2256609152
k9 v37 0 0 2070431639 281029 0 4225132913
k4 v55 0 0 2070431639 281030 0 2360591140
k1 v85 0 0 2070431639 281031 0 2790668145
k3 v3 0 0 2070431639 281032 0 3311279279
k18 v87 0 0 2070431639 281033 0 3473853402
k2 v3 0 0 2070431639 281034 0 2217533417
k6 v60 0 0 2070431639 281035 0 1288091252
k10 v37 0 0 2070431639 281036 0 3962369836
k17 v90 0 0 2070431639 281037 0 2751262811
k17 v50 0 0 2070431639 281038 0 326099289
k9 v78 0 0 2070431639 281039 0 2490529756
k7 v48 0 0 2070431639 281040 0 3599919535
k14 v37 0 0 2070431639 281041 0 2793330429
k13 v99 0 0 2070431639 281042 0 589586172
k1 v77 0 0 2070431639 281043 0 401914580
k8 v24 0 0 2070431639 281044 0 3790950158
k18 v85 0 0 2070431639 281045 0 1456802901
k1 v82 0 0 2070431639 281046 0 219943328
k5 v22 0 0 2070431639 281047 0 3580725625
k4 v98 0 0 2070431639 281048 0 3229570249
k12 v27 0 0 2070431639 281049 0 481799441
k9 v39 0 0 2070431639 281050 0 916688858
k0 v69 0 0 2070431639 281051 0 961646668
k10 v23 0 0 2070431639 281052 0 1576674909
k18 v75 0 0 2070431638 281053 0 2180140628
k3 v71 0 0 2070431637 281054 0 625482282
k11 v58 0 0 2070431639 281055 0 3529328494
k10 v91 0 0 2070431637 281056 0 3091074162
k9 v71 0 0 2070431636 281057 0 803264952
k15 v41 0 0 2070431638 281058 0 3429103172
k9 v20 0 0 2070431639 281059 0 2147965689
k8 v20 0 0 2070431637 281060 0 3715802895
k0 v91 0 0 2070431638 281061 0 645101335
k13 v40 0 0 2070431639 281062 0 1892542773
k1 v93 0 0 2070431636 281063 0 1349688319
k13 v24 0 0 2070431637 281064 0 2345513502
k12 v43 0 0 2070431639 281065 0 190241004
k0 v30 0 0 2070431637 281066 0 339984433
k3 v41 0 0 2070431639 281067 0 1656186721
k18 v68 0 0 2070431639 281068 0 2237770859
k11 v3 0 0 2070431637 281069 0 1901374643
k5 v0 0 0 2070431638 281070 0 3784556837
k18 v78 0 0 2070431639 281071 0 3401318027
k1 v24 0 0 2070431637 281072 0 1000992017
k6 v8 0 0 2070431639 281073 0 2729961866
k15 v83 0 0 2070431639 281074 0 1379735289
k5 v78 0 0 2070431637 281075 0 715219083
k12 v26 0 0 2070431636 281076 0 623781485
k6 v54 0 0 2070431639 281077 0 1275729296
k9 v78 0 0 2070431637 281078 0 2682977395
k2 v36 0 0 2070431637 281079 0 4222417141
k13 v7 0 0 2070431639 281080 0 3745450523
k19 v4 0 0 2070431639 281081 0 4271806736
k12 v77 0 0 2070431639 281082 0 2071595675
k14 v52 0 0 2070431639 281083 0 1088788674
k11 v5 0 0 2070431639 281084 0 1607299091
k9 v7 0 0 2070431637 281085 0 1245606754
k13 v81 0 0 2070431639 281086 0 1280522160
k10 v86 0 0 2070431639 281087 0 3270089055
k10 v57 0 0 2070431639 281088 0 2294755461
k14 v93 0 0 2070431639 281089 0 3899016899
k5 v81 0 0 2070431640 281090 0 2269495246
k14 v23 0 0 2070431640 281091 0 79649675
k6 v55 0 0 2070431637 281092 0 1259267499
k3 v5 0 0 2070431638 281093 0 2572891507
k16 v61 0 0 2070431639 281094 0 927430898
k16 v88 0 0 2070431639 281095 0 87009527
k18 v42 0 0 2070431640 281096 0 3628142969
k10 v25 0 0 2070431639 281097 0 2914301609
k16 v60 0 0 2070431640 281098 0 2243656282
k11 v53 0 0 2070431640 281099 0 1051597980
k8 v10 0 0 2070431639 281100 0 266284041
k16 v17 0 0 2070431638 281101 0 3694381902
k15 v79 0 0 2070431638 281102 0 1849618193
k11 v57 0 0 2070431639 281103 0 1190081863
k2 v17 0 0 2070431640 281104 0 485927347
k9 v74 0 0 2070431639 281105 0 1359731719
k16 v72 0 0 2070431637 281106 0 2548407036
k6 v97 0 0 2070431640 281107 0 309678741
k18 v22 0 0 2070431640 281108 0 127034843
k19 v21 0 0 2070431639 281109 0 1367180646
k0 v98 0 0 2070431639 281110 0 3062749916
k18 v97 0 0 2070431637 281111 0 3427830783
k15 v87 0 0 2070431640 281112 0 2375366419
k19 v23 0 0 2070431640 281113 0 464521141
k19 v70 0 0 2070431637 281114 0 417283917
k10 v74 0 0 2070431640 281115 0 3125225591
k7 v36 0 0 2070431637 281116 0 1529525418
k4 v99 0 0 2070431640 281117 0 3889799212
k15 v65 0 0 2070431639 281118 0 357946183
k18 v91 0 0 2070431640 281119 0 3993958642
k16 v39 0 0 2070431640 281120 0 2350125575
k9 v90 0 0 2070431636 281121 0 1927362600
k15 v85 0 0 2070431639 281122 0 1043564836
k12 v43 0 0 2070431639 281123 0 3803820243
k8 v84 0 0 2070431640 281124 0 3889965616
k18 v78 0 0 2070431640 281125 0 1804527843
k0 v19 0 0 2070431639 281126 0 2718232883
k13 v23 0 0 2070431640 281127 0 2427841575
k16 v75 0 0 2070431640 281128 0 2231542111
k1 v31 0 0 2070431640 281129 0 3168708101
k12 v24 0 0 2070431640 281130 0 2751552656
k0 v15 0 0 2070431640 281131 0 1151289034
k4 v75 0 0 2070431639 281132 0 3808282558
k11 v47 0 0 2070431640 281133 0 2690481762
k18 v17 0 0 2070431640 281134 0 4193633906
k15 v65 0 0 2070431640 281135 0 3629191046
k6 v21 0 0 2070431640 281136 0 3555183565
k15 v56 0 0 2070431640 281137 0 1053860397
k11 v78 0 0 2070431640 281138 0 1143493995
k19 v93 0 0 2070431640 281139 0 3157766340
k5 v70 0 0 2070431640 281140 0 508821392
k6 v64 0 0 2070431640 281141 0 2694487851
k5 v90 0 0 2070431636 281142 0 1571091948
k6 v37 0 0 2070431640 281143 0 2955294534
k11 v34 0 0 2070431640 281144 0 740111794
k12 v77 0 0 2070431640 281145 0 4273173695
k18 v62 0 0 2070431640 281146 0 2363614258
k5 v51 0 0 2070431640 281147 0 3501282156
k14 v80 0 0 2070431640 281148 0 193351989
k0 v32 0 0 2070431640 281149 0 2357820841
k8 v3 0 0 2070431640 281150 0 2957809752
k2 v38 0 0 2070431640 281151 0 4279365185
k6 v94 0 0 2070431640 281152 0 3328190961
k13 v98 0 0 2070431640 281153 0 2634559307
k13 v95 0 0 2070431640 281154 0 1679343393
k2 v26 0 0 2070431639 281155 0 1718719838
k16 v47 0 0 2070431640 281156 0 2938007099
k3 v11 0 0 2070431640 281157 0 775966618
k11 v59 0 0 2070431640 281158 0 3238400994
k15 v78 0 0 2070431640 281159 0 1508030731
k6 v39 0 0 2070431640 281160 0 2172124044
k10 v68 0 0 2070431641 281161 0 1528972573
k13 v62 0 0 2070431640 281162 0 2639630147
k7 v17 0 0 2070431638 281163 0 2073132797
k16 v91 0 0 2070431641 281164 0 2134286840
k2 v76 0 0 2070431640 281165 0 2453330624
k5 v13 0 0 2070431640 281166 0 303678580
k0 v35 0 0 2070431641 281167 0 1012933188
k8 v14 0 0 2070431640 281168 0 4131931912
k9 v34 0 0 2070431640 281169 0 2430901728
k1 v29 0 0 2070431640 281170 0 1775667851
k15 v68 0 0 2070431641 281171 0 3251594349
k9 v11 0 0 2070431640 281172 0 3181182846
k2 v25 0 0 2070431640 281173 0 3878215070
k11 v61 0 0 2070431641 281174 0 1146674255
k10 v5 0 0 2070431640 281175 0 2570089256
k14 v20 0 0 2070431641 281176 0 2598357623
k6 v32 0 0 2070431641 281177 0 825007258
k2 v29 0 0 2070431640 281178 0 3622451646
k8 v15 0 0 2070431641 281179 0 1197221798
k14 v2 0 0 2070431640 281180 0 1392440771
k19 v22 0 0 2070431641 281181 0 2409260384
k15 v21 0 0 2070431641 281182 0 201038300
k13 v28 0 0 2070431639 281183 0 2953986415
k14 v70 0 0 2070431641 281184 0 781609197
k15 v77 0 0 2070431641 281185 0 1304040939
k6 v95 0 0 2070431640 281186 0 3484632288
k14 v88 0 0 2070431641 281187 0 3564462770
k16 v56 0 0 2070431640 281188 0 3287836734
k15 v47 0 0 2070431641 281189 0 2584860676
k15 v39 0 0 2070431641 281190 0 974046277
k15 v20 0 0 2070431640 281191 0 2295962608
k0 v57 0 0 2070431641 281192 0 1991828086
k15 v87 0 0 2070431641 281193 0 1446467444
k16 v48 0 0 2070431641 281194 0 604472674
k17 v9 0 0 2070431641 281195 0 3924516119
k4 v51 0 0 2070431641 281196 0 2527796020
k5 v48 0 0 2070431640 281197 0 3205475925
k11 v32 0 0 2070431641 281198 0 3237573798
k3 v53 0 0 2070431641 281199 0 2906974681
k19 v23 0 0 2070431641 281200 0 4013986097
k19 v62 0 0 2070431641 281201 0 2177212301
k14 v84 0 0 2070431640 281202 0 2855818708
k0 v45 0 0 2070431639 281203 0 2421670968
k3 v97 0 0 2070431641 281204 0 2087249249
k16 v82 0 0 2070431641 281205 0 1080462769
k10 v83 0 0 2070431641 281206 0 3823540046
k11 v35 0 0 2070431641 281207 0 3141622427
k16 v59 0 0 2070431641 281208 0 1869342423
k12 v66 0 0 2070431641 281209 0 1907197127
k16 v91 0 0 2070431640 281210 0 3221937417
k9 v25 0 0 2070431641 281211 0 2043680453
k7 v65 0 0 2070431641 281212 0 2910286049
k6 v46 0 0 2070431641 281213 0 1685252035
k14 v60 0 0 2070431641 281214 0 2888335122
k12 v74 0 0 2070431640 281215 0 1164203120
k1 v62 0 0 2070431641 281216 0 3314901260
k16 v7 0 0 2070431641 281217 0 3383488100
k19 v25 0 0 2070431641 281218 0 2725833947
k15 v21 0 0 2070431641 281219 0 4117484662
k19 v41 0 0 2070431641 281220 0 3493279253
k3 v94 0 0 2070431641 281221 0 2905770112
k6 v24 0 0 2070431640 281222 0 2406882063
k18 v75 0 0 2070431642 281223 0 3675644251
k7 v28 0 0 2070431642 281224 0 3545001163
k13 v72 0 0 2070431641 281225 0 2497224118
k4 v26 0 0 2070431641 281226 0 15236080
k19 v40 0 0 2070431641 281227 0 4195457940
k0 v42 0 0 2070431641 281228 0 652679538
k4 v26 0 0 2070431641 281229 0 2272290623
k17 v92 0 0 2070431641 281230 0 1006546663
k8 v38 0 0 2070431642 281231 0 1176742575
k13 v69 0 0 2070431642 281232 0 4185685571
k2 v36 0 0 2070431641 281233 0 239932518
k17 v23 0 0 2070431641 281234 0 1679416112
k8 v63 0 0 2070431641 281235 0 328299541
k6 v86 0 0 2070431642 281236 0 2735066566
k18 v29 0 0 2070431640 281237 0 2727080923
k15 v87 0 0 2070431642 281238 0 611230564
k18 v66 0 0 2070431642 281239 0 273395122
k5 v12 0 0 2070431642 281240 0 1915757641
k10 v44 0 0 2070431642 281241 0 4084073960
k7 v19 0 0 2070431642 281242 0 2682392154
k17 v2 0 0 2070431642 281243 0 421616311
k10 v64 0 0 2070431642 281244 0 1792930000
k19 v36 0 0 2070431642 281245 0 2950797770
k17 v4 0 0 2070431641 281246 0 1861891268
k6 v28 0 0 2070431642 281247 0 1738516846
k6 v27 0 0 2070431640 281248 0 3736978173
k14 v52 0 0 2070431642 281249 0 538062904
k13 v95 0 0 2070431641 281250 0 3731608917
k11 v81 0 0 2070431642 281251 0 1969117401
k4 v43 0 0 2070431641 281252 0 3162275240
k16 v7 0 0 2070431642 281253 0 608273503
k5 v47 0 0 2070431642 281254 0 2973228096
k14 v48 0 0 2070431642 281255 0 1168783011
k0 v11 0 0 2070431641 281256 0 2678188182
k12 v19 0 0 2070431642 281257 0 1913821752
k16 v4 0 0 2070431642 281258 0 1746669662
k0 v32 0 0 2070431642 281259 0 3722166029
k17 v50 0 0 2070431642 281260 0 1316950190
k6 v35 0 0 2070431642 281261 0 466247605
k7 v19 0 0 2070431642 281262 0 2623986228
k9 v73 0 0 2070431642 281263 0 3374743505
k8 v41 0 0 2070431642 281264 0 2898589613
k5 v12 0 0 2070431642 281265 0 214107234
k9 v66 0 0 2070431642 281266 0 120853
k17 v89 0 0 2070431642 281267 0 1364452814
k16 v72 0 0 2070431640 281268 0 1912209662
k11 v75 0 0 2070431641 281269 0 867569436
k3 v72 0 0 2070431642 281270 0 1803677100
k7 v71 0 0 2070431642 281271 0 3715051700
k12 v72 0 0 2070431642 281272 0 3366855853
k13 v39 0 0 2070431641 281273 0 3837945624
k6 v92 0 0 2070431642 281274 0 1192062815
k9 v68 0 0 2070431640 281275 0 1899212283
k14 v40 0 0 2070431642 281276 0 4040714172
k2 v46 0 0 2070431642 281277 0 2319513605
k19 v57 0 0 2070431642 281278 0 2337498974
k15 v95 0 0 2070431642 281279 0 1869139947
k13 v58 0 0 2070431642 281280 0 3647359621
k15 v71 0 0 2070431642 281281 0 835708215
k11 v70 0 0 2070431642 281282 0 2144939041
k5 v85 0 0 2070431642 281283 0 191603349
k4 v0 0 0 2070431642 281284 0 3324223062
k5 v24 0 0 2070431642 281285 0 4183832158
k15 v24 0 0 2070431642 281286 0 3626443978
k10 v16 0 0 2070431642 281287 0 3955468963
k5 v39 0 0 2070431642 281288 0 1699073312
k14 v34 0 0 2070431641 281289 0 3583596204
k19 v61 0 0 2070431642 281290 0 3056197482
k8 v80 0 0 2070431642 281291 0 2290315870
k7 v75 0 0 2070431642 281292 0 2989597988
k19 v86 0 0 2070431642 281293 0 2945394314
k8 v94 0 0 2070431642 281294 0 616820444
k11 v12 0 0 2070431642 281295 0 229221275
k2 v32 0 0 2070431642 281296 0 3201272143
k12 v47 0 0 2070431642 281297 0 4023627550
k2 v15 0 0 2070431642 281298 0 634127151
k5 v28 0 0 2070431642 281299 0 2267098766
k11 v13 0 0 2070431642 281300 0 2731815026
k18 v71 0 0 2070431642 281301 0 485940107
k0 v93 0 0 2070431642 281302 0 604631045
k2 v25 0 0 2070431642 281303 0 172688621
k15 v67 0 0 2070431642 281304 0 3790485988
k0 v93 0 0 2070431642 281305 0 1799907010
k6 v31 0 0 2070431642 281306 0 2790734332
k8 v48 0 0 2070431641 281307 0 1307268526
k17 v85 0 0 2070431642 281308 0 3117211453
k6 v82 0 0 2070431642 281309 0 3498763116
k8 v73 0 0 2070431642 281310 0 3297490726
k19 v76 0 0 2070431643 281311 0 2880044389
k9 v68 0 0 2070431642 281312 0 3227920278
k0 v45 0 0 2070431641 281313 0 2662186774
k2 v70 0 0 2070431642 281314 0 3798052647
k5 v83 0 0 2070431642 281315 0 1853867052
k16 v87 0 0 2070431641 281316 0 4190044991
k4 v32 0 0 2070431643 281317 0 807140407
k12 v3 0 0 2070431642 281318 0 1783425652
k2 v14 0 0 2070431643 281319 0 599080811
k14 v65 0 0 2070431643 281320 0 454145096
k5 v2 0 0 2070431643 281321 0 523475570
k8 v33 0 0 2070431642 281322 0 3858919238
k7 v82 0 0 2070431642 281323 0 2995926364
k17 v33 0 0 2070431643 281324 0 9982593
k6 v32 0 0 2070431643 281325 0 3992843013
k0 v42 0 0 2070431643 281326 0 1123898596
k14 v94 0 0 2070431643 281327 0 2099418855
k9 v80 0 0 2070431643 281328 0 3128011737
k18 v53 0 0 2070431643 281329 0 889975426
k0 v67 0 0 2070431642 281330 0 377571497
k14 v75 0 0 2070431642 281331 0 1354263614
k4 v73 0 0 2070431643 281332 0 964092897
k2 v95 0 0 2070431642 281333 0 1457598753
k4 v52 0 0 2070431642 281334 0 572882626
k11 v23 0 0 2070431643 281335 0 1783756819
k4 v79 0 0 2070431642 281336 0 3332736581
k15 v51 0 0 2070431643 281337 0 4212313046
k8 v26 0 0 2070431642 281338 0 2843721338
k11 v63 0 0 2070431642 281339 0 414692154
k14 v82 0 0 2070431642 281340 0 3787285063
k2 v71 0 0 2070431641 281341 0 1916118316
k14 v13 0 0 2070431643 281342 0 3228479989
k2 v66 0 0 2070431643 281343 0 2092492254
k11 v57 0 0 2070431643 281344 0 1359983318
k3 v52 0 0 2070431643 281345 0 2221064502
k0 v71 0 0 2070431643 281346 0 2462574463
k2 v45 0 0 2070431642 281347 0 2668850419
k0 v60 0 0 2070431643 281348 0 4143542825
k9 v18 0 0 2070431643 281349 0 2148842096
k6 v47 0 0 2070431641 281350 0 2509062399
k1 v50 0 0 2070431643 281351 0 3331640160
k13 v10 0 0 2070431643 281352 0 414977702
k15 v42 0 0 2070431643 281353 0 2877340724
k19 v70 0 0 2070431643 281354 0 1442069545
k15 v29 0 0 2070431643 281355 0 966100236
k1 v30 0 0 2070431643 281356 0 2145933409
k0 v13 0 0 2070431643 281357 0 3069038403
k14 v72 0 0 2070431643 281358 0 2820214216
k8 v44 0 0 2070431643 281359 0 1152417885
k6 v58 0 0 2070431643 281360 0 917178980
k6 v52 0 0 2070431643 281361 0 2024119067
k16 v44 0 0 2070431643 281362 0 1109104580
k12 v68 0 0 2070431643 281363 0 1823357824
k5 v76 0 0 2070431643 281364 0 3642670151
k16 v27 0 0 2070431642 281365 0 2556709265
k6 v69 0 0 2070431643 281366 0 2122847303
k11 v74 0 0 2070431643 281367 0 852195788
k11 v98 0 0 2070431643 281368 0 3047838808
k12 v71 0 0 2070431643 281369 0 4045913440
k12 v73 0 0 2070431643 281370 0 3957922450
k19 v10 0 0 2070431643 281371 0 3711572420
k10 v67 0 0 2070431643 281372 0 3850289982
k19 v99 0 0 2070431643 281373 0 843227076
k17 v41 0 0 2070431643 281374 0 2776260798
k8 v13 0 0 2070431643 281375 0 2280012425
k14 v22 0 0 2070431643 281376 0 3091034893
k2 v31 0 0 2070431643 281377 0 1995816757
k2 v1 0 0 2070431643 281378 0 38441050
k3 v54 0 0 2070431643 281379 0 2930945462
k0 v71 0 0 2070431644 281380 0 3343036548
k7 v57 0 0 2070431643 281381 0 3267529946
k14 v0 0 0 2070431644 281382 0 2219124668
k10 v24 0 0 2070431643 281383 0 1248459827
k17 v47 0 0 2070431643 281384 0 705018454
k8 v0 0 0 2070431643 281385 0 1322024428
k1 v39 0 0 2070431643 281386 0 2408326854
k7 v42 0 0 2070431643 281387 0 550009053
k15 v67 0 0 2070431643 281388 0 2413963214
k8 v14 0 0 2070431643 281389 0 3242955819
k11 v26 0 0 2070431644 281390 0 1006522502
k11 v67 0 0 2070431644 281391 0 1434148410
k4 v60 0 0 2070431643 281392 0 76720227
k8 v86 0 0 2070431644 281393 0 1078322155
k8 v60 0 0 2070431644 281394 0 1491657801
k10 v68 0 0 2070431644 281395 0 3606774219
k15 v88 0 0 2070431642 281396 0 1935219832
k19 v21 0 0 2070431644 281397 0 2504139764
k12 v2 0 0 2070431644 281398 0 3344402701
k4 v17 0 0 2070431644 281399 0 1694521466
k16 v43 0 0 2070431644 281400 0 49684167
k9 v20 0 0 2070431644 281401 0 1041497429
k14 v77 0 0 2070431644 281402 0 3903178262
k8 v43 0 0 2070431644 281403 0 3468836111
k5 v93 0 0 2070431644 281404 0 2999201274
k12 v26 0 0 2070431643 281405 0 2830079953
k15 v5 0 0 2070431644 281406 0 1330593638
k19 v27 0 0 2070431644 281407 0 2204613911
k15 v53 0 0 2070431644 281408 0 588263020
k14 v74 0 0 2070431644 281409 0 2767737367
k6 v78 0 0 2070431644 281410 0 1077029948
k3 v2 0 0 2070431644 281411 0 4170600203
k10 v1 0 0 2070431644 281412 0 797281484
k14 v89 0 0 2070431644 281413 0 2777766185
k11 v85 0 0 2070431643 281414 0 2819403867
k13 v38 0 0 2070431644 281415 0 3204044498
k14 v31 0 0 2070431644 281416 0 466743371
k15 v61 0 0 2070431644 281417 0 345681147
k4 v4 0 0 2070431644 281418 0 3366868951
k12 v75 0 0 2070431644 281419 0 764899612
k11 v18 0 0 2070431644 281420 0 3365555802
k17 v55 0 0 2070431644 281421 0 2565017463
k11 v31 0 0 2070431644 281422 0 3872702545
k13 v31 0 0 2070431643 281423 0 412888032
k12 v33 0 0 2070431644 281424 0 212150374
k10 v51 0 0 2070431644 281425 0 3302734212
k8 v76 0 0 2070431644 281426 0 3768930264
k18 v35 0 0 2070431644 281427 0 1317303999
k3 v52 0 0 2070431641 281428 0 3937664013
k9 v72 0 0 2070431643 281429 0 3093715843
k15 v2 0 0 2070431644 281430 0 4195844138
k12 v10 0 0 2070431644 281431 0 998111907
k15 v84 0 0 2070431644 281432 0 2452377727
k19 v87 0 0 2070431644 281433 0 612093505
k7 v36 0 0 2070431644 281434 0 3081279582
k12 v18 0 0 2070431644 281435 0 3268077845
k18 v51 0 0 2070431644 281436 0 4002267990
k6 v17 0 0 2070431644 281437 0 2253724530
k13 v81 0 0 2070431644 281438 0 2927827600
k18 v24 0 0 2070431644 281439 0 729319902
k14 v82 0 0 2070431644 281440 0 3120911225
k9 v8 0 0 2070431644 281441 0 1046200926
k14 v58 0 0 2070431644 281442 0 2012684182
k11 v65 0 0 2070431645 281443 0 4096188736
k7 v32 0 0 2070431643 281444 0 4140788891
k0 v64 0 0 2070431644 281445 0 2594756253
k15 v91 0 0 2070431644 281446 0 1197461631
k8 v82 0 0 2070431644 281447 0 4291520092
k13 v72 0 0 2070431644 281448 0 1215352561
k15 v32 0 0 2070431644 281449 0 2925037937
k18 v54 0 0 2070431644 281450 0 2547042429
k16 v62 0 0 2070431645 281451 0 1345312712
k13 v98 0 0 2070431644 281452 0 931651778
k18 v12 0 0 2070431645 281453 0 3868000846
k5 v82 0 0 2070431645 281454 0 2182633303
k14 v60 0 0 2070431645 281455 0 320583593
k18 v26 0 0 2070431644 281456 0 1654890287
k0 v37 0 0 2070431645 281457 0 1199314009
k13 v47 0 0 2070431643 281458 0 333709091
k6 v70 0 0 2070431645 281459 0 3347638661
k10 v84 0 0 2070431645 281460 0 4048862159
k17 v17 0 0 2070431644 281461 0 1205720476
k4 v21 0 0 2070431645 281462 0 602464669
k5 v6 0 0 2070431645 281463 0 1062832715
k18 v58 0 0 2070431645 281464 0 3999698517
k5 v8 0 0 2070431645 281465 0 1895524010
k18 v61 0 0 2070431644 281466 0 2472051550
k2 v12 0 0 2070431644 281467 0 2873665557
k15 v51 0 0 2070431645 281468 0 569976012
k4 v35 0 0 2070431645 281469 0 288051345
k10 v22 0 0 2070431645 281470 0 3045278758
k3 v91 0 0 2070431645 281471 0 559074130
k5 v68 0 0 2070431645 281472 0 1394378801
k13 v13 0 0 2070431643 281473 0 811441914
k6 v69 0 0 2070431645 281474 0 381955532
k1 v32 0 0 2070431644 281475 0 178100448
k17 v79 0 0 2070431645 281476 0 707880787
k19 v42 0 0 2070431645 281477 0 2536865493
k12 v99 0 0 2070431644 281478 0 821562804
k1 v28 0 0 2070431644 281479 0 1860695116
k16 v30 0 0 2070431645 281480 0 100762739
k12 v83 0 0 2070431644 281481 0 581554784
k15 v92 0 0 2070431645 281482 0 1227530571
k7 v14 0 0 2070431645 281483 0 370972183
k16 v12 0 0 2070431645 281484 0 1281832582
k14 v52 0 0 2070431645 281485 0 2853425301
k7 v92 0 0 2070431645 281486 0 3401250545
k6 v25 0 0 2070431645 281487 0 4151967842
k11 v77 0 0 2070431645 281488 0 1272722685
k11 v42 0 0 2070431643 281489 0 3292290759
k9 v28 0 0 2070431643 281490 0 3217500208
k18 v69 0 0 2070431645 281491 0 2251588744
k11 v12 0 0 2070431645 281492 0 1833329561
k13 v60 0 0 2070431645 281493 0 987918821
k11 v21 0 0 2070431645 281494 0 4020964150
k17 v65 0 0 2070431645 281495 0 1198434287
k14 v66 0 0 2070431646 281496 0 998278968
k7 v79 0 0 2070431646 281497 0 3176218028
k15 v37 0 0 2070431645 281498 0 1488714722
k0 v42 0 0 2070431646 281499 0 470257943
k18 v63 0 0 2070431644 281500 0 3019721091
k10 v83 0 0 2070431644 281501 0 2039494484
k12 v20 0 0 2070431646 281502 0 2475816386
k11 v60 0 0 2070431645 281503 0 1612316390
k1 v92 0 0 2070431645 281504 0 2750009556
k13 v6 0 0 2070431645 281505 0 3442220052
k10 v85 0 0 2070431645 281506 0 2119711960
k17 v41 0 0 2070431644 281507 0 2763420477
k7 v31 0 0 2070431646 281508 0 42381184
k11 v92 0 0 2070431646 281509 0 2460149805
k4 v12 0 0 2070431645 281510 0 2023374294
k4 v72 0 0 2070431645 281511 0 2545682769
k11 v32 0 0 2070431646 281512 0 2980205530
k17 v31 0 0 2070431644 281513 0 2835307094
k18 v66 0 0 2070431646 281514 0 3220976082
k10 v27 0 0 2070431646 281515 0 3519052872
k14 v42 0 0 2070431645 281516 0 2844351522
k16 v13 0 0 2070431646 281517 0 1003422986
k15 v99 0 0 2070431646 281518 0 3092613552
k13 v56 0 0 2070431646 281519 0 118536039
k2 v81 0 0 2070431646 281520 0 202912052
k16 v3 0 0 2070431646 281521 0 1145580866
k18 v91 0 0 2070431646 281522 0 1186005424
k8 v29 0 0 2070431646 281523 0 2532781185
k8 v59 0 0 2070431645 281524 0 1054751741
k6 v95 0 0 2070431646 281525 0 2684619813
k17 v89 0 0 2070431646 281526 0 1457277456
k15 v86 0 0 2070431645 281527 0 1346494330
k5 v66 0 0 2070431646 281528 0 2163444145
k11 v66 0 0 2070431646 281529 0 2480822324
k2 v26 0 0 2070431646 281530 0 766047643
k8 v51 0 0 2070431646 281531 0 1363113182
k14 v77 0 0 2070431646 281532 0 276437079
k13 v21 0 0 2070431645 281533 0 4166495403
k14 v67 0 0 2070431646 281534 0 3657055311
k9 v56 0 0 2070431645 281535 0 3253467774
k13 v3 0 0 2070431646 281536 0 1094854258
k12 v23 0 0 2070431646 281537 0 1124725268
k16 v70 0 0 2070431646 281538 0 3863446951
k15 v7 0 0 2070431646 281539 0 4207315812
k17 v63 0 0 2070431646 281540 0 2161196458
k10 v75 0 0 2070431646 281541 0 4102720014
k18 v16 0 0 2070431646 281542 0 2257244903
k15 v97 0 0 2070431646 281543 0 1150474743
k14 v50 0 0 2070431645 281544 0 3361737049
k2 v21 0 0 2070431646 281545 0 3033838024
k4 v95 0 0 2070431644 281546 0 538441664
k18 v95 0 0 2070431646 281547 0 1906729502
k13 v32 0 0 2070431646 281548 0 2685446738
k10 v79 0 0 2070431646 281549 0 4016389613
k13 v81 0 0 2070431646 281550 0 2555284530
k0 v85 0 0 2070431646 281551 0 3006737984
k4 v60 0 0 2070431646 281552 0 1610809535
k1 v97 0 0 2070431646 281553 0 1332105988
k12 v21 0 0 2070431646 281554 0 2791812073
k14 v14 0 0 2070431646 281555 0 35830318
k8 v75 0 0 2070431645 281556 0 1045787500
k3 v30 0 0 2070431646 281557 0 3874417521
k3 v20 0 0 2070431645 281558 0 1881371587
k15 v14 0 0 2070431646 281559 0 904142838
k2 v57 0 0 2070431646 281560 0 669223534
k10 v4 0 0 2070431646 281561 0 3505682829
k5 v92 0 0 2070431646 281562 0 2146282896
k3 v23 0 0 2070431646 281563 0 2964807288
k14 v47 0 0 2070431646 281564 0 1005977561
k0 v73 0 0 2070431645 281565 0 2477015045
k19 v65 0 0 2070431646 281566 0 3160400587
k16 v4 0 0 2070431647 281567 0 955614229
k18 v43 0 0 2070431647 281568 0 367180199
k0 v19 0 0 2070431644 281569 0 1385409135
k17 v66 0 0 2070431647 281570 0 1706513266
k16 v59 0 0 2070431646 281571 0 754219707
k1 v97 0 0 2070431646 281572 0 1442428459
k0 v56 0 0 2070431646 281573 0 2247973685
k18 v32 0 0 2070431647 281574 0 3021283714
k16 v69 0 0 2070431647 281575 0 4281089474
k14 v67 0 0 2070431646 281576 0 3972396561
k9 v74 0 0 2070431645 281577 0 3672000465
k5 v69 0 0 2070431647 281578 0 906836965
k17 v68 0 0 2070431647 281579 0 2911740764
k10 v75 0 0 2070431647 281580 0 673268405
k13 v31 0 0 2070431647 281581 0 466330923
k17 v18 0 0 2070431646 281582 0 3764960108
k1 v97 0 0 2070431647 281583 0 2333393097
k17 v9 0 0 2070431647 281584 0 3091175601
k11 v10 0 0 2070431643 281585 0 2547549959
k13 v66 0 0 2070431647 281586 0 955060826
k16 v75 0 0 2070431647 281587 0 2326439432
k16 v33 0 0 2070431647 281588 0 2615681961
k4 v28 0 0 2070431647 281589 0 3366426800
k3 v66 0 0 2070431647 281590 0 1696571068
k6 v88 0 0 2070431647 281591 0 756851565
k2 v55 0 0 2070431645 281592 0 1523113662
k5 v19 0 0 2070431647 281593 0 3061860732
k13 v50 0 0 2070431647 281594 0 4096001497
k17 v24 0 0 2070431647 281595 0 3395942410
k14 v49 0 0 2070431647 281596 0 3620573599
k17 v99 0 0 2070431646 281597 0 3695712046
k4 v94 0 0 2070431647 281598 0 1571059128
k17 v66 0 0 2070431647 281599 0 3203122481
k15 v68 0 0 2070431647 281600 0 2250470039
k18 v13 0 0 2070431647 281601 0 1597724311
k7 v6 0 0 2070431646 281602 0 672776528
k5 v99 0 0 2070431647 281603 0 2383860843
k15 v64 0 0 2070431646 281604 0 4258499302
k13 v37 0 0 2070431647 281605 0 3877766060
k10 v46 0 0 2070431647 281606 0 3060454476
k10 v69 0 0 2070431647 281607 0 925537361
k1 v41 0 0 2070431647 281608 0 1488254162
k12 v61 0 0 2070431646 281609 0 357481498
k2 v10 0 0 2070431647 281610 0 252613043
k6 v32 0 0 2070431647 281611 0 943945360
k0 v18 0 0 2070431646 281612 0 2178938612
k13 v86 0 0 2070431647 281613 0 2335276750
k3 v56 0 0 2070431647 281614 0 1724589837
k12 v37 0 0 2070431647 281615 0 2106819407
k11 v44 0 0 2070431647 281616 0 3860144675
k5 v40 0 0 2070431647 281617 0 3151304959
k3 v20 0 0 2070431647 281618 0 666530700
k18 v68 0 0 2070431646 281619 0 18852630
k6 v81 0 0 2070431647 281620 0 3529195479
k9 v7 0 0 2070431647 281621 0 1657733541
k10 v80 0 0 2070431647 281622 0 1655330110
k11 v45 0 0 2070431647 281623 0 4232270713
k6 v25 0 0 2070431647 281624 0 971774337
k15 v7 0 0 2070431648 281625 0 1351488387
k15 v55 0 0 2070431647 281626 0 515015985
k3 v72 0 0 2070431648 281627 0 1017721375
k5 v7 0 0 2070431647 281628 0 1458507756
k11 v11 0 0 2070431648 281629 0 474137891
k17 v26 0 0 2070431647 281630 0 1660047611
k9 v88 0 0 2070431648 281631 0 2636005489
k15 v93 0 0 2070431647 281632 0 3358898714
k16 v38 0 0 2070431647 281633 0 1418600725
k7 v50 0 0 2070431648 281634 0 940629385
k4 v21 0 0 2070431647 281635 0 2186181191
k11 v68 0 0 2070431647 281636 0 3529755355
k6 v57 0 0 2070431648 281637 0 1762312717
k16 v47 0 0 2070431647 281638 0 2718043815
k5 v98 0 0 2070431648 281639 0 3405294418
k17 v62 0 0 2070431648 281640 0 3800677168
k14 v75 0 0 2070431648 281641 0 4092171841
k10 v47 0 0 2070431648 281642 0 1766363262
k16 v39 0 0 2070431648 281643 0 3984989818
k11 v27 0 0 2070431648 281644 0 1381816554
k0 v82 0 0 2070431648 281645 0 820156988
k19 v15 0 0 2070431648 281646 0 3506638113
k3 v60 0 0 2070431646 281647 0 2025499021
k14 v11 0 0 2070431648 281648 0 2600190871
k4 v40 0 0 2070431647 281649 0 3102612814
k8 v10 0 0 2070431647 281650 0 3844647328
k19 v83 0 0 2070431647 281651 0 2024535104
k1 v72 0 0 2070431648 281652 0 2835809078
k5 v33 0 0 2070431647 281653 0 520011445
k16 v29 0 0 2070431647 281654 0 3858723768
k15 v35 0 0 2070431647 281655 0 3337471409
k6 v71 0 0 2070431648 281656 0 343610198
k13 v39 0 0 2070431647 281657 0 3391613090
k19 v17 0 0 2070431648 281658 0 2223782932
k11 v47 0 0 2070431648 281659 0 269338966
k11 v64 0 0 2070431648 281660 0 2296676593
k3 v72 0 0 2070431648 281661 0 1845116229
k1 v87 0 0 2070431648 281662 0 3437159006
k13 v72 0 0 2070431648 281663 0 1436950160
k6 v27 0 0 2070431648 281664 0 755750269
k3 v13 0 0 2070431648 281665 0 2597111489
k13 v38 0 0 2070431648 281666 0 1832734288
k19 v4 0 0 2070431648 281667 0 804921623
k6 v60 0 0 2070431648 281668 0 1912813657
k17 v1 0 0 2070431648 281669 0 1363255302
k14 v23 0 0 2070431648 281670 0 3786671017
k9 v75 0 0 2070431648 281671 0 1616077102
k8 v61 0 0 2070431647 281672 0 3625624146
k15 v57 0 0 2070431648 281673 0 1994446783
k15 v16 0 0 2070431648 281674 0 1312784005
k0 v33 0 0 2070431648 281675 0 154113206
k19 v85 0 0 2070431648 281676 0 1768765840
k15 v36 0 0 2070431648 281677 0 2178296891
k15 v32 0 0 2070431648 281678 0 1218698157
k5 v74 0 0 2070431648 281679 0 3439866581
k18 v15 0 0 2070431648 281680 0 355514647
k19 v98 0 0 2070431648 281681 0 83586393
k4 v25 0 0 2070431648 281682 0 1452800660
k4 v36 0 0 2070431648 281683 0 2147419521
k4 v49 0 0 2070431648 281684 0 633759039
k3 v0 0 0 2070431648 281685 0 2755861192
k14 v89 0 0 2070431648 281686 0 714165031
k1 v11 0 0 2070431648 281687 0 2235313196
k11 v32 0 0 2070431648 281688 0 1134771459
k5 v12 0 0 2070431648 281689 0 3024809467
k14 v89 0 0 2070431649 281690 0 2980283912
k15 v47 0 0 2070431648 281691 0 3516013481
k19 v2 0 0 2070431649 281692 0 290983716
k6 v19 0 0 2070431648 281693 0 200330499
k3 v91 0 0 2070431649 281694 0 2870857689
k6 v87 0 0 2070431649 281695 0 852536212
k18 v60 0 0 2070431648 281696 0 12919521
k2 v50 0 0 2070431649 281697 0 1227833413
k11 v77 0 0 2070431649 281698 0 3082322702
k9 v34 0 0 2070431649 281699 0 421591375
k1 v42 0 0 2070431649 281700 0 2465351239
k16 v73 0 0 2070431649 281701 0 3913488218
k19 v64 0 0 2070431649 281702 0 3404773916
k12 v13 0 0 2070431649 281703 0 756339085
k3 v36 0 0 2070431648 281704 0 4037557557
k6 v29 0 0 2070431649 281705 0 1567863826
k16 v49 0 0 2070431649 281706 0 2315887424
k1 v90 0 0 2070431649 281707 0 3215730783
k10 v5 0 0 2070431649 281708 0 334847767
k5 v96 0 0 2070431649 281709 0 2773498263
k15 v26 0 0 2070431649 281710 0 567681579
k9 v86 0 0 2070431649 281711 0 4084512899
k13 v92 0 0 2070431649 281712 0 3995816479
k3 v94 0 0 2070431649 281713 0 2038022108
k1 v13 0 0 2070431649 281714 0 521688343
k16 v80 0 0 2070431649 281715 0 1867610765
k1 v97 0 0 2070431649 281716 0 1177671098
k12 v54 0 0 2070431649 281717 0 3137854614
k10 v13 0 0 2070431649 281718 0 582267288
k10 v0 0 0 2070431649 281719 0 547804286
k16 v25 0 0 2070431649 281720 0 4208781445
k8 v48 0 0 2070431649 281721 0 1152559780
k4 v37 0 0 2070431649 281722 0 2047012267
k17 v28 0 0 2070431649 281723 0 4241708863
k9 v84 0 0 2070431649 281724 0 1183548435
k17 v88 0 0 2070431649 281725 0 1807743154
k18 v23 0 0 2070431649 281726 0 3319194506
k11 v45 0 0 2070431649 281727 0 890889002
k11 v6 0 0 2070431649 281728 0 2834342515
k19 v34 0 0 2070431649 281729 0 2812489884
k16 v87 0 0 2070431649 281730 0 4041669685
k15 v27 0 0 2070431649 281731 0 1580137538
k19 v78 0 0 2070431647 281732 0 2446370818
k2 v27 0 0 2070431649 281733 0 281757497
k10 v13 0 0 2070431649 281734 0 2374314746
k10 v6 0 0 2070431648 281735 0 3340685911
k8 v35 0 0 2070431649 281736 0 3582449313
k12 v44 0 0 2070431649 281737 0 660179814
k2 v22 0 0 2070431649 281738 0 3635760877
k8 v65 0 0 2070431649 281739 0 3745271115
k3 v7 0 0 2070431649 281740 0 1165809281
k14 v87 0 0 2070431649 281741 0 19138584
k17 v99 0 0 2070431649 281742 0 3670977055
k0 v95 0 0 2070431649 281743 0 1815117644
k0 v71 0 0 2070431649 281744 0 3193114210
k9 v57 0 0 2070431649 281745 0 1550125689
k13 v10 0 0 2070431649 281746 0 1672489482
k0 v89 0 0 2070431648 281747 0 2283406499
k10 v66 0 0 2070431649 281748 0 1712465204
k6 v74 0 0 2070431649 281749 0 3451769418
k0 v21 0 0 2070431649 281750 0 1457399412
k17 v40 0 0 2070431649 281751 0 2689396812
k0 v23 0 0 2070431649 281752 0 2921738874
k15 v85 0 0 2070431649 281753 0 1668127989
k9 v83 0 0 2070431648 281754 0 1848259739
k11 v74 0 0 2070431648 281755 0 3501403670
k6 v56 0 0 2070431648 281756 0 2840056797
k9 v41 0 0 2070431649 281757 0 1952980103
k12 v49 0 0 2070431649 281758 0 303951286
k14 v88 0 0 2070431649 281759 0 3030423558
k3 v12 0 0 2070431649 281760 0 4140461625
k5 v26 0 0 2070431649 281761 0 937968824
k18 v71 0 0 2070431648 281762 0 770998117
k14 v26 0 0 2070431647 281763 0 2169347979
k2 v18 0 0 2070431649 281764 0 1589699031
k2 v56 0 0 2070431648 281765 0 2154864596
k18 v11 0 0 2070431649 281766 0 1930411833
k2 v56 0 0 2070431648 281767 0 2990996822
k19 v67 0 0 2070431649 281768 0 2604360686
k9 v91 0 0 2070431649 281769 0 1081868547
k10 v38 0 0 2070431649 281770 0 945216807
k12 v95 0 0 2070431649 281771 0 3149672745
k0 v16 0 0 2070431648 281772 0 832353398
k8 v83 0 0 2070431649 281773 0 1966513272
k15 v47 0 0 2070431649 281774 0 3530401053
k0 v80 0 0 2070431650 281775 0 2219326074
k5 v4 0 0 2070431649 281776 0 3426277396
k18 v92 0 0 2070431648 281777 0 757571693
k19 v79 0 0 2070431649 281778 0 484163872
k5 v20 0 0 2070431650 281779 0 1927558714
k17 v54 0 0 2070431648 281780 0 2886875655
k10 v51 0 0 2070431650 281781 0 748964865
k17 v16 0 0 2070431649 281782 0 2327390764
k5 v44 0 0 2070431648 281783 0 4279859428
k10 v85 0 0 2070431650 281784 0 3085950286
k7 v36 0 0 2070431650 281785 0 593687465
k11 v69 0 0 2070431649 281786 0 375876395
k18 v35 0 0 2070431650 281787 0 3264693822
k5 v23 0 0 2070431650 281788 0 3473542540
k10 v4 0 0 2070431650 281789 0 1773013952
k11 v85 0 0 2070431650 281790 0 1228052649
k0 v2 0 0 2070431650 281791 0 1316554404
k13 v46 0 0 2070431650 281792 0 238053829
k11 v57 0 0 2070431649 281793 0 137641181
k4 v25 0 0 2070431649 281794 0 1964593374
k14 v87 0 0 2070431648 281795 0 2704957137
k2 v50 0 0 2070431650 281796 0 3770423561
k0 v85 0 0 2070431650 281797 0 2540348909
k6 v45 0 0 2070431649 281798 0 3255290365
k7 v39 0 0 2070431650 281799 0 4069172915
k8 v90 0 0 2070431650 281800 0 997197908
k8 v72 0 0 2070431649 281801 0 861817921
k13 v71 0 0 2070431649 281802 0 3421268228
k13 v77 0 0 2070431650 281803 0 1591790328
k9 v7 0 0 2070431649 281804 0 3915990159
k9 v9 0 0 2070431647 281805 0 4227869851
k0 v72 0 0 2070431645 281806 0 722046191
k3 v10 0 0 2070431650 281807 0 664792574
k8 v78 0 0 2070431650 281808 0 3183302750
k17 v89 0 0 2070431650 281809 0 4055779240
k0 v63 0 0 2070431650 281810 0 3652707233
k18 v59 0 0 2070431648 281811 0 585825722
k9 v46 0 0 2070431650 281812 0 3204839859
k4 v60 0 0 2070431650 281813 0 1567579195
k12 v42 0 0 2070431650 281814 0 3682897440
k19 v78 0 0 2070431650 281815 0 2563303335
k10 v62 0 0 2070431648 281816 0 612250048
k10 v56 0 0 2070431650 281817 0 3423102669
k10 v40 0 0 2070431648 281818 0 2499242943
k2 v74 0 0 2070431648 281819 0 1608753658
k17 v48 0 0 2070431650 281820 0 1905532420
k7 v75 0 0 2070431650 281821 0 2947213916
k18 v4 0 0 2070431650 281822 0 1726833035
k7 v54 0 0 2070431649 281823 0 336313741
k18 v17 0 0 2070431650 281824 0 2453993356
k8 v55 0 0 2070431650 281825 0 1493366189
k4 v95 0 0 2070431650 281826 0 1170295062
k14 v32 0 0 2070431650 281827 0 1992464280
k8 v17 0 0 2070431650 281828 0 882637271
k2 v8 0 0 2070431650 281829 0 2882738853
k5 v18 0 0 2070431650 281830 0 445211048
k3 v12 0 0 2070431650 281831 0 3108864685
k2 v89 0 0 2070431650 281832 0 2169055786
k15 v65 0 0 2070431650 281833 0 3833131977
k4 v11 0 0 2070431650 281834 0 489333644
k16 v34 0 0 2070431642 281835 0 2044576303
k19 v81 0 0 2070431650 281836 0 80216784
k12 v68 0 0 2070431651 281837 0 2354489424
k3 v28 0 0 2070431650 281838 0 1149508409
k15 v85 0 0 2070431651 281839 0 32642925
k13 v76 0 0 2070431651 281840 0 3674802751
k3 v8 0 0 2070431650 281841 0 1890552031
k13 v27 0 0 2070431650 281842 0 3453080640
k4 v18 0 0 2070431651 281843 0 1664274084
k9 v36 0 0 2070431650 281844 0 2255690374
k1 v8 0 0 2070431650 281845 0 982746203
k9 v62 0 0 2070431650 281846 0 2005603448
k3 v59 0 0 2070431651 281847 0 108637427
k18 v47 0 0 2070431650 281848 0 3076473623
k17 v52 0 0 2070431650 281849 0 1813314143
k0 v92 0 0 2070431650 281850 0 4157406997
k17 v32 0 0 2070431651 281851 0 2677546808
k14 v15 0 0 2070431651 281852 0 3352351272
k19 v90 0 0 2070431650 281853 0 2274308863
k5 v79 0 0 2070431651 281854 0 630777344
k14 v92 0 0 2070431650 281855 0 2156784532
k4 v47 0 0 2070431650 281856 0 579970892
k8 v67 0 0 2070431651 281857 0 318862683
k17 v59 0 0 2070431650 281858 0 1186937425
k2 v47 0 0 2070431651 281859 0 2221525351
k13 v24 0 0 2070431651 281860 0 2673881080
k16 v7 0 0 2070431651 281861 0 3799558976
k9 v65 0 0 2070431650 281862 0 4045906817
k18 v15 0 0 2070431651 281863 0 3697852293
k5 v0 0 0 2070431651 281864 0 769401944
k1 v34 0 0 2070431651 281865 0 2586954397
k5 v94 0 0 2070431651 281866 0 1886793926
k13 v78 0 0 2070431651 281867 0 2385773553
k2 v87 0 0 2070431651 281868 0 2822720434
k11 v20 0 0 2070431650 281869 0 561228959
k1 v40 0 0 2070431651 281870 0 3247323630
k7 v67 0 0 2070431651 281871 0 819977531
k13 v47 0 0 2070431651 281872 0 4110446401
k18 v77 0 0 2070431651 281873 0 3780749048
k19 v29 0 0 2070431651 281874 0 2712671913
k12 v96 0 0 2070431651 281875 0 3968116295
k7 v63 0 0 2070431651 281876 0 829661349
k14 v81 0 0 2070431651 281877 0 1306956722
k17 v19 0 0 2070431651 281878 0 2607344154
k16 v72 0 0 2070431651 281879 0 3712986929
k2 v49 0 0 2070431651 281880 0 1150003738
k14 v2 0 0 2070431651 281881 0 3980173269
k11 v64 0 0 2070431651 281882 0 1487386402
k19 v6 0 0 2070431651 281883 0 1663944654
k12 v10 0 0 2070431651 281884 0 1595032728
k17 v46 0 0 2070431651 281885 0 3559269486
k16 v84 0 0 2070431651 281886 0 2579359288
k12 v9 0 0 2070431651 281887 0 4226152875
k16 v99 0 0 2070431645 281888 0 3179566140
k1 v10 0 0 2070431651 281889 0 2519941823
k9 v70 0 0 2070431650 281890 0 2082330047
k18 v34 0 0 2070431651 281891 0 1688313857
k2 v62 0 0 2070431651 281892 0 2714319018
k6 v15 0 0 2070431651 281893 0 808290483
k19 v19 0 0 2070431650 281894 0 479902174
k15 v6 0 0 2070431651 281895 0 3512188799
k13 v99 0 0 2070431651 281896 0 719012475
k18 v71 0 0 2070431651 281897 0 193516323
k15 v79 0 0 2070431651 281898 0 2321355071
k0 v10 0 0 2070431651 281899 0 209896028
k17 v56 0 0 2070431651 281900 0 2149868904
k17 v20 0 0 2070431651 281901 0 1962626980
k1 v3 0 0 2070431651 281902 0 884950723
k9 v57 0 0 2070431651 281903 0 695696870
k12 v15 0 0 2070431651 281904 0 3258425946
k18 v93 0 0 2070431651 281905 0 2547160951
k2 v17 0 0 2070431651 281906 0 816183043
k15 v22 0 0 2070431651 281907 0 100224327
k16 v28 0 0 2070431651 281908 0 2744240267
k19 v4 0 0 2070431651 281909 0 3852693269
k6 v12 0 0 2070431651 281910 0 1290488638
k9 v92 0 0 2070431651 281911 0 100837505
k7 v17 0 0 2070431651 281912 0 3458470775
k14 v79 0 0 2070431651 281913 0 1148523773
k6 v38 0 0 2070431651 281914 0 2606116729
k18 v20 0 0 2070431651 281915 0 1733638943
k15 v90 0 0 2070431651 281916 0 2298669864
k16 v56 0 0 2070431651 281917 0 1439986508
k1 v48 0 0 2070431651 281918 0 683507331
k18 v55 0 0 2070431650 281919 0 1160192714
k3 v26 0 0 2070431651 281920 0 3765557146
k4 v0 0 0 2070431651 281921 0 4164320100
k15 v34 0 0 2070431651 281922 0 1626567463
k7 v99 0 0 2070431651 281923 0 3916684926
k4 v54 0 0 2070431651 281924 0 1368226532
k10 v82 0 0 2070431652 281925 0 3772628740
k8 v5 0 0 2070431651 281926 0 2032109756
k11 v69 0 0 2070431651 281927 0 648718201
k14 v78 0 0 2070431652 281928 0 1311723466
k18 v14 0 0 2070431651 281929 0 4233470960
k0 v42 0 0 2070431651 281930 0 797338127
k16 v79 0 0 2070431651 281931 0 2555474424
k8 v73 0 0 2070431652 281932 0 2382362093
k2 v20 0 0 2070431652 281933 0 1531027084
k5 v44 0 0 2070431652 281934 0 3664346746
k3 v13 0 0 2070431651 281935 0 3427801876
k16 v51 0 0 2070431652 281936 0 545273619
k18 v56 0 0 2070431652 281937 0 900501917
k6 v48 0 0 2070431651 281938 0 1568682563
k17 v18 0 0 2070431652 281939 0 3593349191
k6 v51 0 0 2070431652 281940 0 2046805831
k1 v26 0 0 2070431651 281941 0 275859840
k10 v40 0 0 2070431651 281942 0 3629853139
k9 v86 0 0 2070431652 281943 0 1833396172
k16 v58 0 0 2070431652 281944 0 4014321376
k17 v70 0 0 2070431652 281945 0 338862778
k2 v26 0 0 2070431652 281946 0 2807751065
k6 v0 0 0 2070431651 281947 0 2226219472
k4 v49 0 0 2070431652 281948 0 1588710282
k14 v45 0 0 2070431652 281949 0 2666956407
k2 v99 0 0 2070431652 281950 0 3534870428
k0 v73 0 0 2070431652 281951 0 2733021626
k8 v73 0 0 2070431652 281952 0 2305984863
k3 v21 0 0 2070431652 281953 0 2715300780
k17 v1 0 0 2070431652 281954 0 946960591
k7 v44 0 0 2070431652 281955 0 711581792
k3 v38 0 0 2070431652 281956 0 3150555523
k13 v61 0 0 2070431652 281957 0 3710366532
k1 v9 0 0 2070431652 281958 0 285330303
k1 v61 0 0 2070431652 281959 0 2757233780
k0 v47 0 0 2070431652 281960 0 2353561368
k2 v23 0 0 2070431651 281961 0 1318745292
k14 v4 0 0 2070431651 281962 0 4027587500
k0 v51 0 0 2070431652 281963 0 3164353168
k4 v28 0 0 2070431652 281964 0 1658482280
k14 v80 0 0 2070431652 281965 0 759611591
k9 v39 0 0 2070431652 281966 0 835173459
k10 v89 0 0 2070431652 281967 0 3885035042
k4 v15 0 0 2070431652 281968 0 52471082
k1 v19 0 0 2070431652 281969 0 1378017991
k11 v89 0 0 2070431650 281970 0 1883635579
k17 v39 0 0 2070431652 281971 0 2556244136
k7 v65 0 0 2070431652 281972 0 3876559090
k6 v68 0 0 2070431652 281973 0 3543549386
k4 v45 0 0 2070431652 281974 0 594806580
k14 v73 0 0 2070431652 281975 0 3476580372
k4 v39 0 0 2070431652 281976 0 2878594565
k19 v23 0 0 2070431652 281977 0 3954935250
k19 v50 0 0 2070431652 281978 0 2859291279
k7 v26 0 0 2070431652 281979 0 3114993736
k7 v53 0 0 2070431652 281980 0 559456891
k2 v13 0 0 2070431652 281981 0 2979388614
k4 v25 0 0 2070431652 281982 0 2286936649
k15 v62 0 0 2070431652 281983 0 4092648099
k5 v66 0 0 2070431652 281984 0 4164347498
k1 v45 0 0 2070431652 281985 0 2853976591
k9 v17 0 0 2070431652 281986 0 3328564035
k11 v34 0 0 2070431652 281987 0 2663425220
k6 v50 0 0 2070431652 281988 0 3713765229
k14 v60 0 0 2070431652 281989 0 1487056497
k3 v54 0 0 2070431652 281990 0 3246575436
k1 v84 0 0 2070431652 281991 0 2648613815
k9 v90 0 0 2070431651 281992 0 3925007478
k19 v33 0 0 2070431652 281993 0 445902402
k6 v4 0 0 2070431652 281994 0 1730561530
k9 v64 0 0 2070431652 281995 0 717498661
k17 v18 0 0 2070431652 281996 0 1545711966
k5 v97 0 0 2070431652 281997 0 4222315510
k7 v37 0 0 2070431652 281998 0 1351855323
k11 v50 0 0 2070431652 281999 0 3109096930
k7 v30 0 0 2070431652 282000 0 1282903701
k2 v1 0 0 2070431652 282001 0 1476656245
k7 v29 0 0 2070431652 282002 0 422019709
k4 v9 0 0 2070431652 282003 0 2233406149
k11 v23 0 0 2070431652 282004 0 4291344104
k11 v7 0 0 2070431652 282005 0 3957029226
k17 v89 0 0 2070431652 282006 0 3054964261
k8 v66 0 0 2070431651 282007 0 4072267465
k13 v7 0 0 2070431652 282008 0 1881525927
k10 v64 0 0 2070431652 282009 0 581468249
k16 v76 0 0 2070431652 282010 0 1249302095
k10 v80 0 0 2070431652 282011 0 1989248911
k14 v6 0 0 2070431652 282012 0 2343979292
k1 v97 0 0 2070431652 282013 0 2871028611
k6 v83 0 0 2070431652 282014 0 1139739949
k3 v82 0 0 2070431652 282015 0 2763803757
k6 v4 0 0 2070431652 282016 0 1638613914
k1 v73 0 0 2070431652 282017 0 1382959470
k16 v2 0 0 2070431652 282018 0 300188495
k14 v34 0 0 2070431652 282019 0 2920664280
k9 v51 0 0 2070431652 282020 0 836392231
k15 v6 0 0 2070431652 282021 0 3052781638
k19 v85 0 0 2070431652 282022 0 4021949432
k16 v70 0 0 2070431652 282023 0 3879642624
k15 v28 0 0 2070431652 282024 0 3462551661
k6 v21 0 0 2070431651 282025 0 3720739665
k5 v93 0 0 2070431652 282026 0 2594204501
k10 v81 0 0 2070431652 282027 0 1206560022
k11 v68 0 0 2070431652 282028 0 1886564937
k2 v51 0 0 2070431652 282029 0 2521076853
k1 v56 0 0 2070431652 282030 0 3521501861
k1 v24 0 0 2070431652 282031 0 1809259312
k13 v26 0 0 2070431652 282032 0 1841867969
k6 v77 0 0 2070431652 282033 0 231877619
k8 v29 0 0 2070431652 282034 0 993738794
k18 v82 0 0 2070431652 282035 0 3675169615
k10 v89 0 0 2070431652 282036 0 3269994706
k19 v59 0 0 2070431652 282037 0 3907534386
k9 v95 0 0 2070431652 282038 0 2166838156
k2 v93 0 0 2070431652 282039 0 1782809859
k6 v71 0 0 2070431652 282040 0 2811491168
k12 v71 0 0 2070431652 282041 0 3032359653
k3 v24 0 0 2070431652 282042 0 2820902303
k5 v63 0 0 2070431652 282043 0 2941217932
k1 v97 0 0 2070431652 282044 0 3802808239
k7 v73 0 0 2070431652 282045 0 2337905533
k9 v18 0 0 2070431652 282046 0 2303223644
k1 v85 0 0 2070431652 282047 0 2626918782
k11 v8 0 0 2070431652 282048 0 635690970
k16 v63 0 0 2070431652 282049 0 691010668
k19 v14 0 0 2070431652 282050 0 126670417
k17 v12 0 0 2070431651 282051 0 4182264954
k1 v13 0 0 2070431651 282052 0 1352800210
k1 v85 0 0 2070431652 282053 0 4181538381
k2 v99 0 0 2070431652 282054 0 2356488130
k6 v15 0 0 2070431652 282055 0 1677099917
k5 v31 0 0 2070431652 282056 0 2484536151
k4 v57 0 0 2070431652 282057 0 1684095185
k15 v5 0 0 2070431652 282058 0 3469811776
k4 v30 0 0 2070431652 282059 0 3986411018
k0 v80 0 0 2070431652 282060 0 1622139164
k5 v50 0 0 2070431652 282061 0 1246369097
k12 v22 0 0 2070431652 282062 0 3197988775
k12 v87 0 0 2070431652 282063 0 1295681266
k7 v74 0 0 2070431652 282064 0 1887623361
k4 v10 0 0 2070431652 282065 0 2813083170
k13 v77 0 0 2070431653 282066 0 729880531
k0 v20 0 0 2070431653 282067 0 577929038
k1 v73 0 0 2070431653 282068 0 471024570
k12 v35 0 0 2070431652 282069 0 603427681
k1 v57 0 0 2070431653 282070 0 2132887969
k12 v34 0 0 2070431653 282071 0 1126254726
k14 v27 0 0 2070431653 282072 0 3048580971
k16 v80 0 0 2070431653 282073 0 1632299867
k5 v40 0 0 2070431653 282074 0 1703872571
k11 v41 0 0 2070431653 282075 0 331735800
k18 v46 0 0 2070431653 282076 0 1114029658
k5 v74 0 0 2070431653 282077 0 2068918850
k5 v6 0 0 2070431653 282078 0 3300510196
k1 v93 0 0 2070431653 282079 0 3607434364
k16 v46 0 0 2070431653 282080 0 4061360061
k13 v87 0 0 2070431653 282081 0 575349552
k1 v40 0 0 2070431652 282082 0 4101982605
k15 v51 0 0 2070431653 282083 0 3510968398
k3 v75 0 0 2070431651 282084 0 2443733245
k16 v39 0 0 2070431653 282085 0 2585554305
k0 v42 0 0 2070431653 282086 0 218370127
k17 v12 0 0 2070431653 282087 0 3857678290
k13 v82 0 0 2070431653 282088 0 3624093798
k18 v94 0 0 2070431653 282089 0 2898074999
k1 v97 0 0 2070431652 282090 0 2384357880
k2 v36 0 0 2070431653 282091 0 2300269143
k6 v22 0 0 2070431653 282092 0 1935526080
k4 v37 0 0 2070431653 282093 0 864057833
k7 v35 0 0 2070431653 282094 0 3236602015
k5 v1 0 0 2070431653 282095 0 2597141536
k7 v61 0 0 2070431653 282096 0 823307873
k7 v51 0 0 2070431653 282097 0 1394023875
k0 v72 0 0 2070431653 282098 0 3915109653
k9 v99 0 0 2070431650 282099 0 79224205
k18 v70 0 0 2070431653 282100 0 1458730762
k16 v47 0 0 2070431653 282101 0 952128359
k13 v12 0 0 2070431653 282102 0 778771673
k14 v46 0 0 2070431653 282103 0 2181552458
k15 v28 0 0 2070431652 282104 0 1968892774
k5 v98 0 0 2070431652 282105 0 952570085
k2 v39 0 0 2070431653 282106 0 229173339
k12 v52 0 0 2070431652 282107 0 373032557
k16 v96 0 0 2070431653 282108 0 615800123
k16 v59 0 0 2070431653 282109 0 1983582614
k2 v6 0 0 2070431653 282110 0 3582486123
k14 v76 0 0 2070431652 282111 0 105337730
k10 v66 0 0 2070431652 282112 0 3001819724
k17 v80 0 0 2070431653 282113 0 1174936152
k5 v67 0 0 2070431653 282114 0 3695096834
k11 v32 0 0 2070431653 282115 0 1773810365
k6 v72 0 0 2070431653 282116 0 750631996
k10 v99 0 0 2070431653 282117 0 867903896
k15 v1 0 0 2070431653 282118 0 4079158334
k16 v94 0 0 2070431653 282119 0 4137906369
k7 v16 0 0 2070431653 282120 0 1526899112
k10 v63 0 0 2070431653 282121 0 2091327319
k5 v76 0 0 2070431653 282122 0 1923028229
k6 v33 0 0 2070431653 282123 0 605211101
k9 v38 0 0 2070431653 282124 0 790700010
k3 v19 0 0 2070431653 282125 0 1521910879
k8 v77 0 0 2070431653 282126 0 3892503334
k4 v81 0 0 2070431653 282127 0 969548329
k0 v6 0 0 2070431651 282128 0 1935842503
k6 v13 0 0 2070431653 282129 0 976822314
k17 v39 0 0 2070431653 282130 0 3371301780
k4 v40 0 0 2070431653 282131 0 1010751763
k8 v62 0 0 2070431652 282132 0 4116061962
k6 v87 0 0 2070431652 282133 0 4185637816
k10 v71 0 0 2070431653 282134 0 1426486327
k15 v45 0 0 2070431653 282135 0 3804325771
k14 v3 0 0 2070431653 282136 0 3015896978
k1 v81 0 0 2070431653 282137 0 2737242969
k2 v87 0 0 2070431653 282138 0 3598302078
k6 v3 0 0 2070431653 282139 0 1894074963
k9 v27 0 0 2070431653 282140 0 2894419427
k18 v95 0 0 2070431653 282141 0 2963616312
k12 v69 0 0 2070431653 282142 0 3917759473
k14 v89 0 0 2070431653 282143 0 3466202234
k10 v65 0 0 2070431653 282144 0 2172521077
k7 v55 0 0 2070431653 282145 0 2678612014
k11 v41 0 0 2070431653 282146 0 2182244359
k0 v70 0 0 2070431653 282147 0 342444896
k16 v79 0 0 2070431653 282148 0 2364377462
k1 v83 0 0 2070431653 282149 0 4062531294
k1 v86 0 0 2070431653 282150 0 162484159
k1 v73 0 0 2070431653 282151 0 1999315407
k8 v98 0 0 2070431653 282152 0 644959286
k1 v17 0 0 2070431653 282153 0 4258115026
k18 v43 0 0 2070431652 282154 0 742965074
k3 v55 0 0 2070431653 282155 0 2654382986
k12 v67 0 0 2070431651 282156 0 3623330008
k11 v59 0 0 2070431653 282157 0 2563401309
k7 v83 0 0 2070431653 282158 0 121006034
k1 v2 0 0 2070431653 282159 0 1960195047
k16 v90 0 0 2070431653 282160 0 1824732756
k1 v26 0 0 2070431653 282161 0 3552889004
k18 v16 0 0 2070431653 282162 0 307753257
k1 v87 0 0 2070431653 282163 0 1168349539
k0 v15 0 0 2070431653 282164 0 3782678804
k9 v18 0 0 2070431653 282165 0 3589768970
k5 v93 0 0 2070431653 282166 0 3921650802
k2 v61 0 0 2070431653 282167 0 13038655
k5 v23 0 0 2070431653 282168 0 701497961
k5 v54 0 0 2070431653 282169 0 3093828579
k3 v88 0 0 2070431653 282170 0 4265935711
k18 v83 0 0 2070431653 282171 0 2837090858
k18 v71 0 0 2070431653 282172 0 82589771
k0 v40 0 0 2070431653 282173 0 157135582
k18 v1 0 0 2070431653 282174 0 2849105472
k17 v95 0 0 2070431653 282175 0 2693763821
k1 v13 0 0 2070431653 282176 0 3453183648
k8 v75 0 0 2070431653 282177 0 1025271296
k10 v58 0 0 2070431652 282178 0 778600432
k2 v58 0 0 2070431652 282179 0 3499088911
k16 v23 0 0 2070431653 282180 0 2534989057
k19 v71 0 0 2070431653 282181 0 3220096609
k3 v21 0 0 2070431653 282182 0 4272276255
k2 v74 0 0 2070431653 282183 0 3664007088
k8 v26 0 0 2070431653 282184 0 1072150545
k12 v2 0 0 2070431653 282185 0 2200711798
k11 v37 0 0 2070431653 282186 0 1724680942
k16 v2 0 0 2070431653 282187 0 3988505588
k12 v63 0 0 2070431653 282188 0 1298461217
k10 v48 0 0 2070431652 282189 0 2750777874
k0 v23 0 0 2070431653 282190 0 1903854619
k8 v49 0 0 2070431653 282191 0 3387970436
k14 v35 0 0 2070431654 282192 0 1480986895
k16 v40 0 0 2070431653 282193 0 3831737593
k6 v62 0 0 2070431653 282194 0 2403470488
k2 v25 0 0 2070431653 282195 0 1706573410
k2 v91 0 0 2070431653 282196 0 1586761069
k4 v84 0 0 2070431654 282197 0 349181134
k6 v43 0 0 2070431653 282198 0 2723445167
k2 v94 0 0 2070431654 282199 0 4165191844
k19 v39 0 0 2070431653 282200 0 896654207
k0 v86 0 0 2070431654 282201 0 2507993142
k13 v97 0 0 2070431654 282202 0 946037575
k3 v53 0 0 2070431653 282203 0 1479671004
k16 v2 0 0 2070431654 282204 0 3505743736
k7 v75 0 0 2070431654 282205 0 1679126392
k17 v17 0 0 2070431653 282206 0 1935935423
k10 v6 0 0 2070431654 282207 0 3351545186
k2 v93 0 0 2070431654 282208 0 494455575
k1 v63 0 0 2070431653 282209 0 878069084
k10 v12 0 0 2070431654 282210 0 1930070950
k17 v25 0 0 2070431654 282211 0 2264008249
k0 v56 0 0 2070431654 282212 0 390219665
k14 v24 0 0 2070431654 282213 0 2806408896
k13 v17 0 0 2070431654 282214 0 1242146688
k5 v95 0 0 2070431654 282215 0 1536088598
k7 v47 0 0 2070431654 282216 0 4280984291
k12 v55 0 0 2070431654 282217 0 576744608
k0 v78 0 0 2070431654 282218 0 277996801
k15 v48 0 0 2070431654 282219 0 3822148787
k10 v28 0 0 2070431654 282220 0 1564940066
k17 v67 0 0 2070431654 282221 0 1552140887
k14 v96 0 0 2070431654 282222 0 674829505
k10 v83 0 0 2070431654 282223 0 2234439570
k5 v10 0 0 2070431654 282224 0 1319865447
k6 v83 0 0 2070431654 282225 0 886326073
k13 v44 0 0 2070431654 282226 0 1492365748
k1 v54 0 0 2070431654 282227 0 969839061
k9 v40 0 0 2070431654 282228 0 1876469499
k16 v33 0 0 2070431654 282229 0 3437741815
k10 v92 0 0 2070431654 282230 0 1434212030
k5 v24 0 0 2070431654 282231 0 133004207
k16 v12 0 0 2070431654 282232 0 2943504176
k19 v5 0 0 2070431654 282233 0 2687299893
k13 v49 0 0 2070431654 282234 0 3713449900
k0 v98 0 0 2070431654 282235 0 1970553746
k3 v30 0 0 2070431654 282236 0 1951528917
k12 v16 0 0 2070431654 282237 0 2629104063
k8 v39 0 0 2070431654 282238 0 1681018292
k9 v14 0 0 2070431654 282239 0 3033502193
k4 v25 0 0 2070431654 282240 0 3853356537
k7 v28 0 0 2070431654 282241 0 1006797608
k5 v92 0 0 2070431654 282242 0 4081068201
k5 v49 0 0 2070431654 282243 0 1895304387
k18 v71 0 0 2070431654 282244 0 1216382819
k19 v28 0 0 2070431654 282245 0 3212260903
k12 v93 0 0 2070431654 282246 0 2392330002
k15 v74 0 0 2070431654 282247 0 3551595742
k1 v42 0 0 2070431654 282248 0 2703421411
k9 v52 0 0 2070431654 282249 0 660217370
k11 v23 0 0 2070431654 282250 0 4043927563
k7 v68 0 0 2070431654 282251 0 792325540
k11 v91 0 0 2070431654 282252 0 1461579664
k0 v6 0 0 2070431654 282253 0 3482120707
k7 v17 0 0 2070431654 282254 0 1194782616
k6 v32 0 0 2070431654 282255 0 168879471
k11 v22 0 0 2070431654 282256 0 3258248395
k14 v77 0 0 2070431654 282257 0 3869884919
k7 v89 0 0 2070431654 282258 0 1213423899
k7 v90 0 0 2070431654 282259 0 909000240
k19 v90 0 0 2070431654 282260 0 45304619
k5 v84 0 0 2070431654 282261 0 3222319439
k14 v22 0 0 2070431654 282262 0 1060232401
k9 v84 0 0 2070431654 282263 0 4072878456
k5 v84 0 0 2070431654 282264 0 3177661706
k4 v20 0 0 2070431654 282265 0 2966715853
k16 v73 0 0 2070431654 282266 0 1586460255
k3 v39 0 0 2070431654 282267 0 2470308235
k14 v68 0 0 2070431654 282268 0 2150797534
k9 v84 0 0 2070431654 282269 0 137157106
k19 v76 0 0 2070431654 282270 0 1419620473
k13 v19 0 0 2070431654 282271 0 705389584
k11 v13 0 0 2070431654 282272 0 3148170244
k8 v21 0 0 2070431654 282273 0 2194565519
k19 v47 0 0 2070431654 282274 0 780717272
k18 v55 0 0 2070431654 282275 0 4193575519
k14 v66 0 0 2070431654 282276 0 109812736
k7 v1 0 0 2070431654 282277 0 754547642
k17 v69 0 0 2070431654 282278 0 2457008274
k19 v67 0 0 2070431654 282279 0 2145563624
k18 v52 0 0 2070431654 282280 0 1855715252
k19 v65 0 0 2070431654 282281 0 1990789201
k16 v14 0 0 2070431654 282282 0 654589188
k13 v54 0 0 2070431654 282283 0 3083420601
k15 v74 0 0 2070431654 282284 0 4052133497
k4 v43 0 0 2070431654 282285 0 3822983371
k10 v15 0 0 2070431654 282286 0 3418730812
k15 v23 0 0 2070431654 282287 0 3066876940
k5 v8 0 0 2070431653 282288 0 2081688869
k1 v2 0 0 2070431654 282289 0 1685980739
k12 v0 0 0 2070431654 282290 0 757562495
k9 v11 0 0 2070431654 282291 0 1510690352
k16 v35 0 0 2070431653 282292 0 2912969745
k5 v51 0 0 2070431653 282293 0 1894040485
k16 v48 0 0 2070431654 282294 0 780749435
k8 v34 0 0 2070431654 282295 0 1784328322
k8 v46 0 0 2070431654 282296 0 3797816213
k17 v79 0 0 2070431653 282297 0 2322285520
k16 v14 0 0 2070431654 282298 0 3693723577
k1 v99 0 0 2070431653 282299 0 545739203
k6 v60 0 0 2070431654 282300 0 2398962957
k11 v54 0 0 2070431653 282301 0 3557018902
k2 v19 0 0 2070431654 282302 0 768404912
k7 v8 0 0 2070431654 282303 0 232399530
k12 v10 0 0 2070431654 282304 0 2302731925
k17 v8 0 0 2070431654 282305 0 829420962
k0 v94 0 0 2070431654 282306 0 932574342
k5 v19 0 0 2070431654 282307 0 637698395
k0 v91 0 0 2070431654 282308 0 2191264023
k11 v28 0 0 2070431654 282309 0 2899244468
k16 v44 0 0 2070431654 282310 0 796689481
k17 v44 0 0 2070431654 282311 0 2903793628
k5 v66 0 0 2070431654 282312 0 1339025744
k11 v34 0 0 2070431654 282313 0 454019452
k2 v64 0 0 2070431654 282314 0 2783092980
k18 v56 0 0 2070431653 282315 0 3769220443
k8 v92 0 0 2070431653 282316 0 3087550811
k6 v71 0 0 2070431654 282317 0 985858341
k14 v57 0 0 2070431654 282318 0 977277948
k4 v79 0 0 2070431654 282319 0 3557632496
k18 v72 0 0 2070431653 282320 0 900799843
k11 v59 0 0 2070431654 282321 0 1796413132
k16 v73 0 0 2070431655 282322 0 1241283708
k3 v26 0 0 2070431654 282323 0 2879459465
k9 v53 0 0 2070431655 282324 0 2265464920
k3 v35 0 0 2070431654 282325 0 3448273243
k0 v67 0 0 2070431655 282326 0 453501586
k3 v92 0 0 2070431655 282327 0 325498335
k1 v50 0 0 2070431655 282328 0 2225930680
k16 v31 0 0 2070431655 282329 0 1916786560
k1 v88 0 0 2070431655 282330 0 2025634150
k16 v99 0 0 2070431655 282331 0 3888769286
k16 v61 0 0 2070431654 282332 0 3514885063
k18 v99 0 0 2070431655 282333 0 948746968
k13 v26 0 0 2070431655 282334 0 602058160
k18 v31 0 0 2070431655 282335 0 842777575
k3 v20 0 0 2070431655 282336 0 2677871536
k16 v96 0 0 2070431655 282337 0 3440131745
k4 v14 0 0 2070431655 282338 0 1112854314
k10 v24 0 0 2070431655 282339 0 711433292
k9 v61 0 0 2070431655 282340 0 1446579585
k9 v24 0 0 2070431655 282341 0 1985079396
k7 v7 0 0 2070431655 282342 0 2751318920
k12 v85 0 0 2070431655 282343 0 2617279207
k15 v36 0 0 2070431655 282344 0 1421691601
k17 v78 0 0 2070431655 282345 0 2872174501
k7 v12 0 0 2070431655 282346 0 727601353
k4 v14 0 0 2070431655 282347 0 3229861216
k5 v19 0 0 2070431655 282348 0 1782134230
k8 v58 0 0 2070431655 282349 0 2670342923
k3 v44 0 0 2070431654 282350 0 3106940549
k0 v36 0 0 2070431655 282351 0 3108888243
k11 v97 0 0 2070431655 282352 0 2804422078
k4 v89 0 0 2070431655 282353 0 2840913430
k14 v29 0 0 2070431655 282354 0 759773581
k2 v60 0 0 2070431653 282355 0 4292401961
k17 v90 0 0 2070431654 282356 0 56624333
k1 v11 0 0 2070431654 282357 0 3176019089
k7 v81 0 0 2070431655 282358 0 2711539794
k18 v44 0 0 2070431655 282359 0 3631130142
k3 v65 0 0 2070431655 282360 0 4135559801
k6 v65 0 0 2070431655 282361 0 1951127679
k7 v38 0 0 2070431655 282362 0 4284997856
k4 v43 0 0 2070431655 282363 0 3406624188
k19 v48 0 0 2070431655 282364 0 667136309
k16 v59 0 0 2070431655 282365 0 2993021732
k16 v7 0 0 2070431655 282366 0 3117600428
k9 v73 0 0 2070431655 282367 0 1340652090
k0 v75 0 0 2070431655 282368 0 3617166034
k9 v67 0 0 2070431655 282369 0 6094707
k0 v10 0 0 2070431655 282370 0 3275073332
k16 v98 0 0 2070431655 282371 0 2242345628
k7 v74 0 0 2070431655 282372 0 1063957383
k1 v78 0 0 2070431655 282373 0 411946327
k9 v97 0 0 2070431655 282374 0 4163200039
k6 v10 0 0 2070431655 282375 0 1401430283
k16 v41 0 0 2070431655 282376 0 2592837628
k3 v62 0 0 2070431655 282377 0 1505294362
k2 v3 0 0 2070431655 282378 0 1580237250
k10 v78 0 0 2070431655 282379 0 1937477214
k17 v57 0 0 2070431655 282380 0 1191680984
k17 v88 0 0 2070431655 282381 0 2320651499
k16 v16 0 0 2070431655 282382 0 2581343347
k16 v3 0 0 2070431655 282383 0 2161573050
k7 v63 0 0 2070431655 282384 0 485652017
k19 v62 0 0 2070431655 282385 0 2274823229
k3 v53 0 0 2070431654 282386 0 2569811805
k6 v17 0 0 2070431655 282387 0 2342953511
k2 v77 0 0 2070431655 282388 0 4200536765
k9 v12 0 0 2070431655 282389 0 1219462206
k15 v69 0 0 2070431655 282390 0 3384142722
k12 v28 0 0 2070431655 282391 0 3515448720
k12 v57 0 0 2070431655 282392 0 4024227882
k17 v15 0 0 2070431655 282393 0 3051343899
k13 v54 0 0 2070431655 282394 0 2371672242
k8 v95 0 0 2070431655 282395 0 3122521140
k2 v40 0 0 2070431654 282396 0 871266794
k8 v21 0 0 2070431655 282397 0 2552948346
k11 v8 0 0 2070431655 282398 0 894167678
k15 v19 0 0 2070431655 282399 0 1905317523
k15 v79 0 0 2070431655 282400 0 3295243050
k5 v86 0 0 2070431655 282401 0 3885163571
k5 v69 0 0 2070431655 282402 0 1676659553
k1 v3 0 0 2070431655 282403 0 472177525
k12 v54 0 0 2070431655 282404 0 2217292112
k11 v86 0 0 2070431655 282405 0 2311635443
k7 v24 0 0 2070431655 282406 0 1321066394
k14 v21 0 0 2070431655 282407 0 10700462
k6 v64 0 0 2070431655 282408 0 1504975995
k12 v22 0 0 2070431655 282409 0 3695400080
k0 v96 0 0 2070431655 282410 0 4223563676
k1 v3 0 0 2070431655 282411 0 802214848
k16 v63 0 0 2070431655 282412 0 1236760834
k14 v43 0 0 2070431655 282413 0 1509858007
k19 v28 0 0 2070431655 282414 0 1231461071
k17 v86 0 0 2070431655 282415 0 1707137470
k7 v4 0 0 2070431655 282416 0 4079270164
k16 v97 0 0 2070431655 282417 0 909699376
k1 v28 0 0 2070431655 282418 0 4009809842
k12 v58 0 0 2070431655 282419 0 3815971009
k0 v94 0 0 2070431655 282420 0 859225929
k4 v0 0 0 2070431655 282421 0 3384203155
k19 v65 0 0 2070431655 282422 0 3117580550
k16 v16 0 0 2070431655 282423 0 277323869
k9 v29 0 0 2070431655 282424 0 606953095
k16 v66 0 0 2070431655 282425 0 792363395
k10 v7 0 0 2070431655 282426 0 1375536201
k8 v79 0 0 2070431655 282427 0 424698037
k11 v13 0 0 2070431656 282428 0 550450884
k8 v56 0 0 2070431656 282429 0 2433170308
k19 v81 0 0 2070431656 282430 0 2576050617
k14 v95 0 0 2070431656 282431 0 3392223326
k5 v62 0 0 2070431656 282432 0 3713329571
k16 v57 0 0 2070431656 282433 0 3897881204
k16 v0 0 0 2070431656 282434 0 2134112012
k7 v33 0 0 2070431656 282435 0 2546405614
k19 v7 0 0 2070431656 282436 0 1893411677
k17 v28 0 0 2070431656 282437 0 36907997
k2 v36 0 0 2070431656 282438 0 2462905851
k3 v41 0 0 2070431656 282439 0 2550599333
k13 v11 0 0 2070431656 282440 0 3418580251
k12 v76 0 0 2070431656 282441 0 1590828507
k4 v95 0 0 2070431656 282442 0 3996728399
k19 v34 0 0 2070431656 282443 0 3264182133
k8 v69 0 0 2070431656 282444 0 665177017
k17 v78 0 0 2070431656 282445 0 3093944575
k8 v33 0 0 2070431656 282446 0 3483733536
k2 v57 0 0 2070431656 282447 0 2202124593
k15 v16 0 0 2070431656 282448 0 261372922
k0 v55 0 0 2070431656 282449 0 983189978
k3 v99 0 0 2070431656 282450 0 2017628607
k18 v66 0 0 2070431656 282451 0 770008253
k1 v23 0 0 2070431656 282452 0 2921007999
k4 v91 0 0 2070431656 282453 0 3087895648
k6 v26 0 0 2070431656 282454 0 2775770184
k10 v82 0 0 2070431656 282455 0 3557950838
k2 v68 0 0 2070431656 282456 0 2618910853
k3 v69 0 0 2070431656 282457 0 2065074262
k15 v77 0 0 2070431656 282458 0 2634837837
k9 v23 0 0 2070431656 282459 0 1297518994
k14 v47 0 0 2070431656 282460 0 3086889771
k10 v34 0 0 2070431656 282461 0 1761044587
k6 v76 0 0 2070431656 282462 0 2085452466
k15 v87 0 0 2070431656 282463 0 816547825
k14 v99 0 0 2070431656 282464 0 1656435483
k19 v16 0 0 2070431656 282465 0 3109778284
k8 v21 0 0 2070431656 282466 0 2570432348
k13 v91 0 0 2070431656 282467 0 2733911748
k19 v94 0 0 2070431656 282468 0 3821630171
k3 v74 0 0 2070431656 282469 0 3461914290
k3 v59 0 0 2070431656 282470 0 1288521756
k10 v10 0 0 2070431656 282471 0 3273451640
k10 v86 0 0 2070431656 282472 0 3594169478
k11 v31 0 0 2070431656 282473 0 3959052821
k4 v30 0 0 2070431656 282474 0 1352269188
k16 v97 0 0 2070431656 282475 0 2383212771
k18 v69 0 0 2070431656 282476 0 499078709
k14 v4 0 0 2070431656 282477 0 866791114
k9 v98 0 0 2070431656 282478 0 995583056
k16 v72 0 0 2070431656 282479 0 3673973568
k14 v58 0 0 2070431656 282480 0 1579543966
k16 v40 0 0 2070431656 282481 0 2829670938
k2 v76 0 0 2070431656 282482 0 1989146155
k8 v80 0 0 2070431656 282483 0 1250772318
k5 v71 0 0 2070431656 282484 0 3072880528
k7 v70 0 0 2070431656 282485 0 650294910
k14 v4 0 0 2070431656 282486 0 569202870
k2 v15 0 0 2070431656 282487 0 1382828642
k10 v25 0 0 2070431656 282488 0 1226196720
k9 v48 0 0 2070431656 282489 0 2176949375
k15 v87 0 0 2070431656 282490 0 282759951
k13 v69 0 0 2070431656 282491 0 775722979
k4 v64 0 0 2070431656 282492 0 3482524532
k3 v4 0 0 2070431656 282493 0 1382975498
k2 v58 0 0 2070431656 282494 0 3693834624
k18 v31 0 0 2070431656 282495 0 754219371
k2 v73 0 0 2070431656 282496 0 950765831
k5 v88 0 0 2070431656 282497 0 695088318
k12 v74 0 0 2070431656 282498 0 1292256077
k1 v43 0 0 2070431656 282499 0 2999463446
k10 v10 0 0 2070431656 282500 0 1744087257
k1 v75 0 0 2070431656 282501 0 843179970
k10 v28 0 0 2070431656 282502 0 3003620874
k5 v15 0 0 2070431656 282503 0 4128645397
k12 v44 0 0 2070431656 282504 0 767611464
k13 v69 0 0 2070431656 282505 0 4248636941
k6 v53 0 0 2070431656 282506 0 1801352451
k3 v69 0 0 2070431656 282507 0 3311480280
k8 v34 0 0 2070431656 282508 0 265800324
k11 v6 0 0 2070431657 282509 0 1563947894
k11 v33 0 0 2070431657 282510 0 2055365651
k5 v4 0 0 2070431657 282511 0 1756137035
k12 v90 0 0 2070431657 282512 0 1355709037
k0 v39 0 0 2070431657 282513 0 2544057453
k19 v13 0 0 2070431657 282514 0 4203995980
k14 v48 0 0 2070431657 282515 0 3343894065
k3 v33 0 0 2070431657 282516 0 3408154923
k5 v31 0 0 2070431657 282517 0 4114310300
k0 v78 0 0 2070431657 282518 0 63560283
k12 v25 0 0 2070431657 282519 0 3327981612
k14 v8 0 0 2070431657 282520 0 3707773174
k9 v72 0 0 2070431657 282521 0 479385223
k5 v18 0 0 2070431657 282522 0 2524103177
k6 v87 0 0 2070431657 282523 0 1060843708
k13 v8 0 0 2070431657 282524 0 3702905778
k16 v69 0 0 2070431657 282525 0 2839318970
k16 v7 0 0 2070431657 282526 0 3650436817
k18 v43 0 0 2070431657 282527 0 3316146983
k4 v34 0 0 2070431657 282528 0 3223125185
k7 v79 0 0 2070431657 282529 0 189462187
k11 v9 0 0 2070431657 282530 0 4063004231
k10 v89 0 0 2070431657 282531 0 4069998659
k4 v6 0 0 2070431657 282532 0 2648904618
k15 v31 0 0 2070431657 282533 0 2562274465
k1 v0 0 0 2070431657 282534 0 68410937
k18 v10 0 0 2070431657 282535 0 3570835837
k16 v11 0 0 2070431657 282536 0 2012215460
k8 v38 0 0 2070431657 282537 0 2509591911
k13 v90 0 0 2070431657 282538 0 852929629
k14 v40 0 0 2070431657 282539 0 4121267169
k4 v12 0 0 2070431657 282540 0 1823446739
k15 v80 0 0 2070431655 282541 0 3597596424
k5 v56 0 0 2070431654 282542 0 393344644
k1 v77 0 0 2070431657 282543 0 18504590
k17 v60 0 0 2070431657 282544 0 3613776745
k10 v61 0 0 2070431657 282545 0 3718269376
k4 v35 0 0 2070431657 282546 0 1064670907
k19 v8 0 0 2070431657 282547 0 1678121795
k10 v7 0 0 2070431657 282548 0 829044077
k7 v21 0 0 2070431657 282549 0 524278670
k3 v91 0 0 2070431657 282550 0 2442076406
k1 v34 0 0 2070431657 282551 0 2411600458
k7 v39 0 0 2070431657 282552 0 4278730078
k11 v90 0 0 2070431657 282553 0 943315661
k9 v47 0 0 2070431657 282554 0 876504763
k13 v47 0 0 2070431657 282555 0 3395323490
k9 v58 0 0 2070431657 282556 0 3847092102
k19 v79 0 0 2070431657 282557 0 2006957483
k18 v76 0 0 2070431655 282558 0 1439579372
k18 v45 0 0 2070431655 282559 0 2556609156
k10 v94 0 0 2070431655 282560 0 2263429543
k6 v22 0 0 2070431657 282561 0 3770163958
k15 v70 0 0 2070431657 282562 0 4042782966
k14 v75 0 0 2070431657 282563 0 1494610812
k8 v6 0 0 2070431657 282564 0 680575943
k1 v85 0 0 2070431657 282565 0 3525300676
k3 v9 0 0 2070431657 282566 0 3858913828
k7 v54 0 0 2070431657 282567 0 3226825769
k15 v31 0 0 2070431657 282568 0 2105945985
k3 v45 0 0 2070431657 282569 0 2755084524
k3 v12 0 0 2070431657 282570 0 407941156
k2 v65 0 0 2070431657 282571 0 312167290
k14 v79 0 0 2070431655 282572 0 3504312988
k9 v69 0 0 2070431653 282573 0 26042610
k6 v10 0 0 2070431657 282574 0 769476843
k8 v73 0 0 2070431655 282575 0 3255043975
k13 v42 0 0 2070431657 282576 0 3376665040
k12 v48 0 0 2070431657 282577 0 473868923
k9 v37 0 0 2070431655 282578 0 2966256892
k8 v86 0 0 2070431654 282579 0 3313768228
k3 v66 0 0 2070431657 282580 0 872847896
k7 v54 0 0 2070431654 282581 0 304019782
k8 v21 0 0 2070431657 282582 0 2211520681
k5 v56 0 0 2070431657 282583 0 2315204930
k2 v19 0 0 2070431657 282584 0 3730916273
k6 v63 0 0 2070431657 282585 0 4191483141
k0 v87 0 0 2070431657 282586 0 2719036245
k1 v78 0 0 2070431655 282587 0 1389760690
k17 v46 0 0 2070431655 282588 0 1342764756
k5 v60 0 0 2070431658 282589 0 1426971730
k17 v47 0 0 2070431657 282590 0 3192990416
k13 v3 0 0 2070431657 282591 0 2682608494
k6 v49 0 0 2070431657 282592 0 75933878
k12 v3 0 0 2070431657 282593 0 3137035564
k8 v21 0 0 2070431657 282594 0 3561614616
k16 v23 0 0 2070431654 282595 0 1846205757
k5 v83 0 0 2070431657 282596 0 1980889468
k3 v67 0 0 2070431658 282597 0 3334622978
k9 v64 0 0 2070431657 282598 0 3673988196
k12 v30 0 0 2070431658 282599 0 2772428985
k10 v15 0 0 2070431655 282600 0 3494170827
k0 v87 0 0 2070431657 282601 0 4059454404
k16 v87 0 0 2070431654 282602 0 3019128009
k8 v40 0 0 2070431658 282603 0 3424043922
k1 v62 0 0 2070431658 282604 0 915901270
k18 v74 0 0 2070431658 282605 0 2782219513
k10 v26 0 0 2070431657 282606 0 277659417
k5 v68 0 0 2070431657 282607 0 2480130964
k6 v24 0 0 2070431658 282608 0 2051130778
k13 v65 0 0 2070431658 282609 0 2239873334
k4 v83 0 0 2070431657 282610 0 2812168824
k14 v1 0 0 2070431658 282611 0 4118085464
k16 v59 0 0 2070431658 282612 0 1420854917
k13 v47 0 0 2070431658 282613 0 1353069690
k14 v53 0 0 2070431658 282614 0 3093910228
k1 v4 0 0 2070431658 282615 0 2616487181
k13 v5 0 0 2070431658 282616 0 2432810118
k12 v23 0 0 2070431657 282617 0 3460949913
k10 v43 0 0 2070431658 282618 0 2337947605
k2 v8 0 0 2070431658 282619 0 3708793514
k2 v83 0 0 2070431658 282620 0 2436011255
k19 v1 0 0 2070431658 282621 0 100176065
k9 v90 0 0 2070431658 282622 0 3844817466
k16 v40 0 0 2070431658 282623 0 680224759
k16 v47 0 0 2070431658 282624 0 2257475491
k11 v84 0 0 2070431658 282625 0 1905180235
k12 v96 0 0 2070431658 282626 0 2035425703
k9 v21 0 0 2070431658 282627 0 2748778156
k15 v14 0 0 2070431658 282628 0 2119494525
k1 v83 0 0 2070431654 282629 0 1639580620
k14 v49 0 0 2070431658 282630 0 391012382
k11 v56 0 0 2070431654 282631 0 563150056
k13 v38 0 0 2070431658 282632 0 1598105388
k8 v48 0 0 2070431658 282633 0 1401662329
k15 v47 0 0 2070431658 282634 0 4054385833
k6 v53 0 0 2070431658 282635 0 1158292805
k1 v68 0 0 2070431658 282636 0 1374877619
k11 v65 0 0 2070431658 282637 0 4107436296
k0 v63 0 0 2070431658 282638 0 1718659985
k6 v20 0 0 2070431658 282639 0 804364763
k6 v7 0 0 2070431658 282640 0 708323369
k8 v90 0 0 2070431658 282641 0 1375242143
k10 v96 0 0 2070431658 282642 0 4096084984
k13 v57 0 0 2070431658 282643 0 3384243471
k11 v16 0 0 2070431658 282644 0 486412252
k15 v75 0 0 2070431658 282645 0 1546508034
k7 v99 0 0 2070431658 282646 0 2416256804
k1 v7 0 0 2070431658 282647 0 10518702
k13 v97 0 0 2070431658 282648 0 491299081
k17 v7 0 0 2070431657 282649 0 1595774338
k14 v12 0 0 2070431658 282650 0 2895249649
k0 v47 0 0 2070431658 282651 0 420906574
k9 v91 0 0 2070431658 282652 0 2231595001
k1 v75 0 0 2070431658 282653 0 25426551
k10 v16 0 0 2070431655 282654 0 491428590
k8 v90 0 0 2070431658 282655 0 878061740
k10 v59 0 0 2070431658 282656 0 3659503911
k8 v15 0 0 2070431655 282657 0 2468185750
k3 v27 0 0 2070431658 282658 0 1208746492
k19 v64 0 0 2070431658 282659 0 184723540
k12 v30 0 0 2070431658 282660 0 1830075171
k15 v23 0 0 2070431658 282661 0 851827864
k16 v31 0 0 2070431658 282662 0 974734196
k14 v24 0 0 2070431658 282663 0 2059727453
k18 v73 0 0 2070431658 282664 0 1493673881
k6 v95 0 0 2070431658 282665 0 4041832374
k9 v85 0 0 2070431658 282666 0 840858723
k14 v59 0 0 2070431658 282667 0 3240015788
k16 v78 0 0 2070431658 282668 0 716391089
k3 v15 0 0 2070431658 282669 0 3800136331
k7 v34 0 0 2070431658 282670 0 3011391581
k4 v89 0 0 2070431658 282671 0 876459289
k8 v25 0 0 2070431658 282672 0 234172815
k2 v19 0 0 2070431657 282673 0 2294889893
k16 v10 0 0 2070431658 282674 0 3961697534
k8 v34 0 0 2070431658 282675 0 3087605648
k1 v24 0 0 2070431658 282676 0 2536793663
k4 v65 0 0 2070431658 282677 0 1654531012
k0 v42 0 0 2070431658 282678 0 3772397942
k13 v11 0 0 2070431658 282679 0 2814687922
k3 v2 0 0 2070431658 282680 0 1126299282
k11 v65 0 0 2070431658 282681 0 2933770607
k15 v67 0 0 2070431658 282682 0 1331842483
k0 v62 0 0 2070431658 282683 0 3971393277
k10 v8 0 0 2070431659 282684 0 4016393976
k16 v59 0 0 2070431659 282685 0 3632933715
k16 v3 0 0 2070431658 282686 0 1367010588
k5 v69 0 0 2070431658 282687 0 562541510
k18 v18 0 0 2070431659 282688 0 4157168575
k17 v56 0 0 2070431659 282689 0 2480144042
k7 v70 0 0 2070431659 282690 0 694088235
k10 v17 0 0 2070431658 282691 0 2537929048
k9 v56 0 0 2070431659 282692 0 2533113181
k7 v54 0 0 2070431658 282693 0 1693469522
k2 v62 0 0 2070431658 282694 0 1336117732
k3 v68 0 0 2070431659 282695 0 1450504913
k15 v18 0 0 2070431659 282696 0 4078834791
k3 v59 0 0 2070431658 282697 0 3062966632
k17 v80 0 0 2070431658 282698 0 1800582852
k4 v99 0 0 2070431659 282699 0 2768933147
k8 v45 0 0 2070431659 282700 0 3097962421
k17 v18 0 0 2070431659 282701 0 3869511075
k3 v50 0 0 2070431659 282702 0 1218276525
k5 v84 0 0 2070431658 282703 0 2530888194
k8 v19 0 0 2070431659 282704 0 2195609727
k4 v74 0 0 2070431659 282705 0 3679226080
k11 v27 0 0 2070431658 282706 0 2399411010
k3 v38 0 0 2070431659 282707 0 1577864092
k9 v47 0 0 2070431659 282708 0 566440421
k8 v47 0 0 2070431654 282709 0 950992801
k19 v17 0 0 2070431658 282710 0 2738558774
k1 v95 0 0 2070431659 282711 0 2472893282
k8 v73 0 0 2070431659 282712 0 1953378358
k10 v94 0 0 2070431659 282713 0 1429055781
k3 v11 0 0 2070431659 282714 0 1755029217
k8 v66 0 0 2070431658 282715 0 1138095598
k1 v86 0 0 2070431659 282716 0 3965125617
k18 v95 0 0 2070431659 282717 0 1419711553
k13 v2 0 0 2070431659 282718 0 2597343328
k1 v1 0 0 2070431659 282719 0 1759352293
k8 v21 0 0 2070431659 282720 0 66264388
k4 v56 0 0 2070431659 282721 0 2460937851
k4 v43 0 0 2070431658 282722 0 3245993639
k7 v75 0 0 2070431658 282723 0 1371208173
k10 v23 0 0 2070431659 282724 0 2810358973
k8 v90 0 0 2070431654 282725 0 3725216771
k1 v3 0 0 2070431659 282726 0 667763199
k0 v97 0 0 2070431659 282727 0 2529484517
k9 v97 0 0 2070431658 282728 0 1178364742
k0 v72 0 0 2070431659 282729 0 4026675140
k7 v93 0 0 2070431659 282730 0 3759362530
k9 v84 0 0 2070431659 282731 0 1793422578
k0 v21 0 0 2070431659 282732 0 817780439
k8 v67 0 0 2070431659 282733 0 3217472990
k0 v13 0 0 2070431659 282734 0 3610510654
k14 v91 0 0 2070431659 282735 0 723888961
k9 v10 0 0 2070431658 282736 0 499876634
k18 v88 0 0 2070431659 282737 0 2123384092
k15 v5 0 0 2070431659 282738 0 182548509
k0 v32 0 0 2070431658 282739 0 798179798
k16 v51 0 0 2070431659 282740 0 2306906021
k11 v16 0 0 2070431659 282741 0 362781794
k3 v51 0 0 2070431659 282742 0 720633655
k0 v89 0 0 2070431659 282743 0 1879551914
k1 v17 0 0 2070431659 282744 0 132452918
k0 v28 0 0 2070431658 282745 0 1319517183
k16 v5 0 0 2070431659 282746 0 2824203862
k8 v25 0 0 2070431659 282747 0 114433128
k6 v61 0 0 2070431659 282748 0 808312345
k11 v8 0 0 2070431659 282749 0 4232432244
k10 v79 0 0 2070431659 282750 0 479680551
k9 v50 0 0 2070431659 282751 0 2287234378
k1 v47 0 0 2070431659 282752 0 3713947810
k0 v56 0 0 2070431659 282753 0 2777365487
k13 v38 0 0 2070431659 282754 0 2038471651
k13 v21 0 0 2070431658 282755 0 3411526742
k18 v94 0 0 2070431658 282756 0 3812668932
k3 v40 0 0 2070431659 282757 0 2902186397
k1 v92 0 0 2070431659 282758 0 2766859876
k4 v16 0 0 2070431659 282759 0 1304524365
k12 v23 0 0 2070431659 282760 0 695276172
k6 v16 0 0 2070431659 282761 0 1791529461
k10 v2 0 0 2070431659 282762 0 1544028975
k19 v95 0 0 2070431659 282763 0 2932813076
k16 v43 0 0 2070431660 282764 0 2646496307
k11 v57 0 0 2070431659 282765 0 99201781
k18 v55 0 0 2070431658 282766 0 3010084566
k8 v56 0 0 2070431659 282767 0 3273130900
k2 v85 0 0 2070431659 282768 0 2933345293
k9 v38 0 0 2070431659 282769 0 690850415
k16 v1 0 0 2070431659 282770 0 2997099728
k7 v62 0 0 2070431660 282771 0 4054932473
k12 v53 0 0 2070431660 282772 0 1436597135
k0 v54 0 0 2070431660 282773 0 1241759459
k18 v5 0 0 2070431659 282774 0 1402424845
k15 v29 0 0 2070431659 282775 0 1953018990
k15 v45 0 0 2070431659 282776 0 2051989376
k17 v85 0 0 2070431659 282777 0 3116904677
k1 v52 0 0 2070431659 282778 0 2422552519
k6 v83 0 0 2070431660 282779 0 347278547
k3 v24 0 0 2070431659 282780 0 1404187286
k6 v83 0 0 2070431659 282781 0 4059358728
k15 v92 0 0 2070431660 282782 0 2049528471
k14 v88 0 0 2070431660 282783 0 814656162
k14 v76 0 0 2070431659 282784 0 216063938
k12 v25 0 0 2070431660 282785 0 4235817464
k17 v66 0 0 2070431660 282786 0 4046135309
k5 v53 0 0 2070431660 282787 0 1599656206
k6 v72 0 0 2070431660 282788 0 797363911
k7 v31 0 0 2070431660 282789 0 280910883
k7 v25 0 0 2070431660 282790 0 294249882
k19 v92 0 0 2070431660 282791 0 1344506326
k8 v97 0 0 2070431660 282792 0 3248333193
k0 v86 0 0 2070431659 282793 0 71322840
k5 v32 0 0 2070431660 282794 0 3874346618
k16 v13 0 0 2070431659 282795 0 605586052
k12 v56 0 0 2070431660 282796 0 282624926
k4 v84 0 0 2070431660 282797 0 2356967725
k4 v98 0 0 2070431660 282798 0 1191762839
k7 v67 0 0 2070431660 282799 0 410791140
k2 v6 0 0 2070431660 282800 0 507541744
k5 v74 0 0 2070431660 282801 0 1525846152
k11 v30 0 0 2070431650 282802 0 510718120
k2 v61 0 0 2070431660 282803 0 2855090469
k18 v5 0 0 2070431660 282804 0 679046960
k1 v1 0 0 2070431651 282805 0 1311554365
k14 v38 0 0 2070431660 282806 0 1164285084
k16 v16 0 0 2070431659 282807 0 1779833792
k16 v71 0 0 2070431659 282808 0 4210533466
k13 v83 0 0 2070431660 282809 0 3638165520
k12 v13 0 0 2070431660 282810 0 696365394
k3 v77 0 0 2070431660 282811 0 424920335
k10 v36 0 0 2070431660 282812 0 963629403
k10 v95 0 0 2070431660 282813 0 1324066267
k18 v72 0 0 2070431659 282814 0 358284791
k13 v62 0 0 2070431660 282815 0 3271889629
k2 v53 0 0 2070431660 282816 0 1732793144
k0 v41 0 0 2070431660 282817 0 3335603330
k17 v27 0 0 2070431660 282818 0 1334057383
k14 v18 0 0 2070431660 282819 0 670819097
k9 v11 0 0 2070431660 282820 0 2638168779
k9 v37 0 0 2070431660 282821 0 3838045986
k14 v84 0 0 2070431660 282822 0 2941727624
k18 v21 0 0 2070431660 282823 0 1544894568
k11 v44 0 0 2070431660 282824 0 1428804228
k10 v67 0 0 2070431660 282825 0 2620147110
k1 v52 0 0 2070431659 282826 0 1347340532
k18 v21 0 0 2070431660 282827 0 947518828
k18 v29 0 0 2070431660 282828 0 574240529
k10 v71 0 0 2070431660 282829 0 727717089
k1 v62 0 0 2070431660 282830 0 1510645832
k15 v37 0 0 2070431659 282831 0 3377201433
k7 v32 0 0 2070431660 282832 0 148191125
k15 v36 0 0 2070431660 282833 0 3101654835
k3 v91 0 0 2070431660 282834 0 810316865
k1 v6 0 0 2070431660 282835 0 1477025708
k3 v91 0 0 2070431659 282836 0 616050989
k9 v83 0 0 2070431660 282837 0 2740601439
k16 v59 0 0 2070431660 282838 0 2808932898
k7 v40 0 0 2070431660 282839 0 1208491658
k7 v51 0 0 2070431660 282840 0 1714949022
k1 v14 0 0 2070431660 282841 0 2879036417
k18 v4 0 0 2070431660 282842 0 474831660
k15 v29 0 0 2070431660 282843 0 1591056905
k3 v71 0 0 2070431660 282844 0 3872157300
k18 v52 0 0 2070431660 282845 0 3364628686
k13 v44 0 0 2070431660 282846 0 2382634845
k17 v91 0 0 2070431660 282847 0 337170883
k2 v52 0 0 2070431660 282848 0 2590476059
k0 v23 0 0 2070431660 282849 0 1651169453
k0 v22 0 0 2070431661 282850 0 463942155
k4 v53 0 0 2070431660 282851 0 3268026201
k3 v52 0 0 2070431660 282852 0 4198100850
k13 v61 0 0 2070431661 282853 0 4048900307
k2 v67 0 0 2070431660 282854 0 1736765660
k10 v4 0 0 2070431661 282855 0 656900418
k6 v46 0 0 2070431661 282856 0 417794408
k1 v39 0 0 2070431661 282857 0 1648187134
k10 v26 0 0 2070431659 282858 0 2106668413
k15 v13 0 0 2070431661 282859 0 1163475703
k15 v17 0 0 2070431661 282860 0 3627078846
k15 v59 0 0 2070431659 282861 0 541232467
k1 v66 0 0 2070431661 282862 0 3971017702
k15 v71 0 0 2070431661 282863 0 2164465518
k15 v5 0 0 2070431660 282864 0 3728654914
k7 v47 0 0 2070431660 282865 0 53622270
k7 v90 0 0 2070431661 282866 0 2904575587
k5 v18 0 0 2070431660 282867 0 758018961
k13 v46 0 0 2070431660 282868 0 3654127665
k17 v86 0 0 2070431661 282869 0 992677296
k7 v19 0 0 2070431660 282870 0 3948701646
k18 v75 0 0 2070431661 282871 0 1737290979
k2 v31 0 0 2070431661 282872 0 4159740250
k18 v61 0 0 2070431661 282873 0 2223898278
k14 v0 0 0 2070431661 282874 0 804527156
k15 v24 0 0 2070431661 282875 0 1882359269
k7 v11 0 0 2070431661 282876 0 3967227492
k0 v33 0 0 2070431661 282877 0 2917124218
k6 v36 0 0 2070431661 282878 0 3959912144
k0 v47 0 0 2070431661 282879 0 341215477
k10 v17 0 0 2070431661 282880 0 1233236723
k14 v98 0 0 2070431661 282881 0 162225014
k4 v4 0 0 2070431661 282882 0 1458595672
k14 v52 0 0 2070431660 282883 0 2536084633
k7 v81 0 0 2070431652 282884 0 3627516437
k10 v74 0 0 2070431661 282885 0 1835142842
k18 v23 0 0 2070431660 282886 0 3862642551
k1 v62 0 0 2070431660 282887 0 421452142
k18 v8 0 0 2070431661 282888 0 4028921783
k14 v65 0 0 2070431661 282889 0 993417469
k18 v44 0 0 2070431661 282890 0 1785745677
k2 v43 0 0 2070431661 282891 0 1969887047
k18 v18 0 0 2070431661 282892 0 106137921
k8 v34 0 0 2070431661 282893 0 584107457
k16 v11 0 0 2070431661 282894 0 1170666095
k16 v5 0 0 2070431661 282895 0 967514592
k11 v94 0 0 2070431661 282896 0 254923050
k13 v78 0 0 2070431661 282897 0 4215603929
k1 v95 0 0 2070431661 282898 0 4273964725
k11 v29 0 0 2070431661 282899 0 1611940061
k1 v93 0 0 2070431661 282900 0 86560130
k5 v70 0 0 2070431661 282901 0 1611209770
k9 v61 0 0 2070431661 282902 0 2977699204
k15 v10 0 0 2070431661 282903 0 2926066233
k17 v2 0 0 2070431660 282904 0 2904274566
k18 v41 0 0 2070431661 282905 0 2346723773
k6 v10 0 0 2070431661 282906 0 2945496598
k14 v22 0 0 2070431661 282907 0 3769098630
k0 v52 0 0 2070431661 282908 0 82746325
k15 v1 0 0 2070431660 282909 0 2571914369
k7 v43 0 0 2070431661 282910 0 1106336668
k17 v3 0 0 2070431661 282911 0 2019758892
k6 v7 0 0 2070431661 282912 0 1617215480
k5 v91 0 0 2070431661 282913 0 3847562089
k7 v60 0 0 2070431661 282914 0 1861276207
k17 v38 0 0 2070431661 282915 0 1836708782
k0 v55 0 0 2070431661 282916 0 2062252799
k19 v38 0 0 2070431661 282917 0 2990317680
k14 v75 0 0 2070431661 282918 0 177911496
k17 v35 0 0 2070431661 282919 0 2006825487
k17 v17 0 0 2070431661 282920 0 2316552430
k6 v26 0 0 2070431661 282921 0 476638089
k9 v51 0 0 2070431661 282922 0 3387310857
k14 v60 0 0 2070431661 282923 0 1601733339
k7 v28 0 0 2070431662 282924 0 1830533532
k14 v29 0 0 2070431661 282925 0 3815230482
k15 v0 0 0 2070431661 282926 0 3030237176
k15 v35 0 0 2070431662 282927 0 2286026194
k5 v99 0 0 2070431661 282928 0 2570883657
k12 v57 0 0 2070431661 282929 0 3523689563
k0 v21 0 0 2070431662 282930 0 2259706869
k9 v65 0 0 2070431660 282931 0 441455577
k13 v71 0 0 2070431662 282932 0 1160445496
k1 v32 0 0 2070431661 282933 0 2282885973
k1 v20 0 0 2070431660 282934 0 1592619038
k1 v48 0 0 2070431661 282935 0 3770323637
k3 v25 0 0 2070431662 282936 0 3907130903
k17 v66 0 0 2070431662 282937 0 1184861923
k13 v45 0 0 2070431662 282938 0 2318827272
k8 v73 0 0 2070431662 282939 0 270953011
k3 v25 0 0 2070431662 282940 0 3153569556
k5 v91 0 0 2070431662 282941 0 1596425443
k13 v95 0 0 2070431662 282942 0 3712421716
k15 v44 0 0 2070431662 282943 0 3827366266
k4 v68 0 0 2070431662 282944 0 227211432
k17 v82 0 0 2070431662 282945 0 3972275469
k7 v60 0 0 2070431661 282946 0 1510830662
k7 v6 0 0 2070431662 282947 0 3877163315
k18 v66 0 0 2070431661 282948 0 1019697346
k0 v23 0 0 2070431662 282949 0 2566109365
k0 v51 0 0 2070431662 282950 0 3956971807
k13 v6 0 0 2070431662 282951 0 2261712652
k7 v60 0 0 2070431662 282952 0 2972506774
k15 v77 0 0 2070431662 282953 0 827677796
k7 v16 0 0 2070431662 282954 0 179463837
k7 v23 0 0 2070431662 282955 0 1128072480
k16 v17 0 0 2070431662 282956 0 3438974170
k15 v34 0 0 2070431662 282957 0 3899248657
k15 v11 0 0 2070431662 282958 0 2696879548
k9 v15 0 0 2070431662 282959 0 4257637446
k18 v16 0 0 2070431662 282960 0 284329759
k12 v21 0 0 2070431662 282961 0 2124153569
k17 v17 0 0 2070431662 282962 0 832767315
k4 v93 0 0 2070431662 282963 0 1059630679
k5 v36 0 0 2070431662 282964 0 27658832
k6 v52 0 0 2070431661 282965 0 1476914000
k10 v98 0 0 2070431661 282966 0 4103349837
k10 v84 0 0 2070431661 282967 0 2707663225
k2 v54 0 0 2070431662 282968 0 3881414328
k6 v13 0 0 2070431662 282969 0 228826178
k10 v78 0 0 2070431662 282970 0 4266451119
k8 v49 0 0 2070431662 282971 0 4093471290
k4 v44 0 0 2070431662 282972 0 1852104161
k19 v77 0 0 2070431661 282973 0 3166399836
k13 v46 0 0 2070431662 282974 0 2384712978
k4 v53 0 0 2070431661 282975 0 3509873096
k3 v50 0 0 2070431662 282976 0 2911299724
k15 v34 0 0 2070431662 282977 0 3958178943
k2 v14 0 0 2070431662 282978 0 4100112436
k14 v28 0 0 2070431662 282979 0 2733735248
k3 v92 0 0 2070431662 282980 0 222655350
k9 v19 0 0 2070431662 282981 0 4008788214
k9 v19 0 0 2070431662 282982 0 3319534389
k16 v3 0 0 2070431661 282983 0 1387015905
k1 v80 0 0 2070431662 282984 0 3517681801
k17 v10 0 0 2070431662 282985 0 2503481357
k1 v78 0 0 2070431661 282986 0 3168578676
k15 v46 0 0 2070431662 282987 0 1134080918
k1 v4 0 0 2070431662 282988 0 3517257876
k14 v5 0 0 2070431663 282989 0 1075156291
k7 v24 0 0 2070431663 282990 0 448704012
k19 v18 0 0 2070431663 282991 0 1284788302
k1 v65 0 0 2070431663 282992 0 3000795401
k8 v28 0 0 2070431662 282993 0 1477385010
k5 v38 0 0 2070431662 282994 0 318899722
k14 v6 0 0 2070431663 282995 0 1120665010
k12 v57 0 0 2070431663 282996 0 468699144
k5 v16 0 0 2070431661 282997 0 1268521008
k11 v96 0 0 2070431662 282998 0 1833953966
k13 v71 0 0 2070431663 282999 0 1742971579
k10 v75 0 0 2070431662 283000 0 221943485
k12 v55 0 0 2070431663 283001 0 3520689654
k2 v40 0 0 2070431663 283002 0 1154364643
k2 v11 0 0 2070431662 283003 0 2033957215
k17 v42 0 0 2070431663 283004 0 1226829817
k17 v16 0 0 2070431663 283005 0 2479534788
k3 v33 0 0 2070431663 283006 0 2107625633
k12 v7 0 0 2070431662 283007 0 3833111517
k4 v40 0 0 2070431662 283008 0 2671881869
k13 v35 0 0 2070431663 283009 0 1951273196
k8 v83 0 0 2070431663 283010 0 45608094
k15 v9 0 0 2070431663 283011 0 57351125
k7 v14 0 0 2070431662 283012 0 3511122289
k2 v82 0 0 2070431663 283013 0 2714899668
k7 v93 0 0 2070431663 283014 0 2399236492
k7 v1 0 0 2070431663 283015 0 3194204525
k11 v55 0 0 2070431663 283016 0 3921653819
k17 v40 0 0 2070431663 283017 0 2839453825
k3 v95 0 0 2070431663 283018 0 2815099590
k10 v19 0 0 2070431662 283019 0 4163993582
k15 v83 0 0 2070431663 283020 0 2433555441
k16 v59 0 0 2070431663 283021 0 20397536
k1 v94 0 0 2070431663 283022 0 3616783546
k16 v73 0 0 2070431663 283023 0 2161180193
k9 v22 0 0 2070431663 283024 0 1539264090
k15 v70 0 0 2070431663 283025 0 264645968
k1 v98 0 0 2070431663 283026 0 1623802965
k7 v72 0 0 2070431661 283027 0 1390914717
k8 v13 0 0 2070431661 283028 0 807753050
k18 v70 0 0 2070431663 283029 0 954559037
k14 v50 0 0 2070431663 283030 0 214194315
k15 v92 0 0 2070431663 283031 0 1936324703
k2 v1 0 0 2070431663 283032 0 3106866180
k7 v47 0 0 2070431663 283033 0 637031983
k12 v75 0 0 2070431663 283034 0 1244413591
k10 v40 0 0 2070431663 283035 0 3996487363
k6 v47 0 0 2070431663 283036 0 3288090814
k14 v92 0 0 2070431663 283037 0 3191911693
k6 v71 0 0 2070431663 283038 0 2722265606
k9 v8 0 0 2070431663 283039 0 576502651
k6 v97 0 0 2070431663 283040 0 943224814
k10 v30 0 0 2070431663 283041 0 3874609946
k18 v78 0 0 2070431663 283042 0 1111955958
k15 v65 0 0 2070431663 283043 0 3913393637
k4 v94 0 0 2070431663 283044 0 510340297
k17 v37 0 0 2070431662 283045 0 3653902525
k2 v69 0 0 2070431663 283046 0 1003730354
k17 v62 0 0 2070431663 283047 0 2180978075
k0 v59 0 0 2070431663 283048 0 869845302
k11 v7 0 0 2070431663 283049 0 2283834193
k12 v89 0 0 2070431662 283050 0 2034513274
k18 v57 0 0 2070431663 283051 0 4042477918
k6 v80 0 0 2070431663 283052 0 1968331350
k15 v59 0 0 2070431663 283053 0 1084977370
k9 v20 0 0 2070431664 283054 0 2667259722
k1 v9 0 0 2070431662 283055 0 2599064861
k18 v31 0 0 2070431663 283056 0 3450625930
k16 v25 0 0 2070431663 283057 0 3908253520
k12 v21 0 0 2070431663 283058 0 567959893
k15 v99 0 0 2070431663 283059 0 2370803101
k17 v63 0 0 2070431663 283060 0 2824694900
k10 v77 0 0 2070431663 283061 0 382250332
k4 v22 0 0 2070431664 283062 0 2613002360
k4 v84 0 0 2070431663 283063 0 3446992382
k6 v40 0 0 2070431663 283064 0 373640772
k10 v57 0 0 2070431663 283065 0 2522900773
k2 v42 0 0 2070431664 283066 0 3827626688
k9 v6 0 0 2070431664 283067 0 2838042208
k1 v42 0 0 2070431664 283068 0 205710963
k7 v32 0 0 2070431664 283069 0 2440307472
k6 v34 0 0 2070431663 283070 0 1424067702
k1 v37 0 0 2070431664 283071 0 2653905226
k5 v10 0 0 2070431664 283072 0 2967352564
k4 v78 0 0 2070431664 283073 0 1498430485
k4 v72 0 0 2070431663 283074 0 1270940661
k2 v83 0 0 2070431664 283075 0 2628255167
k15 v8 0 0 2070431664 283076 0 654689279
k0 v11 0 0 2070431664 283077 0 870428848
k1 v86 0 0 2070431663 283078 0 2124637129
k12 v48 0 0 2070431664 283079 0 1057056081
k3 v59 0 0 2070431663 283080 0 2231272295
k19 v98 0 0 2070431664 283081 0 571038764
k12 v61 0 0 2070431664 283082 0 3419477806
k10 v50 0 0 2070431664 283083 0 556092451
k4 v40 0 0 2070431662 283084 0 1038594105
k16 v57 0 0 2070431664 283085 0 2079407948
k16 v45 0 0 2070431664 283086 0 97032605
k13 v87 0 0 2070431664 283087 0 2050595034
k5 v55 0 0 2070431664 283088 0 2015252455
k4 v54 0 0 2070431664 283089 0 2668736308
k16 v83 0 0 2070431664 283090 0 3782788148
k11 v64 0 0 2070431664 283091 0 3159476216
k5 v50 0 0 2070431664 283092 0 2830703941
k7 v31 0 0 2070431664 283093 0 3480142189
k13 v73 0 0 2070431664 283094 0 1378796889
k5 v55 0 0 2070431664 283095 0 3430046621
k18 v24 0 0 2070431664 283096 0 2049178742
k9 v67 0 0 2070431664 283097 0 1332817861
k4 v88 0 0 2070431664 283098 0 4230957050
k4 v0 0 0 2070431664 283099 0 1243558086
k15 v51 0 0 2070431664 283100 0 1122982204
k12 v98 0 0 2070431664 283101 0 3808039146
k0 v34 0 0 2070431664 283102 0 1009509495
k5 v70 0 0 2070431664 283103 0 3792400787
k11 v34 0 0 2070431662 283104 0 1023926773
k15 v20 0 0 2070431664 283105 0 857215079
k16 v87 0 0 2070431664 283106 0 1319293953
k3 v89 0 0 2070431664 283107 0 3741623351
k8 v33 0 0 2070431664 283108 0 658106696
k15 v78 0 0 2070431663 283109 0 2240808933
k4 v68 0 0 2070431664 283110 0 1368848287
k7 v22 0 0 2070431664 283111 0 2072271718
k16 v75 0 0 2070431664 283112 0 2916582032
k5 v95 0 0 2070431664 283113 0 462210827
k14 v3 0 0 2070431664 283114 0 2354595090
k4 v41 0 0 2070431663 283115 0 979166794
k3 v21 0 0 2070431664 283116 0 2603622904
k12 v87 0 0 2070431664 283117 0 1445408484
k5 v9 0 0 2070431664 283118 0 171949678
k13 v89 0 0 2070431664 283119 0 1244635865
k18 v73 0 0 2070431664 283120 0 4109890242
k17 v69 0 0 2070431664 283121 0 1394817963
k1 v8 0 0 2070431664 283122 0 3411034363
k2 v8 0 0 2070431664 283123 0 3946044666
k5 v9 0 0 2070431664 283124 0 2764853051
k16 v21 0 0 2070431665 283125 0 4021602028
k19 v22 0 0 2070431664 283126 0 3516531699
k11 v0 0 0 2070431665 283127 0 2377716252
k19 v56 0 0 2070431664 283128 0 1746092924
k4 v2 0 0 2070431663 283129 0 1056819159
k18 v90 0 0 2070431664 283130 0 2303973775
k10 v46 0 0 2070431665 283131 0 1890171120
k19 v91 0 0 2070431664 283132 0 1165060767
k15 v43 0 0 2070431665 283133 0 4063904042
k10 v14 0 0 2070431664 283134 0 2258222466
k7 v17 0 0 2070431664 283135 0 1291327728
k0 v53 0 0 2070431665 283136 0 2178039009
k10 v42 0 0 2070431664 283137 0 2763322545
k15 v45 0 0 2070431664 283138 0 1497826730
k11 v61 0 0 2070431664 283139 0 3928588124
k7 v34 0 0 2070431665 283140 0 3003627033
k12 v31 0 0 2070431664 283141 0 3698941385
k12 v79 0 0 2070431664 283142 0 2021055491
k19 v83 0 0 2070431665 283143 0 3231430871
k4 v93 0 0 2070431665 283144 0 2180834488
k0 v25 0 0 2070431664 283145 0 2396938932
k16 v83 0 0 2070431664 283146 0 122066820
k4 v79 0 0 2070431665 283147 0 772479989
k18 v44 0 0 2070431664 283148 0 2734235656
k18 v66 0 0 2070431665 283149 0 1497523750
k9 v83 0 0 2070431665 283150 0 3760111732
k9 v28 0 0 2070431665 283151 0 172057158
k9 v27 0 0 2070431664 283152 0 2438545722
k3 v10 0 0 2070431665 283153 0 865977434
k8 v4 0 0 2070431665 283154 0 699567693
k7 v72 0 0 2070431665 283155 0 1500033285
k13 v32 0 0 2070431665 283156 0 1787430585
k9 v75 0 0 2070431665 283157 0 1734952008
k5 v90 0 0 2070431665 283158 0 407987869
k18 v42 0 0 2070431665 283159 0 4071220789
k7 v7 0 0 2070431665 283160 0 1017880730
k3 v59 0 0 2070431664 283161 0 620949840
k9 v32 0 0 2070431665 283162 0 3957697660
k9 v60 0 0 2070431664 283163 0 2042194954
k10 v11 0 0 2070431665 283164 0 1735569384
k0 v10 0 0 2070431665 283165 0 291824824
k0 v37 0 0 2070431665 283166 0 1070141589
k15 v31 0 0 2070431665 283167 0 867481105
k10 v76 0 0 2070431665 283168 0 3703456689
k2 v35 0 0 2070431665 283169 0 2668210495
k13 v82 0 0 2070431665 283170 0 1639513796
k3 v78 0 0 2070431665 283171 0 1774821826
k17 v39 0 0 2070431665 283172 0 1061956920
k8 v8 0 0 2070431665 283173 0 3057774863
k15 v52 0 0 2070431663 283174 0 2258685550
k17 v78 0 0 2070431665 283175 0 127108098
k8 v64 0 0 2070431665 283176 0 473494379
k14 v39 0 0 2070431665 283177 0 887021632
k9 v56 0 0 2070431665 283178 0 2820194398
k10 v39 0 0 2070431665 283179 0 2852219997
k19 v69 0 0 2070431664 283180 0 2866593376
k1 v82 0 0 2070431665 283181 0 2483231238
k18 v0 0 0 2070431665 283182 0 1395794255
k6 v54 0 0 2070431665 283183 0 4236178348
k9 v73 0 0 2070431665 283184 0 3233749261
k2 v21 0 0 2070431665 283185 0 3893732350
k6 v27 0 0 2070431665 283186 0 1195887739
k10 v2 0 0 2070431665 283187 0 1573422470
k1 v47 0 0 2070431665 283188 0 1497398429
k14 v49 0 0 2070431665 283189 0 3370519723
k10 v75 0 0 2070431664 283190 0 2084094928
k6 v80 0 0 2070431665 283191 0 699833875
k18 v5 0 0 2070431665 283192 0 2038078311
k14 v35 0 0 2070431665 283193 0 2300196261
k13 v4 0 0 2070431664 283194 0 114723961
k9 v39 0 0 2070431665 283195 0 2643126014
k11 v11 0 0 2070431665 283196 0 3312148611
k12 v40 0 0 2070431665 283197 0 1121047708
k5 v79 0 0 2070431666 283198 0 3031923038
k5 v19 0 0 2070431662 283199 0 3755688739
k11 v46 0 0 2070431665 283200 0 3794957010
k13 v38 0 0 2070431665 283201 0 1721785669
k13 v59 0 0 2070431665 283202 0 3738644486
k4 v20 0 0 2070431665 283203 0 709145362
k7 v28 0 0 2070431665 283204 0 2386283098
k4 v8 0 0 2070431665 283205 0 302209762
k5 v78 0 0 2070431665 283206 0 3703110676
k12 v66 0 0 2070431665 283207 0 1062394965
k2 v97 0 0 2070431665 283208 0 2614244773
k2 v94 0 0 2070431665 283209 0 761284910
k19 v62 0 0 2070431666 283210 0 3354375684
k10 v25 0 0 2070431666 283211 0 3062074527
k6 v50 0 0 2070431666 283212 0 946059830
k2 v88 0 0 2070431666 283213 0 338588165
k3 v86 0 0 2070431666 283214 0 3655615857
k8 v92 0 0 2070431665 283215 0 3910885647
k5 v33 0 0 2070431665 283216 0 4260432352
k10 v49 0 0 2070431665 283217 0 1264391383
k15 v3 0 0 2070431666 283218 0 1733674573
k16 v85 0 0 2070431666 283219 0 1386642662
k5 v61 0 0 2070431666 283220 0 1620043381
k3 v55 0 0 2070431666 283221 0 2712521972
k1 v4 0 0 2070431666 283222 0 1224136067
k16 v80 0 0 2070431665 283223 0 252378569
k2 v33 0 0 2070431666 283224 0 901204598
k6 v36 0 0 2070431666 283225 0 125438651
k17 v53 0 0 2070431666 283226 0 1626941218
k9 v91 0 0 2070431666 283227 0 1665015081
k6 v52 0 0 2070431666 283228 0 168073833
k13 v14 0 0 2070431666 283229 0 343947350
k1 v61 0 0 2070431666 283230 0 1628515793
k11 v61 0 0 2070431665 283231 0 4243544612
k13 v72 0 0 2070431666 283232 0 2225607609
k1 v9 0 0 2070431666 283233 0 3867052120
k0 v11 0 0 2070431666 283234 0 4159276121
k2 v57 0 0 2070431666 283235 0 2512322463
k13 v3 0 0 2070431666 283236 0 2292409645
k17 v40 0 0 2070431666 283237 0 1213444608
k15 v6 0 0 2070431666 283238 0 1331413564
k18 v78 0 0 2070431666 283239 0 1175785559
k19 v70 0 0 2070431666 283240 0 2486206973
k6 v8 0 0 2070431666 283241 0 3518626137
k14 v86 0 0 2070431666 283242 0 4121360869
k9 v36 0 0 2070431666 283243 0 598542855
k11 v22 0 0 2070431660 283244 0 1902641137
k13 v70 0 0 2070431660 283245 0 3255299312
k12 v75 0 0 2070431663 283246 0 3613164059
k4 v3 0 0 2070431666 283247 0 2613120039
k19 v95 0 0 2070431666 283248 0 2762790746
k10 v24 0 0 2070431666 283249 0 502726458
k16 v85 0 0 2070431666 283250 0 2221764467
k14 v11 0 0 2070431666 283251 0 2217077866
k7 v60 0 0 2070431666 283252 0 3741809373
k3 v93 0 0 2070431666 283253 0 637282539
k8 v97 0 0 2070431666 283254 0 1376530286
k8 v82 0 0 2070431666 283255 0 4282863022
k11 v81 0 0 2070431666 283256 0 3932404482
k7 v90 0 0 2070431666 283257 0 3999596982
k10 v12 0 0 2070431666 283258 0 4195531642
k17 v87 0 0 2070431666 283259 0 68307042
k11 v55 0 0 2070431666 283260 0 1480837079
k4 v15 0 0 2070431666 283261 0 3269785661
k9 v31 0 0 2070431666 283262 0 3631630779
k9 v5 0 0 2070431666 283263 0 2327859544
k1 v57 0 0 2070431665 283264 0 1912877803
k11 v66 0 0 2070431666 283265 0 4051958971
k6 v87 0 0 2070431666 283266 0 282411383
k15 v57 0 0 2070431666 283267 0 3717236239
k14 v33 0 0 2070431666 283268 0 2041290379
k0 v60 0 0 2070431665 283269 0 3330507266
k0 v15 0 0 2070431667 283270 0 382403142
k16 v11 0 0 2070431666 283271 0 1782049773
k13 v87 0 0 2070431666 283272 0 3829326932
k15 v39 0 0 2070431667 283273 0 2605803267
k18 v41 0 0 2070431666 283274 0 1997580753
k6 v1 0 0 2070431667 283275 0 2206560110
k3 v26 0 0 2070431666 283276 0 778654538
k6 v82 0 0 2070431667 283277 0 4012690048
k18 v27 0 0 2070431667 283278 0 1695645264
k7 v52 0 0 2070431666 283279 0 2393342743
k18 v67 0 0 2070431667 283280 0 3027089374
k7 v24 0 0 2070431666 283281 0 2699449775
k3 v67 0 0 2070431666 283282 0 919072398
k10 v86 0 0 2070431667 283283 0 693211341
k5 v92 0 0 2070431667 283284 0 643982557
k0 v82 0 0 2070431667 283285 0 999071045
k19 v53 0 0 2070431666 283286 0 2149421992
k5 v59 0 0 2070431667 283287 0 137798059
k18 v23 0 0 2070431666 283288 0 3960132266
k12 v56 0 0 2070431666 283289 0 1515398499
k4 v79 0 0 2070431667 283290 0 956479218
k4 v68 0 0 2070431667 283291 0 3668197227
k2 v74 0 0 2070431666 283292 0 2617614393
k11 v4 0 0 2070431666 283293 0 928480173
k14 v62 0 0 2070431667 283294 0 4205587015
k15 v28 0 0 2070431667 283295 0 1026053463
k16 v58 0 0 2070431667 283296 0 151501297
k11 v93 0 0 2070431666 283297 0 2943780405
k10 v6 0 0 2070431667 283298 0 3320819892
k11 v99 0 0 2070431667 283299 0 2856979227
k2 v58 0 0 2070431665 283300 0 2686690596
k12 v41 0 0 2070431666 283301 0 1522252987
k19 v89 0 0 2070431667 283302 0 1638944386
k16 v12 0 0 2070431667 283303 0 2263987675
k10 v26 0 0 2070431667 283304 0 294205660
k12 v22 0 0 2070431667 283305 0 2884186413
k13 v11 0 0 2070431667 283306 0 3472901907
k1 v32 0 0 2070431667 283307 0 2055907419
k1 v0 0 0 2070431667 283308 0 2338743749
k14 v8 0 0 2070431667 283309 0 784336248
k6 v12 0 0 2070431667 283310 0 2792672632
k0 v15 0 0 2070431667 283311 0 3017877712
k10 v52 0 0 2070431667 283312 0 1629198444
k9 v75 0 0 2070431666 283313 0 545974008
k11 v4 0 0 2070431667 283314 0 34855721
k6 v44 0 0 2070431667 283315 0 3523421133
k11 v15 0 0 2070431667 283316 0 1840846228
k16 v80 0 0 2070431666 283317 0 1595139602
k12 v47 0 0 2070431667 283318 0 3258118286
k5 v54 0 0 2070431667 283319 0 2542392930
k9 v15 0 0 2070431666 283320 0 4292611748
k4 v70 0 0 2070431667 283321 0 1816978115
k4 v24 0 0 2070431667 283322 0 2226118012
k1 v26 0 0 2070431667 283323 0 3428176374
k8 v62 0 0 2070431667 283324 0 1154089249
k1 v24 0 0 2070431667 283325 0 1354825980
k2 v86 0 0 2070431667 283326 0 116462725
k2 v30 0 0 2070431667 283327 0 3307549572
k11 v50 0 0 2070431667 283328 0 3356447463
k19 v17 0 0 2070431667 283329 0 571507368
k1 v32 0 0 2070431667 283330 0 932020421
k19 v24 0 0 2070431667 283331 0 1069329854
k18 v34 0 0 2070431667 283332 0 272144183
k14 v59 0 0 2070431667 283333 0 1235896232
k1 v29 0 0 2070431667 283334 0 4266220839
k14 v44 0 0 2070431667 283335 0 914056477
k0 v49 0 0 2070431667 283336 0 2704396471
k9 v17 0 0 2070431667 283337 0 3074131014
k11 v94 0 0 2070431667 283338 0 2955664964
k14 v29 0 0 2070431667 283339 0 3668060538
k9 v95 0 0 2070431667 283340 0 302611454
k3 v47 0 0 2070431668 283341 0 1560424451
k3 v57 0 0 2070431667 283342 0 819327730
k3 v96 0 0 2070431667 283343 0 2074277176
k3 v48 0 0 2070431667 283344 0 2244650699
k3 v86 0 0 2070431668 283345 0 1795343244
k5 v4 0 0 2070431668 283346 0 3649079906
k1 v82 0 0 2070431666 283347 0 4022700940
k11 v21 0 0 2070431667 283348 0 3221394251
k9 v7 0 0 2070431667 283349 0 3446897867
k11 v66 0 0 2070431668 283350 0 595903472
k18 v79 0 0 2070431668 283351 0 1108388092
k11 v3 0 0 2070431667 283352 0 2986636000
k16 v58 0 0 2070431667 283353 0 3319190453
k11 v28 0 0 2070431667 283354 0 2513001348
k15 v93 0 0 2070431667 283355 0 3759201211
k3 v78 0 0 2070431667 283356 0 3441437853
k3 v96 0 0 2070431667 283357 0 504125963
k19 v91 0 0 2070431668 283358 0 1186276195
k4 v87 0 0 2070431668 283359 0 3584771423
k3 v51 0 0 2070431668 283360 0 1550109543
k13 v26 0 0 2070431667 283361 0 513181974
k7 v13 0 0 2070431667 283362 0 1863936237
k14 v78 0 0 2070431667 283363 0 3468869496
k8 v0 0 0 2070431667 283364 0 2369066171
k18 v50 0 0 2070431667 283365 0 3781307780
k17 v31 0 0 2070431668 283366 0 4130703843
k7 v86 0 0 2070431667 283367 0 2211235423
k0 v44 0 0 2070431668 283368 0 1443376083
k11 v33 0 0 2070431668 283369 0 1453953498
k8 v93 0 0 2070431668 283370 0 3594493962
k11 v89 0 0 2070431668 283371 0 2521520718
k19 v7 0 0 2070431668 283372 0 2668525947
k16 v9 0 0 2070431667 283373 0 2589395377
k18 v79 0 0 2070431668 283374 0 1021544663
k11 v58 0 0 2070431668 283375 0 1066478175
k17 v94 0 0 2070431668 283376 0 491469760
k2 v84 0 0 2070431668 283377 0 181371663
k9 v54 0 0 2070431668 283378 0 1406823304
k2 v31 0 0 2070431668 283379 0 3777688843
k1 v93 0 0 2070431668 283380 0 1185500869
k14 v73 0 0 2070431668 283381 0 490240292
k13 v83 0 0 2070431668 283382 0 213466471
k6 v2 0 0 2070431668 283383 0 280410070
k6 v47 0 0 2070431668 283384 0 2990569061
k13 v97 0 0 2070431668 283385 0 2463089511
k5 v46 0 0 2070431668 283386 0 2482247324
k0 v50 0 0 2070431668 283387 0 171537105
k10 v76 0 0 2070431668 283388 0 3878466529
k12 v71 0 0 2070431668 283389 0 4075157466
k7 v68 0 0 2070431668 283390 0 3569763038
k3 v44 0 0 2070431667 283391 0 592706614
k4 v1 0 0 2070431668 283392 0 2308335850
k17 v82 0 0 2070431668 283393 0 1901853892
k9 v85 0 0 2070431668 283394 0 944225435
k3 v13 0 0 2070431668 283395 0 4067953192
k17 v57 0 0 2070431668 283396 0 2406962893
k9 v77 0 0 2070431668 283397 0 2511410938
k11 v32 0 0 2070431668 283398 0 562683104
k15 v39 0 0 2070431668 283399 0 180148042
k2 v70 0 0 2070431668 283400 0 3756941187
k12 v9 0 0 2070431668 283401 0 3044590755
k3 v52 0 0 2070431668 283402 0 1486987300
k0 v41 0 0 2070431668 283403 0 120350220
k7 v22 0 0 2070431668 283404 0 1732255849
k8 v24 0 0 2070431668 283405 0 2356696949
k13 v64 0 0 2070431668 283406 0 3382328129
k1 v11 0 0 2070431668 283407 0 1964035833
k17 v20 0 0 2070431668 283408 0 189880510
k3 v34 0 0 2070431668 283409 0 3377193468
k11 v79 0 0 2070431668 283410 0 1512022058
k15 v64 0 0 2070431668 283411 0 1792259531
k19 v85 0 0 2070431669 283412 0 991507413
k5 v45 0 0 2070431669 283413 0 528919739
k0 v42 0 0 2070431668 283414 0 3859207990
k16 v75 0 0 2070431668 283415 0 2196238634
k0 v71 0 0 2070431668 283416 0 8878749
k14 v13 0 0 2070431669 283417 0 3824408780
k13 v67 0 0 2070431668 283418 0 4185010482
k4 v72 0 0 2070431668 283419 0 686459403
k9 v0 0 0 2070431667 283420 0 1689199898
k17 v80 0 0 2070431668 283421 0 404832146
k18 v0 0 0 2070431669 283422 0 1054097892
k10 v51 0 0 2070431669 283423 0 1571975221
k2 v93 0 0 2070431668 283424 0 3294629779
k14 v54 0 0 2070431668 283425 0 3969164961
k12 v3 0 0 2070431668 283426 0 2930255412
k7 v7 0 0 2070431669 283427 0 345144316
k3 v69 0 0 2070431668 283428 0 3903227227
k8 v17 0 0 2070431669 283429 0 995361696
k5 v8 0 0 2070431668 283430 0 3295952435
k17 v87 0 0 2070431669 283431 0 873329576
k2 v10 0 0 2070431668 283432 0 430147230
k4 v8 0 0 2070431669 283433 0 886770094
k2 v4 0 0 2070431668 283434 0 385349788
k16 v10 0 0 2070431668 283435 0 1557459101
k15 v58 0 0 2070431669 283436 0 1117014260
k7 v75 0 0 2070431667 283437 0 4218224361
k5 v49 0 0 2070431669 283438 0 750820597
k9 v6 0 0 2070431668 283439 0 3920395037
k10 v0 0 0 2070431669 283440 0 2972482004
k18 v99 0 0 2070431669 283441 0 3244357212
k17 v83 0 0 2070431668 283442 0 2552782121
k10 v94 0 0 2070431669 283443 0 1170133333
k8 v99 0 0 2070431669 283444 0 3061662542
k14 v75 0 0 2070431669 283445 0 2769346742
k15 v10 0 0 2070431669 283446 0 3371797624
k14 v56 0 0 2070431669 283447 0 3695955587
k15 v25 0 0 2070431669 283448 0 116323082
k18 v42 0 0 2070431668 283449 0 1605396961
k11 v51 0 0 2070431669 283450 0 3903053735
k11 v9 0 0 2070431669 283451 0 1180806038
k6 v21 0 0 2070431669 283452 0 3483492996
k11 v31 0 0 2070431669 283453 0 900958626
k18 v36 0 0 2070431669 283454 0 8130564
k15 v98 0 0 2070431669 283455 0 1514105416
k16 v90 0 0 2070431669 283456 0 2586629636
k7 v84 0 0 2070431669 283457 0 3273204737
k16 v90 0 0 2070431669 283458 0 78642058
k7 v57 0 0 2070431668 283459 0 2521352840
k5 v67 0 0 2070431669 283460 0 535731724
k18 v56 0 0 2070431669 283461 0 2305843166
k6 v85 0 0 2070431669 283462 0 1111277455
k8 v17 0 0 2070431669 283463 0 3333571574
k1 v53 0 0 2070431669 283464 0 1311609633
k12 v1 0 0 2070431669 283465 0 2229840697
k14 v80 0 0 2070431669 283466 0 3928373290
k9 v59 0 0 2070431669 283467 0 850142202
k11 v78 0 0 2070431669 283468 0 1044645759
k0 v10 0 0 2070431669 283469 0 3718270665
k6 v99 0 0 2070431669 283470 0 1025771855
k6 v31 0 0 2070431669 283471 0 2027087543
k9 v72 0 0 2070431669 283472 0 2561615757
k16 v40 0 0 2070431669 283473 0 1276016764
k4 v21 0 0 2070431669 283474 0 2011775621
k19 v40 0 0 2070431669 283475 0 1817445490
k16 v54 0 0 2070431669 283476 0 3763266814
k3 v93 0 0 2070431669 283477 0 3193926897
k4 v60 0 0 2070431669 283478 0 2898408052
k1 v79 0 0 2070431669 283479 0 1234183704
k6 v48 0 0 2070431669 283480 0 4224645991
k12 v42 0 0 2070431669 283481 0 3220605660
k13 v71 0 0 2070431668 283482 0 397802620
k10 v56 0 0 2070431669 283483 0 2975945584
k19 v34 0 0 2070431667 283484 0 1284705597
k15 v1 0 0 2070431669 283485 0 3954161779
k17 v61 0 0 2070431669 283486 0 552934379
k19 v63 0 0 2070431669 283487 0 508783994
k11 v57 0 0 2070431668 283488 0 1613454263
k16 v20 0 0 2070431666 283489 0 2460008609
k1 v46 0 0 2070431670 283490 0 2641972721
k3 v34 0 0 2070431670 283491 0 3403505549
k17 v24 0 0 2070431669 283492 0 2083020924
k0 v42 0 0 2070431669 283493 0 1811812567
k7 v28 0 0 2070431669 283494 0 4079926086
k7 v83 0 0 2070431670 283495 0 289740316
k3 v21 0 0 2070431670 283496 0 835492555
k8 v85 0 0 2070431670 283497 0 3511694019
k9 v90 0 0 2070431670 283498 0 2045482841
k4 v50 0 0 2070431669 283499 0 3294211292
k10 v87 0 0 2070431670 283500 0 3915484179
k7 v46 0 0 2070431670 283501 0 3737473568
k9 v54 0 0 2070431670 283502 0 1301267885
k14 v62 0 0 2070431670 283503 0 978690796
k6 v91 0 0 2070431670 283504 0 1901356145
k18 v55 0 0 2070431670 283505 0 4138779567
k3 v5 0 0 2070431670 283506 0 686429010
k9 v72 0 0 2070431670 283507 0 1344253248
k17 v92 0 0 2070431670 283508 0 3813788980
k19 v70 0 0 2070431668 283509 0 3399923939
k0 v50 0 0 2070431670 283510 0 2874970035
k8 v32 0 0 2070431670 283511 0 2383253150
k16 v90 0 0 2070431670 283512 0 1237439441
k12 v68 0 0 2070431669 283513 0 2306610679
k15 v97 0 0 2070431670 283514 0 2285562873
k12 v87 0 0 2070431670 283515 0 2017640840
k16 v53 0 0 2070431670 283516 0 3037681362
k12 v66 0 0 2070431670 283517 0 4242314492
k18 v98 0 0 2070431669 283518 0 3417494493
k13 v26 0 0 2070431670 283519 0 3956627229
k4 v10 0 0 2070431670 283520 0 3149894850
k9 v78 0 0 2070431670 283521 0 1389657750
k3 v67 0 0 2070431670 283522 0 2006142501
k17 v87 0 0 2070431670 283523 0 3077673744
k10 v74 0 0 2070431669 283524 0 1694585077
k0 v88 0 0 2070431670 283525 0 3781664078
k17 v70 0 0 2070431670 283526 0 1733775080
k3 v24 0 0 2070431670 283527 0 3082089233
k9 v45 0 0 2070431670 283528 0 1314472337
k5 v7 0 0 2070431669 283529 0 486406295
k15 v72 0 0 2070431670 283530 0 395781692
k6 v7 0 0 2070431670 283531 0 3836394112
k0 v77 0 0 2070431670 283532 0 2674826929
k9 v35 0 0 2070431669 283533 0 3451681629
k9 v84 0 0 2070431670 283534 0 2973913633
k6 v74 0 0 2070431670 283535 0 2454468550
k13 v8 0 0 2070431669 283536 0 4263957568
k17 v5 0 0 2070431669 283537 0 231567532
k2 v66 0 0 2070431670 283538 0 1923751178
k16 v7 0 0 2070431670 283539 0 1184645126
k8 v27 0 0 2070431670 283540 0 630009525
k15 v88 0 0 2070431670 283541 0 281226984
k14 v27 0 0 2070431670 283542 0 490008533
k1 v37 0 0 2070431671 283543 0 3323615108
k18 v71 0 0 2070431670 283544 0 1116450838
k18 v6 0 0 2070431670 283545 0 1102274121
k19 v29 0 0 2070431671 283546 0 932997449
k0 v31 0 0 2070431670 283547 0 1905059103
k16 v27 0 0 2070431670 283548 0 172872886
k11 v47 0 0 2070431671 283549 0 1601730561
k12 v21 0 0 2070431670 283550 0 1193871567
k1 v63 0 0 2070431670 283551 0 4203361235
k17 v48 0 0 2070431670 283552 0 3769747768
k0 v34 0 0 2070431670 283553 0 1068014131
k2 v47 0 0 2070431670 283554 0 1529943183
k16 v62 0 0 2070431670 283555 0 2270303336
k17 v1 0 0 2070431671 283556 0 2586368496
k18 v44 0 0 2070431670 283557 0 955308830
k15 v13 0 0 2070431671 283558 0 2217995928
k8 v9 0 0 2070431670 283559 0 4206132189
k3 v49 0 0 2070431671 283560 0 1933233919
k2 v4 0 0 2070431671 283561 0 3720586815
k10 v22 0 0 2070431671 283562 0 4190915241
k0 v76 0 0 2070431671 283563 0 695424707
k17 v44 0 0 2070431671 283564 0 2872176018
k8 v81 0 0 2070431671 283565 0 3535903710
k12 v51 0 0 2070431671 283566 0 3061356502
k3 v47 0 0 2070431671 283567 0 629347167
k4 v9 0 0 2070431671 283568 0 3366011227
k18 v74 0 0 2070431670 283569 0 3744188970
k5 v12 0 0 2070431670 283570 0 3972647537
k3 v30 0 0 2070431669 283571 0 1042739667
k17 v48 0 0 2070431671 283572 0 798957000
k14 v54 0 0 2070431671 283573 0 210611137
k12 v57 0 0 2070431671 283574 0 28246710
k16 v38 0 0 2070431671 283575 0 2454382467
k14 v52 0 0 2070431671 283576 0 4124688977
k18 v50 0 0 2070431671 283577 0 652830505
k5 v90 0 0 2070431670 283578 0 3408674691
k9 v92 0 0 2070431671 283579 0 3568736869
k0 v72 0 0 2070431671 283580 0 1177404243
k3 v39 0 0 2070431671 283581 0 156783852
k5 v0 0 0 2070431670 283582 0 468585841
k4 v56 0 0 2070431671 283583 0 3346389799
k17 v56 0 0 2070431671 283584 0 4105909642
k0 v10 0 0 2070431671 283585 0 128533596
k1 v29 0 0 2070431671 283586 0 878023260
k9 v25 0 0 2070431671 283587 0 4274118096
k16 v2 0 0 2070431671 283588 0 3035778599
k13 v51 0 0 2070431671 283589 0 2685226183
k5 v71 0 0 2070431671 283590 0 1936306153
k11 v92 0 0 2070431671 283591 0 472006422
k7 v17 0 0 2070431671 283592 0 3738666641
k16 v94 0 0 2070431671 283593 0 3700316399
k15 v55 0 0 2070431671 283594 0 3074867614
k6 v44 0 0 2070431671 283595 0 678375533
k3 v35 0 0 2070431671 283596 0 2498598391
k11 v88 0 0 2070431671 283597 0 2193079088
k19 v58 0 0 2070431671 283598 0 2907138698
k8 v96 0 0 2070431671 283599 0 196523746
k4 v21 0 0 2070431671 283600 0 2019382905
k12 v81 0 0 2070431671 283601 0 1204837406
k13 v26 0 0 2070431671 283602 0 3623635857
k17 v12 0 0 2070431671 283603 0 4215845625
k1 v13 0 0 2070431672 283604 0 3091278774
k19 v89 0 0 2070431671 283605 0 3359323571
k9 v24 0 0 2070431672 283606 0 278146658
k5 v21 0 0 2070431671 283607 0 2892966506
k8 v83 0 0 2070431671 283608 0 3147382851
k9 v19 0 0 2070431671 283609 0 3570184448
k3 v49 0 0 2070431671 283610 0 1690335124
k19 v93 0 0 2070431671 283611 0 1700444448
k0 v74 0 0 2070431671 283612 0 3982272613
k10 v95 0 0 2070431669 283613 0 2350637171
k18 v65 0 0 2070431672 283614 0 3320296105
k14 v1 0 0 2070431671 283615 0 2646679617
k7 v44 0 0 2070431671 283616 0 2224518956
k15 v63 0 0 2070431671 283617 0 2146464573
k13 v28 0 0 2070431671 283618 0 891912779
k7 v27 0 0 2070431672 283619 0 3558089740
k2 v17 0 0 2070431671 283620 0 1764683611
k13 v77 0 0 2070431671 283621 0 387018847
k0 v8 0 0 2070431672 283622 0 2428174662
k14 v68 0 0 2070431671 283623 0 2967173580
k16 v88 0 0 2070431671 283624 0 3250794578
k4 v15 0 0 2070431672 283625 0 3184662539
k10 v37 0 0 2070431672 283626 0 2999180541
k4 v50 0 0 2070431672 283627 0 3063393837
k3 v61 0 0 2070431672 283628 0 1506776041
k5 v22 0 0 2070431670 283629 0 1382784734
k7 v63 0 0 2070431672 283630 0 1514579145
k8 v76 0 0 2070431671 283631 0 260184674
k16 v70 0 0 2070431672 283632 0 3373966236
k7 v58 0 0 2070431672 283633 0 940043921
k13 v69 0 0 2070431672 283634 0 1661542711
k18 v66 0 0 2070431672 283635 0 1892751948
k1 v28 0 0 2070431672 283636 0 3244158710
k12 v53 0 0 2070431672 283637 0 4284267261
k1 v94 0 0 2070431672 283638 0 3523507462
k10 v76 0 0 2070431672 283639 0 1124570616
k1 v61 0 0 2070431671 283640 0 4135760217
k8 v73 0 0 2070431672 283641 0 2949176091
k14 v68 0 0 2070431672 283642 0 599929820
k0 v50 0 0 2070431672 283643 0 3593123336
k6 v16 0 0 2070431672 283644 0 3799763931
k3 v92 0 0 2070431672 283645 0 189813746
k7 v93 0 0 2070431672 283646 0 1162255076
k6 v61 0 0 2070431672 283647 0 1106622675
k14 v8 0 0 2070431672 283648 0 1486321392
k18 v22 0 0 2070431672 283649 0 2235542567
k9 v64 0 0 2070431672 283650 0 1392267188
k1 v42 0 0 2070431671 283651 0 2771822232
k14 v60 0 0 2070431672 283652 0 3218837337
k14 v13 0 0 2070431672 283653 0 1619948938
k10 v97 0 0 2070431672 283654 0 1150066929
k5 v50 0 0 2070431672 283655 0 446509310
k7 v20 0 0 2070431672 283656 0 3049338508
k4 v70 0 0 2070431672 283657 0 1461500373
k13 v8 0 0 2070431672 283658 0 1015816839
k14 v77 0 0 2070431671 283659 0 2889774204
k10 v94 0 0 2070431672 283660 0 2366608998
k1 v36 0 0 2070431672 283661 0 250966563
k4 v26 0 0 2070431672 283662 0 556656953
k3 v88 0 0 2070431672 283663 0 2520843194
k1 v37 0 0 2070431672 283664 0 384154912
k8 v50 0 0 2070431672 283665 0 2202896070
k7 v91 0 0 2070431667 283666 0 3549897249
k5 v29 0 0 2070431672 283667 0 3149301641
k2 v82 0 0 2070431672 283668 0 3117650075
k2 v97 0 0 2070431672 283669 0 345567835
k16 v88 0 0 2070431672 283670 0 770388062
k17 v77 0 0 2070431672 283671 0 2668172484
k17 v35 0 0 2070431672 283672 0 1813198128
k16 v10 0 0 2070431672 283673 0 557137863
k17 v3 0 0 2070431672 283674 0 4251890077
k9 v40 0 0 2070431672 283675 0 2250671547
k14 v46 0 0 2070431673 283676 0 1954415109
k2 v24 0 0 2070431671 283677 0 4094915678
k6 v80 0 0 2070431672 283678 0 1921199539
k7 v45 0 0 2070431673 283679 0 549464938
k5 v36 0 0 2070431672 283680 0 489476091
k9 v65 0 0 2070431672 283681 0 643356384
k18 v79 0 0 2070431672 283682 0 3498086613
k13 v4 0 0 2070431673 283683 0 3359397226
k17 v81 0 0 2070431672 283684 0 555005255
k3 v20 0 0 2070431672 283685 0 2523420559
k10 v50 0 0 2070431672 283686 0 2821585534
k19 v95 0 0 2070431673 283687 0 4208443265
k3 v19 0 0 2070431672 283688 0 2690926293
k6 v32 0 0 2070431672 283689 0 4108756694
k11 v10 0 0 2070431673 283690 0 3130382654
k7 v14 0 0 2070431672 283691 0 3328782485
k15 v67 0 0 2070431673 283692 0 6044388
k7 v70 0 0 2070431672 283693 0 1284488328
k15 v67 0 0 2070431673 283694 0 1443274082
k15 v34 0 0 2070431672 283695 0 2705155666
k0 v32 0 0 2070431673 283696 0 1406968522
k8 v52 0 0 2070431672 283697 0 1894372853
k4 v12 0 0 2070431673 283698 0 700919722
k14 v25 0 0 2070431673 283699 0 2699852748
k5 v4 0 0 2070431673 283700 0 1302338170
k11 v69 0 0 2070431673 283701 0 2243485497
k17 v49 0 0 2070431673 283702 0 2812018685
k9 v84 0 0 2070431673 283703 0 3636704727
k12 v15 0 0 2070431672 283704 0 4166101356
k15 v27 0 0 2070431673 283705 0 3934909554
k7 v83 0 0 2070431673 283706 0 2843989597
k8 v84 0 0 2070431673 283707 0 668768775
k14 v99 0 0 2070431673 283708 0 2202050585
k6 v21 0 0 2070431673 283709 0 3197132481
k9 v38 0 0 2070431673 283710 0 2146843229
k9 v19 0 0 2070431673 283711 0 3880661287
k15 v93 0 0 2070431672 283712 0 2023844048
k2 v76 0 0 2070431670 283713 0 2802408378
k13 v48 0 0 2070431672 283714 0 1502783495
k19 v19 0 0 2070431673 283715 0 2303243636
k0 v5 0 0 2070431670 283716 0 3126402222
k10 v25 0 0 2070431673 283717 0 2291974412
k7 v56 0 0 2070431673 283718 0 3046756264
k9 v43 0 0 2070431673 283719 0 4121009204
k10 v87 0 0 2070431673 283720 0 3462633237
k14 v94 0 0 2070431673 283721 0 3881290131
k16 v32 0 0 2070431673 283722 0 1694096487
k6 v78 0 0 2070431673 283723 0 845416692
k13 v52 0 0 2070431673 283724 0 1605449056
k1 v65 0 0 2070431673 283725 0 990687983
k16 v38 0 0 2070431672 283726 0 2603268547
k15 v92 0 0 2070431672 283727 0 1660361098
k12 v20 0 0 2070431673 283728 0 3411959916
k8 v28 0 0 2070431673 283729 0 2832946695
k11 v88 0 0 2070431673 283730 0 676161495
k1 v22 0 0 2070431673 283731 0 2904539124
k5 v3 0 0 2070431673 283732 0 2626969650
k9 v15 0 0 2070431673 283733 0 97172000
k4 v50 0 0 2070431673 283734 0 3899584546
k16 v48 0 0 2070431673 283735 0 344458993
k9 v29 0 0 2070431673 283736 0 3499487597
k16 v44 0 0 2070431673 283737 0 4119353752
k7 v9 0 0 2070431673 283738 0 524214534
k13 v58 0 0 2070431673 283739 0 3167256868
k6 v99 0 0 2070431673 283740 0 2875986035
k3 v13 0 0 2070431673 283741 0 1539294013
k11 v39 0 0 2070431673 283742 0 616538883
k16 v56 0 0 2070431673 283743 0 3250552587
k5 v62 0 0 2070431673 283744 0 3347249180
k5 v31 0 0 2070431673 283745 0 4229104562
k14 v28 0 0 2070431673 283746 0 557946264
k19 v1 0 0 2070431673 283747 0 2708419056
k18 v53 0 0 2070431673 283748 0 3836888963
k8 v11 0 0 2070431673 283749 0 804537762
k8 v81 0 0 2070431673 283750 0 1172053556
k19 v22 0 0 2070431673 283751 0 2738995511
k12 v16 0 0 2070431673 283752 0 3418587477
k2 v91 0 0 2070431673 283753 0 470048422
k13 v33 0 0 2070431674 283754 0 3277919356
k12 v59 0 0 2070431674 283755 0 3760286225
k13 v25 0 0 2070431674 283756 0 3937298613
k6 v26 0 0 2070431673 283757 0 3348895543
k7 v75 0 0 2070431672 283758 0 894905181
k0 v27 0 0 2070431674 283759 0 3682040476
k14 v41 0 0 2070431674 283760 0 1893402459
k10 v65 0 0 2070431673 283761 0 3379590324
k5 v70 0 0 2070431674 283762 0 3448600575
k12 v63 0 0 2070431674 283763 0 2553696531
k0 v97 0 0 2070431673 283764 0 951465988
k14 v44 0 0 2070431672 283765 0 3762891398
k18 v46 0 0 2070431674 283766 0 3340821755
k6 v81 0 0 2070431674 283767 0 4016901871
k9 v13 0 0 2070431674 283768 0 1846752716
k12 v15 0 0 2070431674 283769 0 2401083924
k16 v91 0 0 2070431672 283770 0 4063312209
k1 v95 0 0 2070431674 283771 0 528167735
k19 v78 0 0 2070431672 283772 0 2641649951
k7 v97 0 0 2070431674 283773 0 172578115
k6 v54 0 0 2070431674 283774 0 1188653399
k18 v5 0 0 2070431674 283775 0 3256839083
k1 v70 0 0 2070431674 283776 0 2826926431
k6 v38 0 0 2070431674 283777 0 1224671929
k16 v27 0 0 2070431674 283778 0 642296990
k17 v79 0 0 2070431673 283779 0 977187408
k2 v61 0 0 2070431673 283780 0 1944326424
k8 v2 0 0 2070431660 283781 0 3048547638
k16 v67 0 0 2070431674 283782 0 3305244562
k1 v84 0 0 2070431674 283783 0 3702304336
k5 v20 0 0 2070431673 283784 0 380597071
k10 v44 0 0 2070431673 283785 0 639739521
k4 v97 0 0 2070431674 283786 0 176676614
k7 v40 0 0 2070431674 283787 0 753729466
k8 v32 0 0 2070431673 283788 0 1956167984
k17 v47 0 0 2070431674 283789 0 1497445872
k4 v22 0 0 2070431674 283790 0 679037245
k0 v27 0 0 2070431673 283791 0 275841257
k4 v31 0 0 2070431674 283792 0 708634091
k3 v76 0 0 2070431674 283793 0 3055808044
k14 v71 0 0 2070431674 283794 0 1693779841
k9 v64 0 0 2070431674 283795 0 1480731767
k14 v76 0 0 2070431674 283796 0 3079127952
k11 v64 0 0 2070431674 283797 0 1621576836
k13 v89 0 0 2070431674 283798 0 1865910719
k14 v98 0 0 2070431674 283799 0 4196964488
k2 v31 0 0 2070431674 283800 0 2725437130
k8 v56 0 0 2070431674 283801 0 1094704145
k18 v48 0 0 2070431674 283802 0 3864659580
k13 v38 0 0 2070431674 283803 0 3774532478
k19 v82 0 0 2070431674 283804 0 1265493725
k8 v4 0 0 2070431674 283805 0 2428184240
k2 v85 0 0 2070431673 283806 0 4008448153
k19 v37 0 0 2070431674 283807 0 354872980
k4 v81 0 0 2070431674 283808 0 3649940781
k4 v5 0 0 2070431674 283809 0 3163285498
k13 v87 0 0 2070431673 283810 0 3802333223
k11 v33 0 0 2070431672 283811 0 3397747421
k16 v74 0 0 2070431674 283812 0 2730746399
k7 v3 0 0 2070431674 283813 0 4210906578
k4 v28 0 0 2070431674 283814 0 1299213801
k15 v16 0 0 2070431674 283815 0 2811510447
k15 v57 0 0 2070431674 283816 0 4213658257
k8 v3 0 0 2070431674 283817 0 1108052118
k12 v59 0 0 2070431674 283818 0 182824150
k7 v25 0 0 2070431675 283819 0 4106235050
k18 v90 0 0 2070431674 283820 0 3806521457
k9 v37 0 0 2070431674 283821 0 1251138603
k12 v64 0 0 2070431674 283822 0 1057193547
k7 v12 0 0 2070431675 283823 0 2519948809
k8 v13 0 0 2070431674 283824 0 113191070
k10 v83 0 0 2070431674 283825 0 2942275910
k11 v88 0 0 2070431674 283826 0 762557225
k10 v20 0 0 2070431674 283827 0 4093031941
k8 v87 0 0 2070431675 283828 0 2456094397
k18 v81 0 0 2070431675 283829 0 87550846
k3 v11 0 0 2070431675 283830 0 321489828
k0 v99 0 0 2070431675 283831 0 3305004060
k17 v84 0 0 2070431675 283832 0 3129692949
k4 v94 0 0 2070431675 283833 0 1086691744
k9 v99 0 0 2070431674 283834 0 4008247605
k8 v97 0 0 2070431675 283835 0 3117650265
k10 v44 0 0 2070431674 283836 0 1409221612
k14 v61 0 0 2070431673 283837 0 2402503493
k9 v21 0 0 2070431675 283838 0 1304499072
k15 v69 0 0 2070431675 283839 0 3514258218
k18 v15 0 0 2070431674 283840 0 3893841322
k3 v72 0 0 2070431675 283841 0 1458168940
k0 v90 0 0 2070431675 283842 0 304149678
k13 v31 0 0 2070431675 283843 0 3555036872
k5 v88 0 0 2070431675 283844 0 3713289539
k19 v85 0 0 2070431675 283845 0 2022824269
k9 v21 0 0 2070431675 283846 0 3591186571
k9 v51 0 0 2070431675 283847 0 2800852882
k9 v24 0 0 2070431674 283848 0 2947470724
k17 v70 0 0 2070431675 283849 0 1590229036
k11 v40 0 0 2070431674 283850 0 3568752981
k0 v96 0 0 2070431675 283851 0 3169603727
k7 v94 0 0 2070431674 283852 0 3877432816
k13 v49 0 0 2070431673 283853 0 3765747090
k5 v83 0 0 2070431675 283854 0 4007967756
k3 v45 0 0 2070431675 283855 0 2837278511
k3 v44 0 0 2070431674 283856 0 738002740
k7 v45 0 0 2070431674 283857 0 1474145440
k11 v88 0 0 2070431675 283858 0 2048231612
k7 v12 0 0 2070431675 283859 0 1771282438
k11 v0 0 0 2070431675 283860 0 2944563150
k3 v35 0 0 2070431674 283861 0 1786417844
k11 v23 0 0 2070431675 283862 0 1912098076
k3 v15 0 0 2070431675 283863 0 1881338325
k15 v81 0 0 2070431675 283864 0 738604430
k10 v89 0 0 2070431675 283865 0 870947130
k0 v64 0 0 2070431675 283866 0 1999667635
k11 v24 0 0 2070431675 283867 0 3989512138
k18 v37 0 0 2070431675 283868 0 3253363875
k10 v41 0 0 2070431675 283869 0 898370889
k18 v77 0 0 2070431675 283870 0 436764711
k19 v59 0 0 2070431675 283871 0 1700532648
k2 v30 0 0 2070431674 283872 0 4033646987
k3 v37 0 0 2070431675 283873 0 1609231379
k0 v46 0 0 2070431675 283874 0 1791950583
k7 v91 0 0 2070431676 283875 0 3262543931
k18 v26 0 0 2070431674 283876 0 1757191004
k11 v60 0 0 2070431675 283877 0 2954730015
k1 v76 0 0 2070431675 283878 0 639031756
k7 v1 0 0 2070431675 283879 0 50051064
k13 v74 0 0 2070431675 283880 0 3366056139
k14 v86 0 0 2070431676 283881 0 2941757285
k9 v25 0 0 2070431675 283882 0 4120313778
k2 v92 0 0 2070431675 283883 0 628726254
k1 v72 0 0 2070431676 283884 0 1100823879
k2 v83 0 0 2070431676 283885 0 118587731
k18 v58 0 0 2070431675 283886 0 3746894272
k6 v55 0 0 2070431676 283887 0 428429764
k7 v89 0 0 2070431676 283888 0 2122650727
k6 v58 0 0 2070431675 283889 0 3218373892
k10 v15 0 0 2070431676 283890 0 2723388066
k9 v47 0 0 2070431676 283891 0 1829090031
k9 v9 0 0 2070431675 283892 0 3187206411
k12 v98 0 0 2070431675 283893 0 2042892976
k11 v39 0 0 2070431676 283894 0 1790872036
k19 v85 0 0 2070431676 283895 0 4274408957
k8 v9 0 0 2070431676 283896 0 1077104428
k6 v88 0 0 2070431676 283897 0 114012941
k9 v80 0 0 2070431676 283898 0 1787339512
k13 v12 0 0 2070431676 283899 0 3828399685
k4 v44 0 0 2070431675 283900 0 2042862860
k7 v10 0 0 2070431675 283901 0 3589536012
k5 v18 0 0 2070431675 283902 0 2392043412
k0 v68 0 0 2070431675 283903 0 1698714570
k8 v35 0 0 2070431675 283904 0 298452899
k16 v36 0 0 2070431675 283905 0 1080101667
k9 v98 0 0 2070431676 283906 0 1097303728
k17 v45 0 0 2070431676 283907 0 2716159748
k19 v27 0 0 2070431675 283908 0 2037519934
k3 v19 0 0 2070431675 283909 0 3855236963
k2 v34 0 0 2070431676 283910 0 1923286266
k13 v98 0 0 2070431674 283911 0 2860821669
k18 v69 0 0 2070431675 283912 0 304951691
k9 v36 0 0 2070431676 283913 0 3843840942
k9 v23 0 0 2070431676 283914 0 504209128
k0 v55 0 0 2070431676 283915 0 1897405910
k7 v47 0 0 2070431676 283916 0 2040013737
k3 v57 0 0 2070431676 283917 0 4278530277
k14 v39 0 0 2070431676 283918 0 3951803250
k14 v86 0 0 2070431676 283919 0 3504566663
k15 v95 0 0 2070431676 283920 0 2825342999
k15 v49 0 0 2070431676 283921 0 3399209710
k6 v91 0 0 2070431675 283922 0 649897541
k12 v39 0 0 2070431676 283923 0 3891506842
k4 v1 0 0 2070431676 283924 0 3201681048
k0 v68 0 0 2070431676 283925 0 3188795329
k4 v25 0 0 2070431676 283926 0 835245959
k17 v10 0 0 2070431676 283927 0 80268368
k12 v5 0 0 2070431676 283928 0 1150503107
k16 v66 0 0 2070431676 283929 0 3975942279
k10 v79 0 0 2070431675 283930 0 3170650079
k13 v24 0 0 2070431676 283931 0 1728039368
k1 v99 0 0 2070431676 283932 0 1116964237
k8 v63 0 0 2070431676 283933 0 3678548526
k4 v27 0 0 2070431676 283934 0 3371346366
k10 v38 0 0 2070431676 283935 0 949652356
k9 v16 0 0 2070431676 283936 0 2133555960
k7 v28 0 0 2070431676 283937 0 3919950689
k14 v12 0 0 2070431676 283938 0 1052374297
k18 v92 0 0 2070431676 283939 0 45428635
k6 v97 0 0 2070431677 283940 0 3590398685
k15 v64 0 0 2070431676 283941 0 2625874316
k0 v19 0 0 2070431676 283942 0 4183650474
k10 v0 0 0 2070431677 283943 0 1788540091
k13 v31 0 0 2070431676 283944 0 2862053513
k0 v56 0 0 2070431676 283945 0 3631911671
k1 v58 0 0 2070431676 283946 0 1910268039
k8 v87 0 0 2070431676 283947 0 658703942
k3 v35 0 0 2070431677 283948 0 2383387925
k10 v85 0 0 2070431676 283949 0 2044550965
k18 v69 0 0 2070431676 283950 0 2845703222
k17 v76 0 0 2070431676 283951 0 633595200
k12 v3 0 0 2070431677 283952 0 4089064327
k4 v92 0 0 2070431677 283953 0 988944607
k8 v60 0 0 2070431675 283954 0 2980614770
k18 v1 0 0 2070431677 283955 0 3777373260
k5 v16 0 0 2070431676 283956 0 2068047103
k7 v42 0 0 2070431677 283957 0 2158652085
k11 v81 0 0 2070431675 283958 0 974455341
k6 v14 0 0 2070431677 283959 0 2354755359
k17 v7 0 0 2070431677 283960 0 3333352389
k11 v24 0 0 2070431677 283961 0 1091098708
k15 v59 0 0 2070431676 283962 0 2036705903
k7 v19 0 0 2070431677 283963 0 1506872757
k16 v30 0 0 2070431677 283964 0 2616319096
k19 v28 0 0 2070431677 283965 0 4142621597
k4 v73 0 0 2070431677 283966 0 4083901749
k5 v66 0 0 2070431677 283967 0 3310611745
k4 v1 0 0 2070431677 283968 0 3653444054
k5 v99 0 0 2070431675 283969 0 696203485
k17 v83 0 0 2070431677 283970 0 2489933760
k7 v38 0 0 2070431677 283971 0 3951443771
k14 v63 0 0 2070431677 283972 0 58001615
k8 v92 0 0 2070431677 283973 0 965946884
k6 v28 0 0 2070431677 283974 0 2455282228
k0 v62 0 0 2070431677 283975 0 593839498
k19 v90 0 0 2070431677 283976 0 523437902
k8 v39 0 0 2070431677 283977 0 2931521651
k17 v93 0 0 2070431677 283978 0 3278526038
k14 v42 0 0 2070431677 283979 0 1629678399
k10 v14 0 0 2070431676 283980 0 2118823094
k19 v62 0 0 2070431677 283981 0 3723833110
k10 v12 0 0 2070431677 283982 0 83186559
k1 v14 0 0 2070431677 283983 0 148132968
k8 v18 0 0 2070431677 283984 0 258561718
k1 v48 0 0 2070431677 283985 0 10176800
k15 v70 0 0 2070431676 283986 0 200257256
k10 v2 0 0 2070431676 283987 0 25738953
k4 v88 0 0 2070431676 283988 0 3585831289
k0 v43 0 0 2070431677 283989 0 86996864
k11 v8 0 0 2070431677 283990 0 3281815129
k7 v30 0 0 2070431677 283991 0 2093204611
k1 v87 0 0 2070431677 283992 0 93112380
k15 v98 0 0 2070431677 283993 0 4125420038
k17 v85 0 0 2070431677 283994 0 2125998619
k7 v49 0 0 2070431677 283995 0 2314496555
k2 v84 0 0 2070431676 283996 0 1946581329
k15 v96 0 0 2070431677 283997 0 2289067109
k2 v42 0 0 2070431677 283998 0 2500314201
k7 v44 0 0 2070431677 283999 0 2467308426
k11 v31 0 0 2070431677 284000 0 669406652
k17 v15 0 0 2070431677 284001 0 2032073891
k8 v19 0 0 2070431677 284002 0 4251912276
k11 v98 0 0 2070431676 284003 0 4192985886
k0 v31 0 0 2070431677 284004 0 3532864315
k15 v40 0 0 2070431677 284005 0 1447935348
k9 v0 0 0 2070431677 284006 0 457705974
k17 v19 0 0 2070431677 284007 0 4235355854
k18 v60 0 0 2070431677 284008 0 2628897317
k9 v35 0 0 2070431677 284009 0 2988050397
k15 v26 0 0 2070431677 284010 0 1491516181
k18 v36 0 0 2070431678 284011 0 2626753287
k13 v11 0 0 2070431677 284012 0 490770333
k17 v59 0 0 2070431677 284013 0 2334510406
k3 v70 0 0 2070431677 284014 0 3525990348
k17 v10 0 0 2070431677 284015 0 926581647
k7 v29 0 0 2070431677 284016 0 2514484748
k0 v61 0 0 2070431678 284017 0 2894042950
k19 v23 0 0 2070431678 284018 0 1651511579
k15 v75 0 0 2070431677 284019 0 2880359091
k17 v21 0 0 2070431678 284020 0 2404541082
k16 v59 0 0 2070431677 284021 0 539425609
k13 v46 0 0 2070431677 284022 0 1935741042
k1 v39 0 0 2070431677 284023 0 2566800884
k7 v79 0 0 2070431677 284024 0 680306162
k3 v23 0 0 2070431678 284025 0 853344407
k9 v65 0 0 2070431678 284026 0 1644518133
k0 v51 0 0 2070431677 284027 0 201832784
k18 v75 0 0 2070431677 284028 0 728059338
k6 v68 0 0 2070431678 284029 0 634166047
k7 v80 0 0 2070431678 284030 0 548108983
k4 v45 0 0 2070431676 284031 0 1180613931
k6 v43 0 0 2070431678 284032 0 290239206
k3 v26 0 0 2070431678 284033 0 1322196281
k1 v77 0 0 2070431678 284034 0 73196660
k0 v73 0 0 2070431677 284035 0 301581844
k5 v89 0 0 2070431678 284036 0 1675354924
k4 v7 0 0 2070431677 284037 0 328987069
k13 v37 0 0 2070431678 284038 0 1575763325
k2 v10 0 0 2070431678 284039 0 3496869969
k14 v15 0 0 2070431678 284040 0 3368636079
k9 v68 0 0 2070431677 284041 0 1186505857
k14 v79 0 0 2070431678 284042 0 3757315072
k2 v93 0 0 2070431677 284043 0 2092279886
k6 v90 0 0 2070431678 284044 0 1159839868
k2 v71 0 0 2070431678 284045 0 3939395416
k2 v48 0 0 2070431678 284046 0 1111579532
k3 v76 0 0 2070431678 284047 0 2731493789
k6 v8 0 0 2070431678 284048 0 446910714
k18 v31 0 0 2070431678 284049 0 3016228215
k19 v38 0 0 2070431676 284050 0 360855835
k4 v69 0 0 2070431678 284051 0 1621880637
k16 v62 0 0 2070431678 284052 0 2651370808
k0 v49 0 0 2070431678 284053 0 3053792593
k8 v53 0 0 2070431678 284054 0 825416464
k18 v60 0 0 2070431678 284055 0 4143211567
k15 v32 0 0 2070431678 284056 0 27446820
k9 v18 0 0 2070431677 284057 0 2026368872
k11 v59 0 0 2070431678 284058 0 1530059911
k12 v76 0 0 2070431678 284059 0 2895619495
k7 v67 0 0 2070431678 284060 0 350950015
k10 v18 0 0 2070431678 284061 0 1683688638
k18 v13 0 0 2070431678 284062 0 2109572899
k0 v37 0 0 2070431678 284063 0 3294387767
k17 v85 0 0 2070431678 284064 0 1676471312
k17 v35 0 0 2070431678 284065 0 605771460
k4 v47 0 0 2070431676 284066 0 3306856331
k11 v60 0 0 2070431678 284067 0 1565397254
k1 v88 0 0 2070431678 284068 0 2661848732
k14 v41 0 0 2070431678 284069 0 3644935668
k12 v48 0 0 2070431678 284070 0 473367300
k8 v70 0 0 2070431678 284071 0 78428044
k11 v29 0 0 2070431678 284072 0 3418252859
k11 v27 0 0 2070431677 284073 0 310185649
k19 v28 0 0 2070431678 284074 0 4164598237
k12 v45 0 0 2070431678 284075 0 3608277484
k15 v60 0 0 2070431678 284076 0 1170992099
k1 v90 0 0 2070431678 284077 0 452179272
k4 v22 0 0 2070431678 284078 0 2456166361
k15 v37 0 0 2070431678 284079 0 2922698394
k13 v4 0 0 2070431678 284080 0 691050803
k11 v69 0 0 2070431678 284081 0 4181096062
k1 v56 0 0 2070431678 284082 0 3757086248
k12 v23 0 0 2070431679 284083 0 883132890
k19 v15 0 0 2070431678 284084 0 1042905774
k7 v3 0 0 2070431678 284085 0 2202871915
k2 v15 0 0 2070431678 284086 0 1881744224
k0 v4 0 0 2070431679 284087 0 4182561444
k12 v99 0 0 2070431679 284088 0 3735976890
k6 v4 0 0 2070431679 284089 0 356427178
k6 v91 0 0 2070431679 284090 0 2153295347
k2 v24 0 0 2070431678 284091 0 550725173
k2 v15 0 0 2070431678 284092 0 361204819
k3 v50 0 0 2070431679 284093 0 1647739900
k16 v81 0 0 2070431676 284094 0 2829367442
k2 v61 0 0 2070431679 284095 0 2976282379
k2 v74 0 0 2070431679 284096 0 773551945
k15 v85 0 0 2070431678 284097 0 2919967495
k10 v28 0 0 2070431679 284098 0 158429879
k1 v96 0 0 2070431679 284099 0 3328649351
k2 v20 0 0 2070431678 284100 0 3226001607
k0 v72 0 0 2070431679 284101 0 3213030232
k5 v53 0 0 2070431678 284102 0 1116328313
k12 v16 0 0 2070431678 284103 0 506654053
k3 v99 0 0 2070431679 284104 0 1437444584
k14 v19 0 0 2070431679 284105 0 362235942
k18 v57 0 0 2070431679 284106 0 895399564
k11 v61 0 0 2070431679 284107 0 1219637513
k16 v55 0 0 2070431679 284108 0 2355158226
k13 v73 0 0 2070431678 284109 0 2719562466
k10 v89 0 0 2070431679 284110 0 3545693487
k1 v35 0 0 2070431678 284111 0 438620429
k9 v41 0 0 2070431678 284112 0 381332713
k0 v80 0 0 2070431677 284113 0 522653821
k11 v5 0 0 2070431678 284114 0 2970022427
k7 v96 0 0 2070431679 284115 0 834085676
k1 v99 0 0 2070431679 284116 0 2345628340
k9 v61 0 0 2070431679 284117 0 1134778703
k15 v73 0 0 2070431679 284118 0 2610959216
k5 v73 0 0 2070431679 284119 0 2295423846
k7 v93 0 0 2070431679 284120 0 1695332655
k0 v54 0 0 2070431679 284121 0 3705781150
k0 v26 0 0 2070431679 284122 0 1424300169
k9 v20 0 0 2070431679 284123 0 1377246703
k8 v64 0 0 2070431679 284124 0 3660680734
k17 v19 0 0 2070431679 284125 0 1626776949
k19 v35 0 0 2070431679 284126 0 2438658940
k9 v48 0 0 2070431679 284127 0 1570573215
k11 v52 0 0 2070431679 284128 0 404305537
k8 v91 0 0 2070431679 284129 0 134262626
k1 v56 0 0 2070431677 284130 0 2148494978
k7 v10 0 0 2070431678 284131 0 992257659
k5 v30 0 0 2070431679 284132 0 3589351346
k9 v71 0 0 2070431678 284133 0 2000407333
k5 v55 0 0 2070431679 284134 0 1578915309
k15 v14 0 0 2070431679 284135 0 989010438
k18 v86 0 0 2070431679 284136 0 4205755840
k19 v59 0 0 2070431679 284137 0 2894632999
k3 v54 0 0 2070431679 284138 0 2047103965
k18 v4 0 0 2070431679 284139 0 9052448
k9 v38 0 0 2070431679 284140 0 2142660530
k4 v1 0 0 2070431678 284141 0 2771495074
k9 v11 0 0 2070431678 284142 0 2639456551
k17 v99 0 0 2070431679 284143 0 399734583
k5 v80 0 0 2070431679 284144 0 3624410404
k16 v69 0 0 2070431679 284145 0 2532291915
k4 v44 0 0 2070431679 284146 0 145454054
k1 v77 0 0 2070431679 284147 0 1579730633
k3 v7 0 0 2070431666 284148 0 2549659151
k14 v10 0 0 2070431679 284149 0 1184317954
k11 v91 0 0 2070431679 284150 0 1294854667
k14 v57 0 0 2070431680 284151 0 3167212783
k15 v71 0 0 2070431679 284152 0 2894603690
k3 v48 0 0 2070431680 284153 0 292002859
k6 v23 0 0 2070431679 284154 0 3249540079
k6 v67 0 0 2070431679 284155 0 2227164492
k12 v86 0 0 2070431679 284156 0 319574461
k10 v9 0 0 2070431679 284157 0 2509656241
k19 v48 0 0 2070431679 284158 0 3575660674
k13 v41 0 0 2070431680 284159 0 425646082
k15 v77 0 0 2070431679 284160 0 417031332
k3 v70 0 0 2070431679 284161 0 119849051
k5 v70 0 0 2070431679 284162 0 3250840034
k7 v41 0 0 2070431679 284163 0 725072623
k15 v86 0 0 2070431680 284164 0 2503196978
k15 v31 0 0 2070431680 284165 0 864083317
k6 v64 0 0 2070431679 284166 0 41776412
k3 v74 0 0 2070431680 284167 0 3747960958
k14 v34 0 0 2070431680 284168 0 920099315
k17 v85 0 0 2070431680 284169 0 1654792540
k19 v31 0 0 2070431680 284170 0 1339072946
k7 v13 0 0 2070431680 284171 0 2681771785
k19 v71 0 0 2070431679 284172 0 2951287665
k17 v93 0 0 2070431679 284173 0 1115711824
k19 v21 0 0 2070431680 284174 0 3026642728
k15 v16 0 0 2070431680 284175 0 935465132
k17 v24 0 0 2070431680 284176 0 1084843241
k15 v5 0 0 2070431680 284177 0 3462109710
k11 v83 0 0 2070431679 284178 0 3546562943
k5 v13 0 0 2070431680 284179 0 3130511080
k0 v50 0 0 2070431680 284180 0 1182150826
k16 v92 0 0 2070431680 284181 0 1158171015
k16 v73 0 0 2070431680 284182 0 3633130930
k17 v51 0 0 2070431680 284183 0 1961853398
k12 v13 0 0 2070431680 284184 0 2025205345
k18 v74 0 0 2070431680 284185 0 2616929466
k14 v44 0 0 2070431680 284186 0 3408731951
k14 v3 0 0 2070431680 284187 0 1443636262
k15 v19 0 0 2070431679 284188 0 895061255
k5 v71 0 0 2070431680 284189 0 2369321631
k2 v42 0 0 2070431680 284190 0 4281760870
k4 v79 0 0 2070431679 284191 0 2189292092
k6 v52 0 0 2070431680 284192 0 1384529129
k17 v67 0 0 2070431679 284193 0 1256595501
k7 v69 0 0 2070431680 284194 0 3603130400
k13 v30 0 0 2070431679 284195 0 1887897486
k18 v77 0 0 2070431679 284196 0 3729493118
k15 v54 0 0 2070431680 284197 0 3613207827
k16 v94 0 0 2070431680 284198 0 288032044
k5 v21 0 0 2070431680 284199 0 31004557
k16 v15 0 0 2070431680 284200 0 2214799733
k7 v4 0 0 2070431680 284201 0 2921531051
k17 v85 0 0 2070431679 284202 0 1469644593
k6 v93 0 0 2070431680 284203 0 76918594
k13 v23 0 0 2070431680 284204 0 2222831616
k14 v78 0 0 2070431680 284205 0 1418595762
k7 v11 0 0 2070431680 284206 0 229494313
k3 v65 0 0 2070431681 284207 0 4283052900
k8 v16 0 0 2070431680 284208 0 74096316
k17 v42 0 0 2070431680 284209 0 2731891038
k17 v12 0 0 2070431680 284210 0 4294315781
k11 v20 0 0 2070431681 284211 0 1985853647
k1 v17 0 0 2070431681 284212 0 3443559979
k9 v30 0 0 2070431681 284213 0 3512884130
k12 v1 0 0 2070431680 284214 0 3631927176
k2 v41 0 0 2070431679 284215 0 4055428933
k10 v39 0 0 2070431680 284216 0 161720872
k13 v11 0 0 2070431681 284217 0 3555226885
k8 v36 0 0 2070431680 284218 0 3782014454
k16 v59 0 0 2070431681 284219 0 1499906501
k4 v21 0 0 2070431680 284220 0 1434977823
k6 v30 0 0 2070431680 284221 0 1538808943
k8 v31 0 0 2070431681 284222 0 875234600
k4 v80 0 0 2070431680 284223 0 3673450129
k5 v84 0 0 2070431681 284224 0 2357326149
k5 v18 0 0 2070431681 284225 0 4236539655
k3 v88 0 0 2070431681 284226 0 2152455254
k18 v0 0 0 2070431680 284227 0 57013972
k12 v16 0 0 2070431681 284228 0 738302932
k0 v69 0 0 2070431681 284229 0 3349073490
k1 v50 0 0 2070431681 284230 0 256875247
k12 v40 0 0 2070431680 284231 0 967528644
k7 v86 0 0 2070431675 284232 0 2813483194
k0 v75 0 0 2070431681 284233 0 1885336218
k18 v5 0 0 2070431680 284234 0 33562431
k2 v63 0 0 2070431681 284235 0 3496646846
k2 v9 0 0 2070431680 284236 0 519888728
k16 v52 0 0 2070431680 284237 0 985244611
k19 v96 0 0 2070431681 284238 0 2121106062
k11 v14 0 0 2070431681 284239 0 2297663251
k8 v57 0 0 2070431681 284240 0 1888387851
k16 v71 0 0 2070431675 284241 0 3046678466
k12 v43 0 0 2070431680 284242 0 3093321800
k19 v6 0 0 2070431681 284243 0 1009104617
k19 v62 0 0 2070431681 284244 0 3580870512
k19 v71 0 0 2070431681 284245 0 4228333669
k13 v67 0 0 2070431681 284246 0 570203426
k19 v20 0 0 2070431680 284247 0 3940523546
k5 v63 0 0 2070431681 284248 0 372402392
k17 v36 0 0 2070431681 284249 0 1316789277
k0 v7 0 0 2070431681 284250 0 3072951829
k2 v6 0 0 2070431681 284251 0 3842327954
k18 v98 0 0 2070431681 284252 0 42252037
k16 v48 0 0 2070431680 284253 0 2459384277
k14 v11 0 0 2070431681 284254 0 2306152116
k2 v85 0 0 2070431681 284255 0 2198566249
k1 v20 0 0 2070431680 284256 0 4174759709
k1 v7 0 0 2070431680 284257 0 602567820
k14 v19 0 0 2070431681 284258 0 3088813834
k16 v64 0 0 2070431681 284259 0 2468408663
k6 v33 0 0 2070431681 284260 0 648644774
k11 v97 0 0 2070431681 284261 0 3434775372
k10 v35 0 0 2070431681 284262 0 1998341340
k12 v32 0 0 2070431681 284263 0 1658126567
k11 v36 0 0 2070431681 284264 0 362562628
k9 v79 0 0 2070431682 284265 0 3871147021
k15 v20 0 0 2070431681 284266 0 1007655198
k8 v16 0 0 2070431681 284267 0 1272315487
k0 v79 0 0 2070431681 284268 0 1180095569
k2 v18 0 0 2070431681 284269 0 562104441
k11 v2 0 0 2070431681 284270 0 3806369322
k6 v84 0 0 2070431682 284271 0 257423669
k16 v35 0 0 2070431681 284272 0 2601802897
k15 v15 0 0 2070431682 284273 0 2661372531
k4 v89 0 0 2070431682 284274 0 703060020
k18 v42 0 0 2070431682 284275 0 1057676322
k12 v88 0 0 2070431681 284276 0 395949374
k9 v6 0 0 2070431682 284277 0 3194993369
k17 v34 0 0 2070431682 284278 0 291529322
k10 v45 0 0 2070431681 284279 0 4241322360
k13 v17 0 0 2070431682 284280 0 2580824699
k13 v90 0 0 2070431681 284281 0 3405175612
k9 v85 0 0 2070431682 284282 0 1010896133
k8 v20 0 0 2070431682 284283 0 1419054724
k9 v36 0 0 2070431682 284284 0 2606656732
k15 v63 0 0 2070431682 284285 0 778283333
k14 v55 0 0 2070431681 284286 0 4019128455
k3 v0 0 0 2070431681 284287 0 680298578
k14 v54 0 0 2070431682 284288 0 2598640044
k8 v47 0 0 2070431682 284289 0 3103999323
k12 v8 0 0 2070431682 284290 0 144486845
k16 v97 0 0 2070431682 284291 0 1070619452
k4 v31 0 0 2070431682 284292 0 3054768031
k6 v43 0 0 2070431682 284293 0 3786415587
k6 v15 0 0 2070431682 284294 0 2817626580
k4 v26 0 0 2070431681 284295 0 155499446
k13 v96 0 0 2070431682 284296 0 2396634618
k4 v64 0 0 2070431680 284297 0 804236189
k19 v76 0 0 2070431682 284298 0 783944715
k12 v4 0 0 2070431682 284299 0 174602015
k17 v98 0 0 2070431682 284300 0 1984605282
k13 v87 0 0 2070431681 284301 0 46647532
k12 v36 0 0 2070431682 284302 0 127780555
k12 v18 0 0 2070431682 284303 0 3820666256
k17 v76 0 0 2070431681 284304 0 1453205842
k9 v47 0 0 2070431682 284305 0 946525790
k9 v92 0 0 2070431682 284306 0 2417810385
k6 v16 0 0 2070431682 284307 0 2484654903
k19 v96 0 0 2070431682 284308 0 1243110481
k15 v5 0 0 2070431682 284309 0 3183177459
k11 v21 0 0 2070431682 284310 0 1007866446
k7 v77 0 0 2070431682 284311 0 3416902354
k13 v44 0 0 2070431682 284312 0 1040561916
k8 v6 0 0 2070431682 284313 0 1897529546
k7 v5 0 0 2070431682 284314 0 1298711431
k4 v5 0 0 2070431682 284315 0 1829461894
k0 v1 0 0 2070431682 284316 0 1416262684
k17 v36 0 0 2070431682 284317 0 3758560254
k7 v77 0 0 2070431682 284318 0 443249051
k3 v49 0 0 2070431682 284319 0 1640638669
k15 v29 0 0 2070431681 284320 0 761011413
k19 v62 0 0 2070431682 284321 0 2594592513
k16 v67 0 0 2070431682 284322 0 3959492437
k11 v75 0 0 2070431682 284323 0 3602338728
k19 v96 0 0 2070431682 284324 0 3844720435
k8 v14 0 0 2070431681 284325 0 211297768
k15 v84 0 0 2070431682 284326 0 2196681238
k5 v2 0 0 2070431682 284327 0 2870427918
k7 v87 0 0 2070431682 284328 0 1412972780
k4 v37 0 0 2070431682 284329 0 1697301253
k9 v7 0 0 2070431682 284330 0 737990881
k2 v6 0 0 2070431682 284331 0 3619379622
k16 v10 0 0 2070431682 284332 0 1700808105
k0 v88 0 0 2070431682 284333 0 3156745119
k11 v18 0 0 2070431683 284334 0 351448237
k1 v63 0 0 2070431683 284335 0 1544995227
k8 v68 0 0 2070431683 284336 0 3733168338
k1 v97 0 0 2070431682 284337 0 2691876848
k6 v98 0 0 2070431682 284338 0 768357296
k6 v52 0 0 2070431682 284339 0 1422503682
k3 v76 0 0 2070431683 284340 0 2112398131
k18 v51 0 0 2070431682 284341 0 3522104910
k6 v81 0 0 2070431683 284342 0 2040570699
k9 v54 0 0 2070431682 284343 0 1498027856
k15 v87 0 0 2070431682 284344 0 469557740
k16 v81 0 0 2070431683 284345 0 1015772379
k14 v72 0 0 2070431682 284346 0 3576051339
k19 v77 0 0 2070431683 284347 0 2961956650
k8 v60 0 0 2070431683 284348 0 3633597803
k11 v96 0 0 2070431682 284349 0 1421051626
k11 v41 0 0 2070431683 284350 0 25984970
k4 v34 0 0 2070431683 284351 0 3418297052
k5 v30 0 0 2070431683 284352 0 889995410
k14 v36 0 0 2070431683 284353 0 959268741
k12 v35 0 0 2070431683 284354 0 873459442
k19 v34 0 0 2070431683 284355 0 1043308270
k17 v52 0 0 2070431683 284356 0 2322556002
k14 v31 0 0 2070431682 284357 0 1890526348
k3 v87 0 0 2070431683 284358 0 2642540388
k19 v22 0 0 2070431683 284359 0 2305019817
k0 v35 0 0 2070431682 284360 0 2037581711
k19 v40 0 0 2070431683 284361 0 2131724466
k10 v18 0 0 2070431683 284362 0 3742376724
k3 v51 0 0 2070431683 284363 0 1354859376
k17 v53 0 0 2070431683 284364 0 3749217279
k18 v78 0 0 2070431681 284365 0 619770958
k17 v59 0 0 2070431683 284366 0 3126542659
k13 v44 0 0 2070431682 284367 0 1178424380
k13 v29 0 0 2070431683 284368 0 1298352902
k9 v10 0 0 2070431683 284369 0 815776968
k18 v82 0 0 2070431683 284370 0 23085649
k18 v45 0 0 2070431681 284371 0 2349981491
k2 v48 0 0 2070431683 284372 0 3020774584
k5 v44 0 0 2070431683 284373 0 144296124
k13 v8 0 0 2070431683 284374 0 89152136
k5 v88 0 0 2070431683 284375 0 3137232668
k13 v13 0 0 2070431683 284376 0 4264111714
k8 v88 0 0 2070431683 284377 0 324941311
k1 v22 0 0 2070431681 284378 0 3674877834
k5 v51 0 0 2070431683 284379 0 1176925111
k5 v78 0 0 2070431679 284380 0 3468275795
k11 v65 0 0 2070431683 284381 0 3127261180
k10 v77 0 0 2070431682 284382 0 2475064167
k2 v47 0 0 2070431683 284383 0 3671415525
k17 v18 0 0 2070431683 284384 0 4117573942
k6 v67 0 0 2070431683 284385 0 1746361741
k13 v92 0 0 2070431683 284386 0 3051379567
k2 v76 0 0 2070431683 284387 0 2696947268
k8 v31 0 0 2070431683 284388 0 969541740
k0 v38 0 0 2070431683 284389 0 3637811199
k8 v61 0 0 2070431683 284390 0 2113040246
k18 v77 0 0 2070431683 284391 0 1970929963
k12 v97 0 0 2070431683 284392 0 1622658711
k12 v67 0 0 2070431683 284393 0 901345528
k10 v8 0 0 2070431683 284394 0 917953218
k12 v88 0 0 2070431683 284395 0 3434327023
k8 v75 0 0 2070431684 284396 0 4032473390
k1 v94 0 0 2070431682 284397 0 38539244
k19 v20 0 0 2070431682 284398 0 2667999646
k2 v39 0 0 2070431684 284399 0 1528962174
k4 v85 0 0 2070431683 284400 0 1915971868
k14 v49 0 0 2070431683 284401 0 2239703340
k9 v33 0 0 2070431681 284402 0 1132008130
k12 v9 0 0 2070431683 284403 0 2697379317
k7 v91 0 0 2070431684 284404 0 3142120699
k17 v84 0 0 2070431684 284405 0 476698476
k13 v39 0 0 2070431683 284406 0 3579879709
k10 v91 0 0 2070431684 284407 0 3971382977
k15 v81 0 0 2070431683 284408 0 1696506830
k18 v65 0 0 2070431683 284409 0 2058452231
k14 v53 0 0 2070431683 284410 0 1432965626
k9 v63 0 0 2070431684 284411 0 2891293303
k1 v28 0 0 2070431684 284412 0 2806656337
k9 v66 0 0 2070431683 284413 0 3207338483
k7 v74 0 0 2070431683 284414 0 1208634234
k16 v16 0 0 2070431683 284415 0 4244349682
k1 v20 0 0 2070431684 284416 0 1593655015
k3 v8 0 0 2070431683 284417 0 3720887758
k1 v56 0 0 2070431684 284418 0 767166692
k10 v48 0 0 2070431684 284419 0 597318367
k15 v20 0 0 2070431683 284420 0 169004773
k17 v79 0 0 2070431684 284421 0 2177191813
k14 v80 0 0 2070431684 284422 0 1755596705
k6 v74 0 0 2070431684 284423 0 2495316009
k19 v14 0 0 2070431682 284424 0 2546106480
k16 v88 0 0 2070431684 284425 0 1470682173
k11 v61 0 0 2070431684 284426 0 558890516
k10 v94 0 0 2070431684 284427 0 3300424368
k10 v62 0 0 2070431684 284428 0 2333504644
k7 v88 0 0 2070431684 284429 0 1778659506
k6 v2 0 0 2070431683 284430 0 2375100569
k1 v63 0 0 2070431684 284431 0 2942842175
k10 v90 0 0 2070431684 284432 0 4141879195
k18 v10 0 0 2070431684 284433 0 3400561802
k5 v39 0 0 2070431684 284434 0 141903858
k18 v59 0 0 2070431684 284435 0 1991195203
k17 v75 0 0 2070431683 284436 0 380995463
k7 v69 0 0 2070431683 284437 0 1227377124
k10 v28 0 0 2070431684 284438 0 3476601398
k15 v45 0 0 2070431684 284439 0 224445275
k3 v2 0 0 2070431684 284440 0 3381838021
k9 v35 0 0 2070431684 284441 0 2745072236
k2 v74 0 0 2070431684 284442 0 2305911881
k10 v78 0 0 2070431684 284443 0 2762011229
k14 v26 0 0 2070431684 284444 0 2137393483
k1 v48 0 0 2070431684 284445 0 419265723
k4 v52 0 0 2070431684 284446 0 1613776799
k19 v84 0 0 2070431684 284447 0 3290770542
k8 v18 0 0 2070431684 284448 0 3149540385
k8 v69 0 0 2070431684 284449 0 2921439358
k9 v76 0 0 2070431684 284450 0 102197355
k7 v71 0 0 2070431684 284451 0 322686693
k18 v13 0 0 2070431684 284452 0 2022667443
k0 v52 0 0 2070431684 284453 0 484014206
k11 v38 0 0 2070431683 284454 0 1768745435
k7 v13 0 0 2070431684 284455 0 1269069995
k4 v5 0 0 2070431684 284456 0 446141863
k2 v48 0 0 2070431684 284457 0 1575767347
k12 v99 0 0 2070431684 284458 0 497591742
k0 v26 0 0 2070431684 284459 0 3241999861
k2 v42 0 0 2070431684 284460 0 1207879059
k10 v39 0 0 2070431684 284461 0 3800857420
k3 v52 0 0 2070431684 284462 0 1902235227
k0 v35 0 0 2070431685 284463 0 3310118380
k18 v38 0 0 2070431684 284464 0 4196792169
k7 v86 0 0 2070431685 284465 0 350919835
k7 v74 0 0 2070431683 284466 0 2138259325
k2 v53 0 0 2070431681 284467 0 3135432168
k2 v52 0 0 2070431683 284468 0 439928092
k15 v32 0 0 2070431685 284469 0 1336025573
k6 v1 0 0 2070431685 284470 0 3814638600
k18 v24 0 0 2070431685 284471 0 114743280
k13 v39 0 0 2070431684 284472 0 3196484485
k0 v97 0 0 2070431684 284473 0 64778690
k1 v51 0 0 2070431685 284474 0 2825690455
k5 v98 0 0 2070431684 284475 0 2989944098
k19 v59 0 0 2070431685 284476 0 223488790
k18 v99 0 0 2070431685 284477 0 3090283854
k4 v4 0 0 2070431684 284478 0 3807860481
k3 v10 0 0 2070431685 284479 0 2278166286
k0 v11 0 0 2070431684 284480 0 2189226399
k5 v20 0 0 2070431685 284481 0 3533386402
k5 v35 0 0 2070431685 284482 0 1306931936
k11 v1 0 0 2070431685 284483 0 3424230968
k14 v84 0 0 2070431685 284484 0 2972618294
k16 v58 0 0 2070431685 284485 0 1044700966
k6 v30 0 0 2070431685 284486 0 1961172678
k2 v12 0 0 2070431685 284487 0 1135147493
k14 v41 0 0 2070431685 284488 0 18488552
k14 v97 0 0 2070431684 284489 0 4166598321
k5 v76 0 0 2070431685 284490 0 3275911972
k9 v50 0 0 2070431685 284491 0 3126541432
k12 v33 0 0 2070431684 284492 0 2021530725
k18 v82 0 0 2070431685 284493 0 2070613414
k13 v70 0 0 2070431685 284494 0 3299678424
k3 v52 0 0 2070431685 284495 0 4191559487
k6 v84 0 0 2070431685 284496 0 1696994365
k1 v34 0 0 2070431685 284497 0 1416115783
k17 v23 0 0 2070431685 284498 0 1255029928
k13 v61 0 0 2070431685 284499 0 2344541773
k0 v77 0 0 2070431685 284500 0 2322030543
k10 v20 0 0 2070431685 284501 0 4117827183
k15 v69 0 0 2070431685 284502 0 2939617188
k1 v3 0 0 2070431685 284503 0 3667373799
k5 v67 0 0 2070431684 284504 0 643060364
k0 v82 0 0 2070431685 284505 0 2425353403
k14 v42 0 0 2070431684 284506 0 1245006575
k16 v72 0 0 2070431685 284507 0 151792186
k10 v59 0 0 2070431685 284508 0 3051937418
k10 v5 0 0 2070431685 284509 0 3650932726
k14 v84 0 0 2070431685 284510 0 1647253464
k0 v66 0 0 2070431685 284511 0 1745075297
k10 v66 0 0 2070431686 284512 0 3352013078
k15 v28 0 0 2070431685 284513 0 3228670767
k0 v10 0 0 2070431686 284514 0 1983861834
k14 v59 0 0 2070431685 284515 0 30960483
k9 v4 0 0 2070431686 284516 0 1890236389
k2 v45 0 0 2070431685 284517 0 2560787641
k0 v93 0 0 2070431684 284518 0 318003335
k2 v19 0 0 2070431685 284519 0 1479807993
k5 v81 0 0 2070431685 284520 0 3673870877
k2 v68 0 0 2070431684 284521 0 1384225320
k1 v41 0 0 2070431685 284522 0 3751484609
k17 v79 0 0 2070431686 284523 0 1231703327
k16 v76 0 0 2070431685 284524 0 1867007694
k16 v41 0 0 2070431685 284525 0 3960034303
k9 v83 0 0 2070431686 284526 0 3355764289
k10 v90 0 0 2070431686 284527 0 1892479473
k3 v31 0 0 2070431686 284528 0 797615641
k13 v64 0 0 2070431686 284529 0 2589098293
k6 v33 0 0 2070431685 284530 0 973044750
k16 v40 0 0 2070431685 284531 0 3972056970
k5 v10 0 0 2070431686 284532 0 3100536037
k13 v60 0 0 2070431686 284533 0 798157009
k2 v0 0 0 2070431686 284534 0 2412667152
k17 v29 0 0 2070431686 284535 0 2479949707
k12 v6 0 0 2070431686 284536 0 1395977929
k17 v81 0 0 2070431686 284537 0 4245339056
k14 v10 0 0 2070431686 284538 0 3543674860
k18 v68 0 0 2070431686 284539 0 1056615666
k1 v86 0 0 2070431686 284540 0 2984291916
k8 v73 0 0 2070431686 284541 0 1420716494
k8 v29 0 0 2070431686 284542 0 2780110102
k6 v76 0 0 2070431685 284543 0 787410412
k8 v98 0 0 2070431686 284544 0 3361999427
k14 v2 0 0 2070431686 284545 0 1095375446
k12 v5 0 0 2070431686 284546 0 4191335814
k16 v39 0 0 2070431686 284547 0 2684426950
k11 v72 0 0 2070431686 284548 0 1907032420
k7 v61 0 0 2070431686 284549 0 3210988892
k17 v77 0 0 2070431685 284550 0 4034872541
k10 v28 0 0 2070431686 284551 0 3773701589
k8 v91 0 0 2070431685 284552 0 3922669029
k3 v65 0 0 2070431686 284553 0 184485163
k14 v71 0 0 2070431685 284554 0 1725244721
k12 v46 0 0 2070431686 284555 0 2261861785
k14 v85 0 0 2070431686 284556 0 3633587239
k6 v0 0 0 2070431686 284557 0 4241481057
k10 v51 0 0 2070431686 284558 0 2692205872
k11 v35 0 0 2070431686 284559 0 2597320762
k9 v42 0 0 2070431686 284560 0 3409698704
k18 v37 0 0 2070431685 284561 0 2413499638
k13 v66 0 0 2070431686 284562 0 3026290350
k1 v75 0 0 2070431686 284563 0 2062936837
k4 v6 0 0 2070431686 284564 0 2144822446
k14 v91 0 0 2070431685 284565 0 2923931289
k7 v56 0 0 2070431685 284566 0 799680110
k0 v98 0 0 2070431686 284567 0 3765751496
k10 v21 0 0 2070431681 284568 0 3239312424
k19 v68 0 0 2070431686 284569 0 2739045581
k12 v81 0 0 2070431686 284570 0 778948332
k0 v93 0 0 2070431686 284571 0 2241763329
k4 v42 0 0 2070431687 284572 0 2951995354
k3 v10 0 0 2070431687 284573 0 2277279644
k0 v26 0 0 2070431686 284574 0 2374973390
k14 v81 0 0 2070431686 284575 0 3201321171
k19 v24 0 0 2070431686 284576 0 3839347557
k0 v10 0 0 2070431686 284577 0 1503623995
k18 v94 0 0 2070431686 284578 0 3217786794
k8 v98 0 0 2070431687 284579 0 3005663945
k2 v21 0 0 2070431687 284580 0 583516179
k18 v95 0 0 2070431687 284581 0 3432529926
k9 v5 0 0 2070431686 284582 0 2121298472
k13 v30 0 0 2070431686 284583 0 2934210581
k16 v24 0 0 2070431686 284584 0 2881303890
k1 v84 0 0 2070431687 284585 0 3286881663
k9 v12 0 0 2070431687 284586 0 3598111399
k1 v9 0 0 2070431687 284587 0 2782436632
k3 v20 0 0 2070431687 284588 0 336239497
k10 v70 0 0 2070431687 284589 0 4240266631
k13 v67 0 0 2070431687 284590 0 616995017
k4 v89 0 0 2070431687 284591 0 2335782822
k10 v54 0 0 2070431687 284592 0 3030518879
k11 v62 0 0 2070431687 284593 0 3388459260
k13 v26 0 0 2070431686 284594 0 4221461166
k10 v51 0 0 2070431687 284595 0 3496561287
k18 v69 0 0 2070431687 284596 0 490212915
k12 v73 0 0 2070431687 284597 0 566463517
k10 v86 0 0 2070431686 284598 0 3774356628
k2 v49 0 0 2070431685 284599 0 3674522980
k14 v40 0 0 2070431686 284600 0 2251371382
k3 v41 0 0 2070431686 284601 0 2258559112
k2 v79 0 0 2070431687 284602 0 481234256
k11 v21 0 0 2070431687 284603 0 1774392812
k1 v27 0 0 2070431687 284604 0 2831900585
k9 v15 0 0 2070431687 284605 0 12179873
k1 v13 0 0 2070431687 284606 0 2936951953
k7 v58 0 0 2070431687 284607 0 2069137513
k12 v81 0 0 2070431687 284608 0 1038417169
k0 v30 0 0 2070431685 284609 0 3131959616
k9 v61 0 0 2070431686 284610 0 2544642636
k5 v14 0 0 2070431687 284611 0 9809761
k11 v46 0 0 2070431687 284612 0 1717824975
k16 v22 0 0 2070431687 284613 0 2970725055
k13 v71 0 0 2070431687 284614 0 1207287248
k5 v83 0 0 2070431687 284615 0 1066747422
k13 v78 0 0 2070431687 284616 0 2373923494
k5 v58 0 0 2070431687 284617 0 2533372343
k7 v60 0 0 2070431687 284618 0 466332352
k4 v12 0 0 2070431687 284619 0 3608957544
k0 v17 0 0 2070431687 284620 0 793650932
k14 v12 0 0 2070431687 284621 0 401155950
k11 v50 0 0 2070431687 284622 0 2145144285
k3 v59 0 0 2070431687 284623 0 2038891478
k7 v2 0 0 2070431687 284624 0 3511952667
k1 v49 0 0 2070431686 284625 0 2436625593
k4 v41 0 0 2070431687 284626 0 1883781649
k19 v89 0 0 2070431687 284627 0 1384093977
k13 v62 0 0 2070431687 284628 0 3648357073
k7 v84 0 0 2070431687 284629 0 2645869105
k14 v71 0 0 2070431687 284630 0 1453601812
k3 v54 0 0 2070431687 284631 0 4230090190
k18 v21 0 0 2070431685 284632 0 2876322939
k7 v54 0 0 2070431688 284633 0 392748147
k11 v59 0 0 2070431687 284634 0 3505941912
k3 v7 0 0 2070431687 284635 0 3198565746
k3 v20 0 0 2070431686 284636 0 1489237654
k8 v85 0 0 2070431687 284637 0 294806854
k18 v23 0 0 2070431687 284638 0 3648367872
k0 v70 0 0 2070431687 284639 0 3895940319
k15 v75 0 0 2070431687 284640 0 2255823644
k2 v19 0 0 2070431687 284641 0 3333878665
k17 v21 0 0 2070431688 284642 0 1128000679
k7 v53 0 0 2070431688 284643 0 4083379301
k18 v38 0 0 2070431688 284644 0 67632835
k14 v85 0 0 2070431688 284645 0 4114915343
k12 v20 0 0 2070431688 284646 0 3642710434
k12 v46 0 0 2070431688 284647 0 2988110064
k17 v66 0 0 2070431686 284648 0 1608758327
k9 v7 0 0 2070431688 284649 0 1500486103
k6 v86 0 0 2070431686 284650 0 3559846715
k12 v80 0 0 2070431688 284651 0 1454026073
k5 v11 0 0 2070431688 284652 0 3726350029
k7 v74 0 0 2070431687 284653 0 771863312
k13 v65 0 0 2070431687 284654 0 2446032331
k16 v14 0 0 2070431688 284655 0 3328157823
k11 v67 0 0 2070431687 284656 0 2225453612
k2 v57 0 0 2070431688 284657 0 1125081928
k1 v85 0 0 2070431688 284658 0 3496853093
k14 v73 0 0 2070431687 284659 0 1227195747
k7 v14 0 0 2070431688 284660 0 678906336
k10 v59 0 0 2070431688 284661 0 3910640462
k8 v27 0 0 2070431688 284662 0 3103145923
k4 v47 0 0 2070431688 284663 0 1463151089
k11 v59 0 0 2070431688 284664 0 252952031
k3 v77 0 0 2070431688 284665 0 214455354
k10 v97 0 0 2070431687 284666 0 1367695759
k4 v59 0 0 2070431687 284667 0 1817966240
k19 v69 0 0 2070431688 284668 0 3623957270
k12 v8 0 0 2070431688 284669 0 3433088598
k7 v16 0 0 2070431688 284670 0 3816510811
k14 v12 0 0 2070431686 284671 0 3716736283
k11 v96 0 0 2070431688 284672 0 320802178
k6 v9 0 0 2070431688 284673 0 1688509475
k12 v69 0 0 2070431688 284674 0 53111862
k15 v68 0 0 2070431687 284675 0 3503287347
k13 v67 0 0 2070431688 284676 0 3013062407
k8 v21 0 0 2070431688 284677 0 1080048740
k10 v74 0 0 2070431688 284678 0 1803711968
k13 v26 0 0 2070431688 284679 0 1133612085
k14 v52 0 0 2070431687 284680 0 295475010
k5 v62 0 0 2070431688 284681 0 1000381903
k0 v89 0 0 2070431688 284682 0 1780421251
k16 v27 0 0 2070431688 284683 0 1282036611
k1 v10 0 0 2070431688 284684 0 3852613837
k4 v20 0 0 2070431688 284685 0 478724136
k9 v92 0 0 2070431688 284686 0 940664467
k4 v55 0 0 2070431688 284687 0 1825830125
k8 v96 0 0 2070431688 284688 0 1930185360
k11 v95 0 0 2070431688 284689 0 1411309246
k17 v75 0 0 2070431688 284690 0 3122360586
k19 v86 0 0 2070431688 284691 0 2916070387
k11 v66 0 0 2070431688 284692 0 1435807654
k14 v80 0 0 2070431688 284693 0 2152481989
k7 v47 0 0 2070431689 284694 0 2842100136
k13 v82 0 0 2070431689 284695 0 2798325247
k13 v76 0 0 2070431688 284696 0 1135885013
k12 v57 0 0 2070431689 284697 0 2362825701
k9 v66 0 0 2070431689 284698 0 1761756611
k15 v83 0 0 2070431689 284699 0 2194869199
k4 v53 0 0 2070431689 284700 0 3719612860
k19 v71 0 0 2070431689 284701 0 2069481018
k19 v52 0 0 2070431681 284702 0 3372008187
k3 v58 0 0 2070431689 284703 0 2991757737
k3 v22 0 0 2070431689 284704 0 3286313224
k8 v79 0 0 2070431689 284705 0 334986767
k13 v5 0 0 2070431688 284706 0 1450222371
k10 v53 0 0 2070431688 284707 0 1416216353
k3 v94 0 0 2070431689 284708 0 3046862916
k4 v69 0 0 2070431689 284709 0 545083432
k8 v65 0 0 2070431689 284710 0 598629896
k3 v21 0 0 2070431688 284711 0 3696753198
k5 v65 0 0 2070431688 284712 0 1185166453
k5 v96 0 0 2070431689 284713 0 1890174798
k17 v27 0 0 2070431689 284714 0 3818877924
k5 v55 0 0 2070431688 284715 0 1929060433
k16 v91 0 0 2070431688 284716 0 1556082028
k18 v89 0 0 2070431689 284717 0 1719449795
k18 v47 0 0 2070431689 284718 0 3474449062
k3 v54 0 0 2070431689 284719 0 2588485375
k18 v3 0 0 2070431689 284720 0 3407660736
k2 v71 0 0 2070431689 284721 0 82520344
k0 v80 0 0 2070431687 284722 0 4272426856
k16 v21 0 0 2070431688 284723 0 2103586021
k6 v49 0 0 2070431689 284724 0 2667915423
k14 v40 0 0 2070431687 284725 0 2362733734
k12 v64 0 0 2070431689 284726 0 4119899401
k8 v57 0 0 2070431688 284727 0 332628583
k0 v82 0 0 2070431689 284728 0 3674440540
k18 v97 0 0 2070431689 284729 0 2090591213
k8 v46 0 0 2070431689 284730 0 1799866065
k6 v66 0 0 2070431689 284731 0 2079049649
k1 v76 0 0 2070431689 284732 0 3114635074
k7 v6 0 0 2070431689 284733 0 2081179621
k7 v73 0 0 2070431689 284734 0 700418721
k3 v43 0 0 2070431689 284735 0 1273403536
k19 v73 0 0 2070431689 284736 0 4237334568
k17 v96 0 0 2070431689 284737 0 4038935706
k1 v16 0 0 2070431689 284738 0 3044499982
k2 v80 0 0 2070431689 284739 0 3833757007
k5 v53 0 0 2070431689 284740 0 1104055220
k9 v73 0 0 2070431689 284741 0 3170130237
k1 v40 0 0 2070431689 284742 0 1138198257
k3 v55 0 0 2070431689 284743 0 51001304
k4 v10 0 0 2070431689 284744 0 58846485
k0 v28 0 0 2070431689 284745 0 4228065686
k6 v22 0 0 2070431689 284746 0 1844553745
k7 v73 0 0 2070431689 284747 0 131977191
k3 v39 0 0 2070431689 284748 0 3321222718
k4 v97 0 0 2070431689 284749 0 1922645181
k9 v47 0 0 2070431688 284750 0 1567910767
k3 v27 0 0 2070431688 284751 0 1602080551
k16 v46 0 0 2070431687 284752 0 2943335128
k3 v42 0 0 2070431689 284753 0 2086041826
k2 v97 0 0 2070431689 284754 0 725572285
k8 v54 0 0 2070431689 284755 0 1202305844
k3 v11 0 0 2070431689 284756 0 598427208
k2 v10 0 0 2070431689 284757 0 3299124891
k12 v60 0 0 2070431689 284758 0 548502875
k0 v35 0 0 2070431689 284759 0 2030012830
k19 v54 0 0 2070431689 284760 0 2843826859
k17 v33 0 0 2070431689 284761 0 1251015139
k6 v60 0 0 2070431689 284762 0 3526282060
k14 v81 0 0 2070431689 284763 0 2590072645
k7 v75 0 0 2070431689 284764 0 2874660255
k7 v83 0 0 2070431689 284765 0 2054878757
k10 v16 0 0 2070431689 284766 0 3156616936
k0 v39 0 0 2070431689 284767 0 923543458
k3 v5 0 0 2070431689 284768 0 1782284815
k11 v14 0 0 2070431689 284769 0 1778624127
k3 v22 0 0 2070431689 284770 0 2730687113
k10 v65 0 0 2070431688 284771 0 4165013780
k14 v45 0 0 2070431689 284772 0 4217299623
k10 v64 0 0 2070431686 284773 0 3130677986
k13 v89 0 0 2070431689 284774 0 1065414057
k0 v87 0 0 2070431689 284775 0 1139601381
k5 v15 0 0 2070431689 284776 0 2198342405
k10 v23 0 0 2070431689 284777 0 4100665186
k11 v86 0 0 2070431689 284778 0 37486957
k3 v78 0 0 2070431689 284779 0 2838914779
k19 v23 0 0 2070431689 284780 0 733763434
k3 v47 0 0 2070431689 284781 0 1832016172
k2 v94 0 0 2070431689 284782 0 3658752930
k4 v19 0 0 2070431689 284783 0 3177606978
k3 v13 0 0 2070431689 284784 0 3549151509
k12 v55 0 0 2070431689 284785 0 3444818617
k6 v45 0 0 2070431689 284786 0 1939010080
k6 v61 0 0 2070431689 284787 0 3231721797
k3 v64 0 0 2070431689 284788 0 4154306258
k10 v13 0 0 2070431689 284789 0 447399730
k17 v82 0 0 2070431689 284790 0 1666989900
k12 v46 0 0 2070431689 284791 0 2559484894
k4 v95 0 0 2070431689 284792 0 1400570025
k19 v60 0 0 2070431689 284793 0 3154323439
k19 v45 0 0 2070431689 284794 0 1007444042
k10 v73 0 0 2070431689 284795 0 1105258447
k5 v45 0 0 2070431689 284796 0 79012138
k15 v33 0 0 2070431689 284797 0 4194355889
k4 v6 0 0 2070431689 284798 0 2870458040
k17 v50 0 0 2070431689 284799 0 3498147034
k1 v52 0 0 2070431689 284800 0 2074061291
k5 v2 0 0 2070431689 284801 0 1956817329
k11 v68 0 0 2070431689 284802 0 1875421411
k1 v31 0 0 2070431689 284803 0 153530916
k19 v70 0 0 2070431689 284804 0 992614767
k18 v4 0 0 2070431689 284805 0 214454318
k9 v28 0 0 2070431689 284806 0 328100653
k0 v28 0 0 2070431689 284807 0 2438984606
k3 v78 0 0 2070431689 284808 0 3976286537
k14 v60 0 0 2070431688 284809 0 1180888131
k12 v23 0 0 2070431689 284810 0 173147816
k14 v61 0 0 2070431690 284811 0 780155084
k9 v79 0 0 2070431690 284812 0 2521855765
k2 v16 0 0 2070431689 284813 0 2072069824
k6 v16 0 0 2070431689 284814 0 882667924
k3 v38 0 0 2070431689 284815 0 1268007304
k4 v71 0 0 2070431689 284816 0 4232405930
k17 v55 0 0 2070431689 284817 0 871940261
k2 v57 0 0 2070431689 284818 0 4025196790
k11 v60 0 0 2070431690 284819 0 403817157
k2 v50 0 0 2070431690 284820 0 3422829916
k0 v81 0 0 2070431689 284821 0 4245382537
k3 v57 0 0 2070431689 284822 0 2352028913
k8 v0 0 0 2070431690 284823 0 1965078393
k19 v69 0 0 2070431690 284824 0 1476176899
k11 v12 0 0 2070431689 284825 0 503303212
k8 v10 0 0 2070431689 284826 0 1841037766
k10 v16 0 0 2070431690 284827 0 4066615371
k1 v80 0 0 2070431689 284828 0 3537702738
k14 v65 0 0 2070431690 284829 0 2868045764
k16 v19 0 0 2070431689 284830 0 629232008
k15 v52 0 0 2070431690 284831 0 1656801631
k8 v51 0 0 2070431690 284832 0 2008587872
k5 v74 0 0 2070431689 284833 0 844069194
k0 v49 0 0 2070431690 284834 0 593113068
k17 v56 0 0 2070431690 284835 0 2782344427
k14 v13 0 0 2070431690 284836 0 3245116081
k13 v73 0 0 2070431690 284837 0 1492330136
k12 v32 0 0 2070431690 284838 0 864481150
k18 v86 0 0 2070431690 284839 0 3618844220
k0 v18 0 0 2070431690 284840 0 2856140814
k4 v17 0 0 2070431689 284841 0 3352407957
k15 v82 0 0 2070431689 284842 0 3964079394
k17 v32 0 0 2070431690 284843 0 1309830007
k14 v59 0 0 2070431689 284844 0 3150796123
k4 v72 0 0 2070431690 284845 0 1983819808
k9 v91 0 0 2070431690 284846 0 3135482616
k14 v55 0 0 2070431689 284847 0 1138113395
k6 v54 0 0 2070431690 284848 0 1323401516
k10 v73 0 0 2070431690 284849 0 3050972334
k6 v67 0 0 2070431690 284850 0 1397599802
k4 v61 0 0 2070431690 284851 0 602132807
k6 v42 0 0 2070431690 284852 0 2922716634
k3 v11 0 0 2070431690 284853 0 244034867
k8 v62 0 0 2070431690 284854 0 4057500285
k4 v76 0 0 2070431690 284855 0 957428046
k14 v1 0 0 2070431690 284856 0 3883051889
k18 v29 0 0 2070431690 284857 0 4027844394
k11 v81 0 0 2070431690 284858 0 2964024494
k5 v73 0 0 2070431690 284859 0 626869385
k7 v80 0 0 2070431690 284860 0 4176695444
k10 v31 0 0 2070431690 284861 0 2796554495
k3 v15 0 0 2070431690 284862 0 1530644850
k4 v19 0 0 2070431689 284863 0 4019933726
k10 v27 0 0 2070431690 284864 0 3225346801
k19 v31 0 0 2070431690 284865 0 1494639625
k4 v47 0 0 2070431690 284866 0 235103601
k1 v89 0 0 2070431690 284867 0 2730777053
k11 v27 0 0 2070431689 284868 0 4291577921
k0 v20 0 0 2070431690 284869 0 2663283576
k8 v23 0 0 2070431690 284870 0 3786319082
k15 v57 0 0 2070431690 284871 0 1313059228
k14 v55 0 0 2070431690 284872 0 886275591
k11 v42 0 0 2070431690 284873 0 3363381516
k3 v69 0 0 2070431690 284874 0 3060973424
k14 v71 0 0 2070431690 284875 0 3518694116
k19 v84 0 0 2070431690 284876 0 111085175
k11 v47 0 0 2070431690 284877 0 2275357719
k19 v6 0 0 2070431690 284878 0 1778066882
k8 v2 0 0 2070431690 284879 0 1137372052
k10 v69 0 0 2070431690 284880 0 2781693219
k0 v62 0 0 2070431690 284881 0 2228137549
k7 v69 0 0 2070431690 284882 0 3945332312
k11 v89 0 0 2070431690 284883 0 3327979652
k18 v40 0 0 2070431690 284884 0 3714068360
k0 v78 0 0 2070431690 284885 0 678250729
k14 v28 0 0 2070431690 284886 0 2220195019
k10 v30 0 0 2070431690 284887 0 2668869941
k6 v35 0 0 2070431690 284888 0 3567339208
k3 v91 0 0 2070431690 284889 0 3645824924
k0 v0 0 0 2070431690 284890 0 3944426843
k11 v79 0 0 2070431690 284891 0 3116201759
k9 v30 0 0 2070431690 284892 0 1913049058
k18 v0 0 0 2070431690 284893 0 328869910
k6 v42 0 0 2070431690 284894 0 4050993976
k4 v30 0 0 2070431690 284895 0 2798735684
k4 v34 0 0 2070431690 284896 0 3272731102
k3 v83 0 0 2070431690 284897 0 320564535
k4 v47 0 0 2070431690 284898 0 2614890434
k13 v63 0 0 2070431690 284899 0 1413287262
k13 v41 0 0 2070431690 284900 0 479763724
k6 v49 0 0 2070431690 284901 0 152924399
k17 v53 0 0 2070431690 284902 0 2078714639
k13 v18 0 0 2070431690 284903 0 1110090782
k11 v85 0 0 2070431690 284904 0 3968101749
k0 v48 0 0 2070431690 284905 0 3856465111
k9 v61 0 0 2070431690 284906 0 1229187695
k7 v15 0 0 2070431688 284907 0 1589610629
k17 v51 0 0 2070431690 284908 0 1271346441
k9 v1 0 0 2070431690 284909 0 1186509694
k13 v67 0 0 2070431690 284910 0 2109565843
k14 v94 0 0 2070431690 284911 0 4053991576
k2 v83 0 0 2070431690 284912 0 1135625595
k5 v48 0 0 2070431690 284913 0 694909473
k10 v81 0 0 2070431690 284914 0 953681615
k14 v52 0 0 2070431690 284915 0 652694916
k2 v46 0 0 2070431690 284916 0 995974573
k12 v1 0 0 2070431690 284917 0 858590985
k14 v16 0 0 2070431690 284918 0 3479028779
k12 v8 0 0 2070431690 284919 0 1427296115
k6 v74 0 0 2070431690 284920 0 3737981326
k0 v43 0 0 2070431689 284921 0 3094509997
k1 v18 0 0 2070431690 284922 0 3209286543
k8 v97 0 0 2070431690 284923 0 1693790827
k11 v65 0 0 2070431690 284924 0 1020245419
k11 v38 0 0 2070431690 284925 0 514196834
k1 v78 0 0 2070431690 284926 0 756552525
k7 v65 0 0 2070431690 284927 0 4030911813
k5 v97 0 0 2070431690 284928 0 479716289
k15 v32 0 0 2070431690 284929 0 3847900099
k12 v4 0 0 2070431690 284930 0 1415749055
k17 v80 0 0 2070431690 284931 0 1442153740
k7 v76 0 0 2070431690 284932 0 3162801507
k3 v45 0 0 2070431690 284933 0 1903483544
k17 v36 0 0 2070431690 284934 0 4065158921
k18 v56 0 0 2070431690 284935 0 1802209286
k16 v29 0 0 2070431690 284936 0 3092061408
k1 v56 0 0 2070431690 284937 0 3372024353
k6 v34 0 0 2070431690 284938 0 87029002
k16 v26 0 0 2070431690 284939 0 1128951822
k13 v16 0 0 2070431690 284940 0 2012615782
k12 v76 0 0 2070431690 284941 0 61065781
k8 v56 0 0 2070431690 284942 0 722422035
k7 v56 0 0 2070431690 284943 0 1142203354
k16 v2 0 0 2070431690 284944 0 3988996331
k4 v48 0 0 2070431690 284945 0 3800692120
k13 v73 0 0 2070431690 284946 0 4229654073
k16 v56 0 0 2070431690 284947 0 2975976797
k13 v42 0 0 2070431690 284948 0 2095182354
k9 v12 0 0 2070431690 284949 0 261920238
k10 v46 0 0 2070431690 284950 0 2381496393
k18 v28 0 0 2070431690 284951 0 2073427087
k14 v65 0 0 2070431690 284952 0 4109717487
k11 v85 0 0 2070431690 284953 0 2769172825
k2 v42 0 0 2070431690 284954 0 1083145386
k10 v15 0 0 2070431690 284955 0 3524263651
k12 v75 0 0 2070431691 284956 0 774077329
k18 v37 0 0 2070431690 284957 0 3465193654
k15 v38 0 0 2070431690 284958 0 2921057337
k7 v90 0 0 2070431691 284959 0 3233526241
k14 v33 0 0 2070431691 284960 0 19892570
k10 v62 0 0 2070431691 284961 0 4029457899
k16 v20 0 0 2070431691 284962 0 4009555557
k11 v10 0 0 2070431691 284963 0 4198554985
k5 v79 0 0 2070431691 284964 0 2981512024
k12 v67 0 0 2070431691 284965 0 1381786393
k3 v50 0 0 2070431691 284966 0 1915928361
k15 v59 0 0 2070431691 284967 0 1949651121
k16 v78 0 0 2070431691 284968 0 82530168
k16 v26 0 0 2070431691 284969 0 2301342331
k2 v59 0 0 2070431691 284970 0 1181054392
k3 v12 0 0 2070431691 284971 0 3833999854
k16 v93 0 0 2070431691 284972 0 511400461
k10 v47 0 0 2070431691 284973 0 211188796
k6 v28 0 0 2070431690 284974 0 3800018095
k13 v94 0 0 2070431690 284975 0 3891995008
k1 v53 0 0 2070431691 284976 0 835668797
k2 v41 0 0 2070431690 284977 0 3348084429
k0 v51 0 0 2070431690 284978 0 844888693
k1 v56 0 0 2070431691 284979 0 2648541165
k3 v18 0 0 2070431690 284980 0 1837033266
k3 v10 0 0 2070431690 284981 0 3921543361
k8 v18 0 0 2070431691 284982 0 3854499637
k9 v35 0 0 2070431691 284983 0 893592432
k16 v56 0 0 2070431690 284984 0 2471913466
k5 v57 0 0 2070431691 284985 0 1594823945
k8 v68 0 0 2070431690 284986 0 614448375
k12 v79 0 0 2070431691 284987 0 3973506152
k3 v1 0 0 2070431691 284988 0 168377497
k16 v49 0 0 2070431690 284989 0 3317557768
k13 v34 0 0 2070431691 284990 0 2643390554
k6 v65 0 0 2070431691 284991 0 4254365544
k10 v59 0 0 2070431691 284992 0 2570168462
k16 v9 0 0 2070431691 284993 0 1417862809
k17 v17 0 0 2070431689 284994 0 1984812940
k8 v81 0 0 2070431691 284995 0 3920192729
k13 v30 0 0 2070431691 284996 0 2235153541
k19 v59 0 0 2070431691 284997 0 2139944249
k6 v30 0 0 2070431691 284998 0 2332007195
k0 v55 0 0 2070431691 284999 0 2744716793
k8 v38 0 0 2070431691 285000 0 2100800328
k3 v84 0 0 2070431691 285001 0 2678740588
k4 v35 0 0 2070431691 285002 0 4189400530
k14 v28 0 0 2070431691 285003 0 3276790007
k11 v78 0 0 2070431691 285004 0 2583855698
k9 v35 0 0 2070431691 285005 0 761443188
k15 v75 0 0 2070431691 285006 0 507070446
k19 v91 0 0 2070431691 285007 0 2598728691
k19 v56 0 0 2070431691 285008 0 3409101922
k16 v23 0 0 2070431691 285009 0 3863247084
k14 v70 0 0 2070431691 285010 0 4183339156
k4 v62 0 0 2070431691 285011 0 3208459664
k12 v77 0 0 2070431691 285012 0 3353347839
k2 v26 0 0 2070431691 285013 0 1020643978
k3 v2 0 0 2070431690 285014 0 2315674484
k7 v58 0 0 2070431691 285015 0 2176838516
k6 v81 0 0 2070431691 285016 0 1636577732
k3 v18 0 0 2070431691 285017 0 2704026846
k7 v93 0 0 2070431691 285018 0 828900236
k17 v60 0 0 2070431691 285019 0 3248861566
k9 v42 0 0 2070431691 285020 0 3677533076
k12 v19 0 0 2070431691 285021 0 21931460
k17 v22 0 0 2070431691 285022 0 4162888923
k17 v50 0 0 2070431691 285023 0 1108501838
k10 v54 0 0 2070431691 285024 0 889684094
k17 v27 0 0 2070431690 285025 0 1346495133
k12 v22 0 0 2070431691 285026 0 123939480
k0 v12 0 0 2070431691 285027 0 2191133572
k19 v21 0 0 2070431691 285028 0 1075130567
k6 v98 0 0 2070431691 285029 0 2201287992
k12 v62 0 0 2070431691 285030 0 1107485586
k17 v35 0 0 2070431691 285031 0 2891036706
k13 v5 0 0 2070431690 285032 0 1416873601
k2 v91 0 0 2070431690 285033 0 1280521084
k19 v63 0 0 2070431691 285034 0 894789579
k16 v30 0 0 2070431691 285035 0 2026129389
k5 v77 0 0 2070431691 285036 0 3705392748
k9 v44 0 0 2070431690 285037 0 3711488559
k19 v33 0 0 2070431691 285038 0 348368866
k5 v99 0 0 2070431689 285039 0 1441438338
k0 v96 0 0 2070431691 285040 0 2722694110
k4 v6 0 0 2070431691 285041 0 371490909
k19 v24 0 0 2070431691 285042 0 2516415712
k9 v50 0 0 2070431691 285043 0 2709940727
k12 v4 0 0 2070431691 285044 0 3112380570
k7 v72 0 0 2070431691 285045 0 883263708
k12 v19 0 0 2070431691 285046 0 1250054065
k7 v4 0 0 2070431691 285047 0 3016293399
k11 v13 0 0 2070431691 285048 0 4126276412
k8 v81 0 0 2070431691 285049 0 229433020
k11 v34 0 0 2070431691 285050 0 963296493
k12 v19 0 0 2070431691 285051 0 67220289
k16 v59 0 0 2070431691 285052 0 1032406442
k5 v70 0 0 2070431691 285053 0 1147527176
k11 v7 0 0 2070431691 285054 0 781230631
k14 v3 0 0 2070431691 285055 0 854560767
k18 v79 0 0 2070431691 285056 0 1347596431
k19 v35 0 0 2070431691 285057 0 334844490
k7 v4 0 0 2070431691 285058 0 898796271
k15 v87 0 0 2070431691 285059 0 431054952
k13 v94 0 0 2070431691 285060 0 395106646
k2 v83 0 0 2070431691 285061 0 3775948441
k16 v29 0 0 2070431691 285062 0 1445494187
k3 v31 0 0 2070431691 285063 0 3698791382
k14 v53 0 0 2070431691 285064 0 3541446562
k3 v91 0 0 2070431691 285065 0 1260108891
k2 v3 0 0 2070431691 285066 0 60442731
k16 v22 0 0 2070431691 285067 0 422384278
k10 v88 0 0 2070431692 285068 0 1809044469
k14 v33 0 0 2070431691 285069 0 2424656937
k2 v60 0 0 2070431692 285070 0 186678134
k11 v66 0 0 2070431691 285071 0 1679337579
k0 v18 0 0 2070431692 285072 0 549231351
k1 v32 0 0 2070431691 285073 0 2676680642
k17 v6 0 0 2070431692 285074 0 3020755052
k2 v29 0 0 2070431692 285075 0 2618451580
k13 v8 0 0 2070431691 285076 0 1307422058
k3 v76 0 0 2070431691 285077 0 1248075469
k6 v9 0 0 2070431689 285078 0 1408316186
k9 v65 0 0 2070431691 285079 0 163278296
k7 v92 0 0 2070431692 285080 0 495488686
k4 v21 0 0 2070431692 285081 0 2201174157
k9 v0 0 0 2070431692 285082 0 3430244620
k14 v1 0 0 2070431692 285083 0 674024005
k14 v27 0 0 2070431692 285084 0 1879926858
k9 v43 0 0 2070431692 285085 0 1077608098
k7 v4 0 0 2070431692 285086 0 759575505
k12 v57 0 0 2070431692 285087 0 3742224299
k15 v55 0 0 2070431692 285088 0 3840032070
k12 v43 0 0 2070431692 285089 0 2428078818
k14 v24 0 0 2070431692 285090 0 3121253043
k1 v87 0 0 2070431691 285091 0 3527734208
k4 v33 0 0 2070431692 285092 0 4241001579
k19 v80 0 0 2070431692 285093 0 2238329411
k8 v54 0 0 2070431691 285094 0 864120302
k2 v95 0 0 2070431692 285095 0 458685704
k14 v65 0 0 2070431692 285096 0 2613973704
k7 v45 0 0 2070431692 285097 0 446585502
k16 v76 0 0 2070431692 285098 0 3634897659
k11 v40 0 0 2070431692 285099 0 1211601954
k10 v44 0 0 2070431691 285100 0 1971942895
k7 v3 0 0 2070431691 285101 0 3143840443
k1 v75 0 0 2070431692 285102 0 1179648680
k16 v47 0 0 2070431692 285103 0 2454199935
k19 v8 0 0 2070431691 285104 0 1429950856
k2 v82 0 0 2070431692 285105 0 3534062831
k10 v32 0 0 2070431692 285106 0 1083756039
k3 v69 0 0 2070431691 285107 0 349346962
k1 v8 0 0 2070431692 285108 0 2762821609
k0 v16 0 0 2070431692 285109 0 1732475323
k12 v46 0 0 2070431692 285110 0 3718036830
k17 v4 0 0 2070431692 285111 0 3213199730
k10 v54 0 0 2070431692 285112 0 1462303015
k14 v61 0 0 2070431692 285113 0 519781129
k0 v30 0 0 2070431692 285114 0 3016290665
k5 v74 0 0 2070431692 285115 0 1843946637
k15 v54 0 0 2070431692 285116 0 2825615204
k17 v92 0 0 2070431692 285117 0 4023256532
k3 v61 0 0 2070431691 285118 0 257113304
k8 v51 0 0 2070431691 285119 0 453703009
k0 v38 0 0 2070431692 285120 0 1211718790
k16 v74 0 0 2070431692 285121 0 2001561530
k8 v59 0 0 2070431691 285122 0 1734558785
k11 v32 0 0 2070431692 285123 0 2769814776
k4 v13 0 0 2070431692 285124 0 4206862868
k5 v54 0 0 2070431692 285125 0 2339036073
k9 v29 0 0 2070431691 285126 0 4053528009
k4 v48 0 0 2070431692 285127 0 1858334090
k16 v35 0 0 2070431692 285128 0 3507610382
k14 v74 0 0 2070431692 285129 0 1375878747
k18 v67 0 0 2070431692 285130 0 2996093892
k4 v35 0 0 2070431692 285131 0 3874332878
k15 v7 0 0 2070431692 285132 0 383093397
k5 v99 0 0 2070431692 285133 0 1571298680
k4 v7 0 0 2070431692 285134 0 1028143453
k11 v99 0 0 2070431692 285135 0 29645370
k17 v35 0 0 2070431692 285136 0 3575860835
k17 v46 0 0 2070431692 285137 0 175551664
k15 v98 0 0 2070431692 285138 0 3511795362
k14 v97 0 0 2070431692 285139 0 799413526
k13 v87 0 0 2070431686 285140 0 2172238163
k8 v19 0 0 2070431692 285141 0 3568658536
k15 v20 0 0 2070431692 285142 0 3989183882
k2 v58 0 0 2070431692 285143 0 2083694040
k16 v39 0 0 2070431692 285144 0 2854219099
k19 v28 0 0 2070431691 285145 0 2973153449
k7 v27 0 0 2070431692 285146 0 2400382115
k6 v85 0 0 2070431692 285147 0 109201841
k14 v87 0 0 2070431692 285148 0 2888347980
k19 v33 0 0 2070431692 285149 0 1050994848
k14 v54 0 0 2070431692 285150 0 1649119978
k7 v5 0 0 2070431692 285151 0 3070519910
k15 v63 0 0 2070431685 285152 0 1290412950
k2 v39 0 0 2070431692 285153 0 4004180335
k8 v57 0 0 2070431692 285154 0 2734799302
k16 v17 0 0 2070431692 285155 0 1341848631
k6 v89 0 0 2070431692 285156 0 3446484780
k6 v69 0 0 2070431692 285157 0 129569501
k11 v42 0 0 2070431692 285158 0 709119470
k18 v91 0 0 2070431693 285159 0 1665603162
k10 v94 0 0 2070431693 285160 0 2616230003
k11 v40 0 0 2070431693 285161 0 4288954092
k2 v84 0 0 2070431692 285162 0 491451215
k14 v78 0 0 2070431693 285163 0 2960671608
k16 v92 0 0 2070431693 285164 0 2524293848
k8 v61 0 0 2070431693 285165 0 2345347446
k5 v48 0 0 2070431693 285166 0 654876253
k16 v54 0 0 2070431693 285167 0 242247939
k17 v94 0 0 2070431693 285168 0 630231765
k2 v94 0 0 2070431693 285169 0 2916002180
k6 v31 0 0 2070431693 285170 0 2536374653
k12 v44 0 0 2070431693 285171 0 3329132223
k11 v78 0 0 2070431693 285172 0 864965449
k19 v52 0 0 2070431693 285173 0 2583527533
k18 v53 0 0 2070431693 285174 0 682149688
k15 v57 0 0 2070431693 285175 0 3838317889
k6 v22 0 0 2070431693 285176 0 4043794607
k1 v92 0 0 2070431692 285177 0 216222283
k13 v8 0 0 2070431693 285178 0 704110844
k7 v91 0 0 2070431692 285179 0 3489880181
k5 v4 0 0 2070431692 285180 0 3991943858
k19 v80 0 0 2070431692 285181 0 237133203
k0 v22 0 0 2070431693 285182 0 1945999596
k10 v61 0 0 2070431693 285183 0 3722224011
k18 v47 0 0 2070431693 285184 0 4072925378
k14 v48 0 0 2070431693 285185 0 2543995671
k14 v59 0 0 2070431692 285186 0 2325258386
k19 v80 0 0 2070431691 285187 0 3606576630
k9 v76 0 0 2070431693 285188 0 3507926504
k1 v7 0 0 2070431693 285189 0 59793327
k6 v1 0 0 2070431692 285190 0 4274007514
k15 v74 0 0 2070431693 285191 0 3243749880
k12 v43 0 0 2070431693 285192 0 110714597
k10 v46 0 0 2070431692 285193 0 355757260
k17 v17 0 0 2070431693 285194 0 136502872
k8 v61 0 0 2070431693 285195 0 2157407819
k6 v78 0 0 2070431693 285196 0 565142206
k0 v17 0 0 2070431693 285197 0 1608275042
k3 v95 0 0 2070431693 285198 0 1100811882
k10 v73 0 0 2070431693 285199 0 1944442404
k18 v74 0 0 2070431693 285200 0 1589517497
k12 v97 0 0 2070431692 285201 0 440859859
k2 v89 0 0 2070431693 285202 0 1904813600
k7 v42 0 0 2070431690 285203 0 2018233712
k5 v75 0 0 2070431692 285204 0 48474963
k9 v66 0 0 2070431693 285205 0 3888428653
k14 v46 0 0 2070431693 285206 0 3117526501
k0 v21 0 0 2070431692 285207 0 1898962859
k6 v48 0 0 2070431693 285208 0 3646314930
k18 v46 0 0 2070431693 285209 0 1051480991
k14 v9 0 0 2070431693 285210 0 4155030702
k17 v92 0 0 2070431693 285211 0 1737166114
k7 v98 0 0 2070431693 285212 0 299483016
k8 v29 0 0 2070431693 285213 0 1162470802
k17 v39 0 0 2070431692 285214 0 621963914
k14 v11 0 0 2070431693 285215 0 4284069287
k11 v0 0 0 2070431693 285216 0 315031836
k18 v69 0 0 2070431693 285217 0 968254842
k13 v15 0 0 2070431693 285218 0 1923332125
k6 v76 0 0 2070431693 285219 0 2741619520
k10 v76 0 0 2070431693 285220 0 2538470781
k2 v77 0 0 2070431693 285221 0 214787524
k18 v31 0 0 2070431693 285222 0 1451196145
k14 v49 0 0 2070431693 285223 0 3149790703
k8 v8 0 0 2070431693 285224 0 2078816571
k6 v33 0 0 2070431693 285225 0 887746225
k2 v18 0 0 2070431693 285226 0 3375269604
k14 v9 0 0 2070431693 285227 0 3132068912
k2 v10 0 0 2070431693 285228 0 3396763096
k14 v62 0 0 2070431693 285229 0 2548338528
k13 v4 0 0 2070431693 285230 0 665079853
k14 v71 0 0 2070431692 285231 0 2720440725
k2 v25 0 0 2070431681 285232 0 881966759
k18 v72 0 0 2070431692 285233 0 1063021672
k2 v99 0 0 2070431693 285234 0 3125787745
k7 v87 0 0 2070431693 285235 0 3193507486
k1 v68 0 0 2070431691 285236 0 2513130699
k8 v78 0 0 2070431693 285237 0 3404023963
k14 v5 0 0 2070431693 285238 0 4022591267
k2 v74 0 0 2070431693 285239 0 1786759217
k1 v98 0 0 2070431693 285240 0 3371068827
k10 v41 0 0 2070431693 285241 0 276927742
k10 v66 0 0 2070431693 285242 0 1043095763
k9 v21 0 0 2070431693 285243 0 1160387359
k18 v98 0 0 2070431693 285244 0 1025654842
k12 v57 0 0 2070431693 285245 0 2189597784
k13 v14 0 0 2070431693 285246 0 2408344638
k1 v5 0 0 2070431693 285247 0 1282560551
k17 v67 0 0 2070431693 285248 0 3609013169
k6 v98 0 0 2070431693 285249 0 1872055932
k10 v84 0 0 2070431693 285250 0 349770330
k14 v4 0 0 2070431693 285251 0 1609245598
k10 v66 0 0 2070431692 285252 0 4081322618
k6 v63 0 0 2070431686 285253 0 3041182384
k16 v37 0 0 2070431693 285254 0 1815765883
k15 v80 0 0 2070431694 285255 0 3064549144
k6 v39 0 0 2070431693 285256 0 1302203337
k9 v4 0 0 2070431693 285257 0 2442405206
k18 v48 0 0 2070431694 285258 0 843178571
k14 v66 0 0 2070431693 285259 0 3695604412
k5 v46 0 0 2070431693 285260 0 2048908626
k2 v25 0 0 2070431694 285261 0 1189885352
k11 v66 0 0 2070431694 285262 0 2887669616
k0 v19 0 0 2070431694 285263 0 828652491
k16 v91 0 0 2070431694 285264 0 564937189
k12 v90 0 0 2070431693 285265 0 1464460136
k13 v82 0 0 2070431691 285266 0 4029065232
k5 v36 0 0 2070431694 285267 0 1451017428
k13 v12 0 0 2070431693 285268 0 2527594507
k12 v73 0 0 2070431694 285269 0 2371871751
k0 v59 0 0 2070431694 285270 0 158467716
k19 v6 0 0 2070431694 285271 0 1856919973
k0 v1 0 0 2070431693 285272 0 1787205538
k2 v67 0 0 2070431693 285273 0 2817148467
k0 v67 0 0 2070431694 285274 0 267913732
k13 v38 0 0 2070431694 285275 0 2614146091
k4 v41 0 0 2070431693 285276 0 1471175844
k2 v47 0 0 2070431694 285277 0 763857747
k8 v7 0 0 2070431694 285278 0 2815217124
k5 v70 0 0 2070431693 285279 0 1428296474
k11 v36 0 0 2070431693 285280 0 324048580
k6 v41 0 0 2070431694 285281 0 4110309294
k0 v94 0 0 2070431692 285282 0 1999446492
k5 v92 0 0 2070431694 285283 0 3075854216
k7 v63 0 0 2070431694 285284 0 1022377678
k12 v40 0 0 2070431694 285285 0 4290988328
k19 v96 0 0 2070431694 285286 0 2386588534
k5 v14 0 0 2070431694 285287 0 1927847471
k18 v50 0 0 2070431693 285288 0 844967213
k19 v67 0 0 2070431693 285289 0 711971528
k19 v15 0 0 2070431694 285290 0 1401158267
k10 v6 0 0 2070431693 285291 0 3231596406
k10 v3 0 0 2070431693 285292 0 3225009322
k8 v33 0 0 2070431694 285293 0 2303762067
k6 v7 0 0 2070431694 285294 0 3394622306
k10 v71 0 0 2070431694 285295 0 233720147
k3 v46 0 0 2070431693 285296 0 3402846099
k9 v16 0 0 2070431694 285297 0 3103875105
k9 v29 0 0 2070431694 285298 0 957910572
k16 v81 0 0 2070431694 285299 0 8715019
k15 v55 0 0 2070431694 285300 0 4143071391
k18 v75 0 0 2070431694 285301 0 2428205250
k0 v74 0 0 2070431694 285302 0 3559002678
k9 v15 0 0 2070431694 285303 0 3316233221
k3 v65 0 0 2070431694 285304 0 236991573
k10 v84 0 0 2070431694 285305 0 3709618824
k9 v6 0 0 2070431694 285306 0 4143173132
k19 v68 0 0 2070431694 285307 0 1947840675
k19 v89 0 0 2070431694 285308 0 1160354714
k19 v65 0 0 2070431694 285309 0 1556847488
k16 v56 0 0 2070431694 285310 0 779902559
k19 v51 0 0 2070431694 285311 0 2686652933
k13 v49 0 0 2070431694 285312 0 1679852581
k16 v51 0 0 2070431693 285313 0 4006650390
k8 v68 0 0 2070431693 285314 0 3307875277
k4 v88 0 0 2070431694 285315 0 98499984
k3 v87 0 0 2070431694 285316 0 617957084
k16 v58 0 0 2070431694 285317 0 2026210303
k15 v43 0 0 2070431694 285318 0 605077227
k12 v1 0 0 2070431694 285319 0 2067391913
k9 v77 0 0 2070431694 285320 0 3522380002
k13 v18 0 0 2070431694 285321 0 2769278428
k10 v95 0 0 2070431694 285322 0 1801761017
k10 v94 0 0 2070431694 285323 0 387496702
k13 v60 0 0 2070431694 285324 0 742682995
k12 v25 0 0 2070431694 285325 0 2539617858
k12 v64 0 0 2070431694 285326 0 3421246076
k1 v0 0 0 2070431694 285327 0 3507261686
k16 v41 0 0 2070431694 285328 0 2591903491
k16 v63 0 0 2070431694 285329 0 2909538739
k5 v57 0 0 2070431692 285330 0 4068458650
k17 v39 0 0 2070431694 285331 0 624043075
k15 v98 0 0 2070431695 285332 0 2339542970
k18 v1 0 0 2070431694 285333 0 356595405
k1 v47 0 0 2070431695 285334 0 55586442
k8 v64 0 0 2070431694 285335 0 105314832
k2 v71 0 0 2070431694 285336 0 1947495069
k16 v80 0 0 2070431695 285337 0 2195787758
k8 v66 0 0 2070431695 285338 0 3045913167
k17 v77 0 0 2070431694 285339 0 3874152855
k18 v82 0 0 2070431695 285340 0 4015179900
k17 v16 0 0 2070431695 285341 0 1955349252
k2 v73 0 0 2070431695 285342 0 324259598
k1 v13 0 0 2070431694 285343 0 1178255914
k3 v67 0 0 2070431694 285344 0 3286755845
k8 v62 0 0 2070431694 285345 0 2267705664
k6 v48 0 0 2070431695 285346 0 1041216002
k0 v72 0 0 2070431695 285347 0 3872773092
k15 v14 0 0 2070431695 285348 0 2182503720
k12 v8 0 0 2070431695 285349 0 1239730728
k15 v20 0 0 2070431694 285350 0 2991903795
k7 v19 0 0 2070431694 285351 0 3474004187
k17 v2 0 0 2070431695 285352 0 3075354154
k13 v30 0 0 2070431695 285353 0 667121290
k4 v3 0 0 2070431695 285354 0 3622072100
k19 v33 0 0 2070431694 285355 0 4290055319
k5 v66 0 0 2070431694 285356 0 2025761676
k19 v99 0 0 2070431695 285357 0 2534065854
k5 v49 0 0 2070431695 285358 0 2999777216
k16 v4 0 0 2070431694 285359 0 186322538
k7 v6 0 0 2070431695 285360 0 2738645286
k1 v59 0 0 2070431695 285361 0 4274966749
k5 v45 0 0 2070431695 285362 0 2572393720
k10 v40 0 0 2070431695 285363 0 981956534
k19 v73 0 0 2070431695 285364 0 985368490
k10 v11 0 0 2070431695 285365 0 2224647251
k18 v19 0 0 2070431694 285366 0 4269583002
k11 v98 0 0 2070431695 285367 0 4036100231
k15 v76 0 0 2070431695 285368 0 3177314828
k10 v99 0 0 2070431695 285369 0 2416311451
k7 v86 0 0 2070431695 285370 0 3750954915
k17 v60 0 0 2070431695 285371 0 2601445072
k2 v19 0 0 2070431695 285372 0 2956842159
k8 v93 0 0 2070431695 285373 0 921623657
k16 v70 0 0 2070431695 285374 0 3805314015
k12 v38 0 0 2070431695 285375 0 1958033668
k6 v25 0 0 2070431695 285376 0 2082803504
k4 v28 0 0 2070431694 285377 0 4065586091
k8 v73 0 0 2070431695 285378 0 114624786
k18 v2 0 0 2070431695 285379 0 2342796239
k14 v88 0 0 2070431695 285380 0 2981655443
k5 v99 0 0 2070431695 285381 0 3272036745
k16 v6 0 0 2070431695 285382 0 3864212192
k5 v74 0 0 2070431694 285383 0 1476737416
k11 v16 0 0 2070431695 285384 0 3979033695
k15 v72 0 0 2070431695 285385 0 1287406098
k4 v43 0 0 2070431695 285386 0 3908109303
k7 v72 0 0 2070431695 285387 0 2574692910
k12 v59 0 0 2070431693 285388 0 2675062643
k3 v12 0 0 2070431695 285389 0 4053023733
k17 v49 0 0 2070431695 285390 0 2498958866
k13 v44 0 0 2070431695 285391 0 1004896365
k4 v48 0 0 2070431695 285392 0 3207411644
k17 v32 0 0 2070431695 285393 0 3830143217
k9 v86 0 0 2070431695 285394 0 1544740593
k11 v8 0 0 2070431695 285395 0 3572611895
k7 v49 0 0 2070431695 285396 0 3368284355
k6 v34 0 0 2070431694 285397 0 1505209149
k10 v75 0 0 2070431695 285398 0 2193341372
k7 v28 0 0 2070431695 285399 0 3691106956
k13 v48 0 0 2070431695 285400 0 1674481649
k14 v47 0 0 2070431693 285401 0 3063701432
k14 v65 0 0 2070431695 285402 0 1976857101
k8 v77 0 0 2070431695 285403 0 861148604
k14 v69 0 0 2070431695 285404 0 4038649952
k7 v86 0 0 2070431695 285405 0 981261786
k12 v20 0 0 2070431695 285406 0 3305181655
k5 v52 0 0 2070431695 285407 0 65014203
k7 v60 0 0 2070431695 285408 0 3627954930
k15 v80 0 0 2070431695 285409 0 4111900093
k17 v0 0 0 2070431695 285410 0 3580406337
k9 v85 0 0 2070431695 285411 0 487067263
k18 v60 0 0 2070431694 285412 0 2480089614
k10 v35 0 0 2070431695 285413 0 3765571533
k15 v3 0 0 2070431696 285414 0 3195202796
k17 v41 0 0 2070431695 285415 0 3885719012
k4 v0 0 0 2070431695 285416 0 3500527625
k11 v24 0 0 2070431694 285417 0 695900251
k7 v76 0 0 2070431696 285418 0 1284129133
k16 v33 0 0 2070431696 285419 0 4261089035
k4 v83 0 0 2070431696 285420 0 2540639024
k5 v47 0 0 2070431695 285421 0 3798870482
k2 v52 0 0 2070431695 285422 0 195735870
k10 v35 0 0 2070431696 285423 0 1824241271
k7 v26 0 0 2070431696 285424 0 1868183325
k16 v8 0 0 2070431696 285425 0 2921682380
k18 v51 0 0 2070431696 285426 0 2846224267
k3 v41 0 0 2070431694 285427 0 293036389
k7 v1 0 0 2070431696 285428 0 2666582587
k19 v21 0 0 2070431695 285429 0 1378261035
k4 v28 0 0 2070431696 285430 0 1709828724
k1 v54 0 0 2070431696 285431 0 1561078721
k17 v63 0 0 2070431696 285432 0 198930271
k2 v16 0 0 2070431692 285433 0 1168247987
k9 v0 0 0 2070431695 285434 0 333297445
k12 v43 0 0 2070431696 285435 0 997307298
k7 v74 0 0 2070431696 285436 0 457428481
k15 v86 0 0 2070431696 285437 0 1669305436
k4 v24 0 0 2070431696 285438 0 2114346391
k6 v58 0 0 2070431696 285439 0 811205772
k12 v3 0 0 2070431695 285440 0 931386016
k16 v30 0 0 2070431696 285441 0 2621442594
k19 v4 0 0 2070431696 285442 0 3930429970
k12 v18 0 0 2070431696 285443 0 3610582780
k7 v23 0 0 2070431696 285444 0 1079876528
k3 v55 0 0 2070431696 285445 0 3034452207
k11 v65 0 0 2070431696 285446 0 51467121
k0 v79 0 0 2070431696 285447 0 3355408326
k11 v25 0 0 2070431696 285448 0 2406185540
k19 v0 0 0 2070431696 285449 0 1197254784
k14 v3 0 0 2070431696 285450 0 3393185268
k14 v20 0 0 2070431696 285451 0 4023267426
k7 v46 0 0 2070431696 285452 0 3396502488
k0 v14 0 0 2070431696 285453 0 3795704734
k9 v22 0 0 2070431696 285454 0 3381394333
k7 v55 0 0 2070431696 285455 0 3040926539
k8 v77 0 0 2070431694 285456 0 2218926988
k10 v25 0 0 2070431694 285457 0 3496468757
k17 v0 0 0 2070431696 285458 0 2486669174
k3 v26 0 0 2070431696 285459 0 3756523078
k7 v90 0 0 2070431696 285460 0 3606072453
k0 v87 0 0 2070431696 285461 0 3352084583
k0 v65 0 0 2070431696 285462 0 4125157784
k7 v98 0 0 2070431696 285463 0 1611057652
k0 v2 0 0 2070431696 285464 0 4282140257
k10 v31 0 0 2070431695 285465 0 4253701527
k13 v33 0 0 2070431696 285466 0 3825421830
k14 v32 0 0 2070431696 285467 0 4006010031
k13 v13 0 0 2070431694 285468 0 3697370504
k4 v59 0 0 2070431696 285469 0 3193974472
k18 v15 0 0 2070431696 285470 0 2770363652
k17 v89 0 0 2070431696 285471 0 2737125582
k7 v31 0 0 2070431693 285472 0 162887961
k9 v18 0 0 2070431695 285473 0 667589642
k18 v62 0 0 2070431696 285474 0 1240432843
k1 v63 0 0 2070431696 285475 0 2754830953
k5 v16 0 0 2070431696 285476 0 3442460286
k13 v87 0 0 2070431696 285477 0 3973805500
k2 v68 0 0 2070431696 285478 0 1426767457
k10 v88 0 0 2070431696 285479 0 2015498542
k8 v39 0 0 2070431696 285480 0 2481217528
k11 v20 0 0 2070431696 285481 0 2084169846
k16 v70 0 0 2070431694 285482 0 4004225859
k4 v81 0 0 2070431696 285483 0 2065413033
k4 v82 0 0 2070431696 285484 0 2616420516
k16 v39 0 0 2070431696 285485 0 160095158
k16 v72 0 0 2070431696 285486 0 36444086
k17 v68 0 0 2070431696 285487 0 1217130371
k19 v28 0 0 2070431696 285488 0 815384235
k4 v5 0 0 2070431696 285489 0 4259913909
k14 v11 0 0 2070431697 285490 0 756826492
k6 v63 0 0 2070431696 285491 0 3161985737
k16 v57 0 0 2070431697 285492 0 1684433273
k5 v63 0 0 2070431697 285493 0 872499688
k15 v51 0 0 2070431696 285494 0 206596745
k1 v84 0 0 2070431696 285495 0 2619794752
k4 v1 0 0 2070431697 285496 0 4193566090
k18 v21 0 0 2070431696 285497 0 3574380403
k17 v0 0 0 2070431696 285498 0 2637002258
k11 v80 0 0 2070431697 285499 0 3099459804
k17 v89 0 0 2070431697 285500 0 3412556017
k4 v5 0 0 2070431697 285501 0 1328913662
k9 v28 0 0 2070431697 285502 0 3122223413
k10 v66 0 0 2070431696 285503 0 4111060883
k0 v50 0 0 2070431697 285504 0 2209679275
k15 v90 0 0 2070431696 285505 0 4031394217
k5 v72 0 0 2070431697 285506 0 78010783
k12 v56 0 0 2070431697 285507 0 3410451203
k4 v76 0 0 2070431696 285508 0 2198959362
k4 v85 0 0 2070431697 285509 0 3038545465
k2 v59 0 0 2070431696 285510 0 1067161115
k12 v92 0 0 2070431696 285511 0 697528504
k8 v94 0 0 2070431696 285512 0 1641574198
k0 v43 0 0 2070431697 285513 0 4249171215
k16 v66 0 0 2070431697 285514 0 2599043463
k15 v77 0 0 2070431695 285515 0 1301083742
k19 v87 0 0 2070431697 285516 0 1752485755
k5 v94 0 0 2070431697 285517 0 1267962764
k11 v50 0 0 2070431695 285518 0 4261318254
k7 v34 0 0 2070431697 285519 0 4189087200
k1 v29 0 0 2070431696 285520 0 585078567
k0 v42 0 0 2070431697 285521 0 2824000146
k11 v86 0 0 2070431697 285522 0 1803603014
k1 v73 0 0 2070431697 285523 0 527360865
k2 v22 0 0 2070431697 285524 0 3465474296
k16 v76 0 0 2070431697 285525 0 510479617
k2 v27 0 0 2070431696 285526 0 462963451
k6 v69 0 0 2070431697 285527 0 3312754027
k16 v52 0 0 2070431697 285528 0 32168296
k5 v86 0 0 2070431697 285529 0 2185426249
k19 v70 0 0 2070431696 285530 0 1548850608
k12 v6 0 0 2070431697 285531 0 4207166819
k3 v77 0 0 2070431697 285532 0 2764865703
k15 v22 0 0 2070431697 285533 0 4242462193
k12 v9 0 0 2070431697 285534 0 4214014215
k12 v11 0 0 2070431697 285535 0 143271408
k10 v64 0 0 2070431697 285536 0 2354901917
k14 v69 0 0 2070431697 285537 0 592078306
k5 v11 0 0 2070431697 285538 0 3254223428
k3 v61 0 0 2070431697 285539 0 1556170535
k1 v63 0 0 2070431697 285540 0 2937343886
k15 v91 0 0 2070431697 285541 0 987916201
k5 v81 0 0 2070431697 285542 0 2222978723
k15 v39 0 0 2070431697 285543 0 1413077906
k0 v61 0 0 2070431697 285544 0 2596607698
k10 v31 0 0 2070431697 285545 0 77062625
k1 v35 0 0 2070431697 285546 0 4031705848
k1 v50 0 0 2070431697 285547 0 887232096
k11 v17 0 0 2070431697 285548 0 1252911568
k18 v22 0 0 2070431697 285549 0 2565350303
k19 v54 0 0 2070431697 285550 0 1046414264
k3 v45 0 0 2070431695 285551 0 2023316676
k0 v67 0 0 2070431697 285552 0 1233012406
k15 v78 0 0 2070431697 285553 0 577080920
k6 v52 0 0 2070431697 285554 0 2725953974
k0 v85 0 0 2070431697 285555 0 524200525
k11 v4 0 0 2070431696 285556 0 2383705156
k16 v51 0 0 2070431697 285557 0 747937512
k12 v25 0 0 2070431697 285558 0 2354728629
k9 v99 0 0 2070431696 285559 0 2819093080
k0 v61 0 0 2070431697 285560 0 4247586744
k13 v74 0 0 2070431697 285561 0 753474834
k7 v69 0 0 2070431697 285562 0 611920678
k19 v38 0 0 2070431697 285563 0 843044367
k7 v66 0 0 2070431697 285564 0 247266433
k19 v99 0 0 2070431697 285565 0 3224650436
k15 v43 0 0 2070431697 285566 0 339271135
k1 v78 0 0 2070431696 285567 0 2194871647
k6 v19 0 0 2070431697 285568 0 738373408
k7 v71 0 0 2070431697 285569 0 3314329537
k7 v81 0 0 2070431697 285570 0 1503263121
k11 v77 0 0 2070431697 285571 0 1863641350
k0 v12 0 0 2070431697 285572 0 144163999
k14 v58 0 0 2070431697 285573 0 1582739871
k18 v30 0 0 2070431697 285574 0 2048136857
k16 v38 0 0 2070431697 285575 0 329760822
k6 v30 0 0 2070431696 285576 0 1670448270
k7 v71 0 0 2070431697 285577 0 1523441784
k12 v9 0 0 2070431697 285578 0 1351624407
k2 v63 0 0 2070431697 285579 0 175469475
k6 v68 0 0 2070431697 285580 0 3804607804
k13 v77 0 0 2070431697 285581 0 2313059794
k17 v15 0 0 2070431697 285582 0 2656894152
k7 v25 0 0 2070431697 285583 0 4130541117
k0 v67 0 0 2070431697 285584 0 402420323
k16 v97 0 0 2070431698 285585 0 2087906701
k17 v62 0 0 2070431696 285586 0 3191413145
k10 v54 0 0 2070431697 285587 0 3792482270
k7 v73 0 0 2070431697 285588 0 482856198
k4 v1 0 0 2070431697 285589 0 3339889687
k4 v78 0 0 2070431697 285590 0 2437648252
k4 v35 0 0 2070431697 285591 0 754498603
k17 v27 0 0 2070431698 285592 0 4151210044
k18 v94 0 0 2070431697 285593 0 2953858566
k14 v9 0 0 2070431698 285594 0 1567231229
k10 v12 0 0 2070431698 285595 0 2650942633
k7 v79 0 0 2070431698 285596 0 229849133
k6 v91 0 0 2070431697 285597 0 418327318
k0 v30 0 0 2070431698 285598 0 265053250
k1 v15 0 0 2070431698 285599 0 1122660021
k0 v70 0 0 2070431697 285600 0 296250428
k16 v24 0 0 2070431697 285601 0 752681516
k5 v65 0 0 2070431697 285602 0 216077944
k4 v37 0 0 2070431698 285603 0 272903912
k11 v94 0 0 2070431698 285604 0 2699032574
k5 v90 0 0 2070431698 285605 0 4246719778
k3 v73 0 0 2070431698 285606 0 1201581537
k13 v21 0 0 2070431698 285607 0 318909534
k1 v23 0 0 2070431696 285608 0 2887960209
k7 v41 0 0 2070431698 285609 0 1904927954
k8 v46 0 0 2070431698 285610 0 919488695
k16 v81 0 0 2070431698 285611 0 511943331
k13 v71 0 0 2070431698 285612 0 3801363721
k15 v18 0 0 2070431697 285613 0 3252980908
k14 v96 0 0 2070431698 285614 0 4043087874
k18 v55 0 0 2070431698 285615 0 1906324465
k0 v65 0 0 2070431698 285616 0 725672096
k3 v80 0 0 2070431698 285617 0 3170579571
k2 v41 0 0 2070431698 285618 0 4068275427
k10 v90 0 0 2070431698 285619 0 3241009673
k10 v94 0 0 2070431697 285620 0 2237931244
k5 v67 0 0 2070431697 285621 0 4001818457
k3 v22 0 0 2070431698 285622 0 3358720232
k2 v40 0 0 2070431697 285623 0 2945039003
k18 v83 0 0 2070431698 285624 0 1175433071
k7 v44 0 0 2070431697 285625 0 739360003
k16 v5 0 0 2070431698 285626 0 2363152923
k9 v91 0 0 2070431698 285627 0 2838471229
k6 v86 0 0 2070431698 285628 0 640237687
k3 v11 0 0 2070431698 285629 0 4285601290
k5 v73 0 0 2070431698 285630 0 4266182212
k15 v68 0 0 2070431698 285631 0 1083289268
k14 v84 0 0 2070431698 285632 0 4030080760
k18 v81 0 0 2070431698 285633 0 3259114771
k8 v8 0 0 2070431698 285634 0 2820855821
k18 v60 0 0 2070431698 285635 0 582006115
k0 v42 0 0 2070431696 285636 0 953057554
k1 v62 0 0 2070431698 285637 0 1273514440
k2 v90 0 0 2070431698 285638 0 1011783064
k13 v43 0 0 2070431698 285639 0 3006581955
k5 v27 0 0 2070431698 285640 0 952745149
k11 v4 0 0 2070431697 285641 0 512239556
k3 v92 0 0 2070431698 285642 0 2454976463
k14 v54 0 0 2070431697 285643 0 2643697091
k4 v3 0 0 2070431698 285644 0 2063458544
k18 v61 0 0 2070431698 285645 0 1117296800
k8 v63 0 0 2070431698 285646 0 2836528312
k19 v0 0 0 2070431698 285647 0 1717329847
k0 v52 0 0 2070431698 285648 0 693250997
k15 v57 0 0 2070431698 285649 0 2324087035
k17 v11 0 0 2070431698 285650 0 566909698
k11 v43 0 0 2070431698 285651 0 2465655184
k8 v88 0 0 2070431698 285652 0 755156035
k12 v72 0 0 2070431698 285653 0 3361475466
k3 v43 0 0 2070431698 285654 0 142446443
k10 v41 0 0 2070431698 285655 0 2804396236
k18 v11 0 0 2070431698 285656 0 26224396
k8 v77 0 0 2070431698 285657 0 1627377417
k4 v1 0 0 2070431698 285658 0 491041607
k2 v0 0 0 2070431698 285659 0 331998144
k13 v46 0 0 2070431698 285660 0 1337419134
k15 v78 0 0 2070431698 285661 0 3649105857
k2 v0 0 0 2070431697 285662 0 727422718
k5 v28 0 0 2070431699 285663 0 2689944495
k6 v78 0 0 2070431698 285664 0 3631768558
k7 v56 0 0 2070431698 285665 0 2804740705
k14 v64 0 0 2070431698 285666 0 1096691111
k6 v64 0 0 2070431698 285667 0 3216608856
k14 v6 0 0 2070431699 285668 0 1476647837
k13 v71 0 0 2070431698 285669 0 70253127
k15 v73 0 0 2070431699 285670 0 1065430865
k4 v88 0 0 2070431699 285671 0 3387204037
k14 v60 0 0 2070431698 285672 0 1780312525
k13 v41 0 0 2070431698 285673 0 2216491545
k14 v6 0 0 2070431699 285674 0 4118085286
k13 v54 0 0 2070431698 285675 0 1712721438
k4 v61 0 0 2070431699 285676 0 2916537926
k19 v70 0 0 2070431699 285677 0 3750500073
k0 v47 0 0 2070431698 285678 0 2672084589
k15 v67 0 0 2070431699 285679 0 1064631519
k7 v0 0 0 2070431699 285680 0 1307589764
k6 v64 0 0 2070431699 285681 0 802620490
k1 v21 0 0 2070431699 285682 0 1261443971
k10 v6 0 0 2070431699 285683 0 3989355612
k14 v8 0 0 2070431698 285684 0 729477730
k6 v71 0 0 2070431698 285685 0 859935313
k8 v13 0 0 2070431699 285686 0 88507162
k9 v97 0 0 2070431699 285687 0 3962682016
k10 v29 0 0 2070431699 285688 0 3172830776
k3 v87 0 0 2070431699 285689 0 4686975
k0 v45 0 0 2070431698 285690 0 2546800611
k18 v54 0 0 2070431699 285691 0 2987564181
k17 v16 0 0 2070431699 285692 0 923297513
k19 v73 0 0 2070431699 285693 0 517452589
k1 v94 0 0 2070431699 285694 0 1775144376
k9 v45 0 0 2070431699 285695 0 3185199818
k1 v45 0 0 2070431698 285696 0 1524914865
k6 v87 0 0 2070431699 285697 0 69830785
k11 v11 0 0 2070431699 285698 0 3244907146
k7 v82 0 0 2070431698 285699 0 3875118938
k6 v58 0 0 2070431699 285700 0 676052190
k15 v67 0 0 2070431699 285701 0 1247676215
k10 v50 0 0 2070431699 285702 0 1611021251
k18 v29 0 0 2070431699 285703 0 3909034504
k16 v58 0 0 2070431699 285704 0 1179465869
k6 v85 0 0 2070431699 285705 0 1270661221
k5 v53 0 0 2070431699 285706 0 981907741
k7 v53 0 0 2070431699 285707 0 3456850869
k7 v14 0 0 2070431698 285708 0 1988421068
k7 v35 0 0 2070431699 285709 0 580316712
k19 v57 0 0 2070431698 285710 0 3856022665
k3 v37 0 0 2070431699 285711 0 555735304
k1 v84 0 0 2070431699 285712 0 383885181
k14 v11 0 0 2070431699 285713 0 253624027
k18 v79 0 0 2070431699 285714 0 727669213
k5 v58 0 0 2070431699 285715 0 572201873
k10 v8 0 0 2070431699 285716 0 1042964372
k0 v89 0 0 2070431699 285717 0 1186236225
k9 v97 0 0 2070431699 285718 0 3703896709
k14 v50 0 0 2070431699 285719 0 2188126636
k12 v87 0 0 2070431698 285720 0 958232216
k9 v23 0 0 2070431699 285721 0 524394329
k4 v58 0 0 2070431699 285722 0 4100970971
k1 v29 0 0 2070431699 285723 0 2061180611
k1 v4 0 0 2070431699 285724 0 2695604970
k6 v76 0 0 2070431699 285725 0 2877609711
k19 v85 0 0 2070431699 285726 0 528473367
k5 v30 0 0 2070431699 285727 0 2039288894
k19 v62 0 0 2070431698 285728 0 2145212964
k19 v21 0 0 2070431699 285729 0 389816970
k0 v91 0 0 2070431699 285730 0 141594820
k14 v20 0 0 2070431699 285731 0 550957458
k16 v43 0 0 2070431699 285732 0 3220781492
k1 v48 0 0 2070431699 285733 0 3896724084
k8 v68 0 0 2070431699 285734 0 3624694844
k5 v39 0 0 2070431696 285735 0 1810228179
k7 v66 0 0 2070431699 285736 0 2244118097
k18 v64 0 0 2070431700 285737 0 1985191181
k2 v8 0 0 2070431699 285738 0 3885113210
k16 v48 0 0 2070431699 285739 0 1853848327
k9 v63 0 0 2070431699 285740 0 271504913
k12 v86 0 0 2070431699 285741 0 2370175155
k11 v42 0 0 2070431699 285742 0 2842201305
k2 v37 0 0 2070431697 285743 0 2602271111
k9 v17 0 0 2070431700 285744 0 258390106
k13 v81 0 0 2070431699 285745 0 2468186608
k7 v21 0 0 2070431698 285746 0 3214553698
k7 v24 0 0 2070431698 285747 0 2366362428
k17 v51 0 0 2070431700 285748 0 3524271667
k2 v0 0 0 2070431699 285749 0 1713237516
k6 v87 0 0 2070431699 285750 0 4207837255
k3 v39 0 0 2070431700 285751 0 1673592061
k8 v35 0 0 2070431700 285752 0 3985107150
k16 v26 0 0 2070431700 285753 0 603350992
k5 v7 0 0 2070431699 285754 0 1458332325
k14 v4 0 0 2070431700 285755 0 3250048046
k14 v25 0 0 2070431700 285756 0 482217398
k18 v94 0 0 2070431700 285757 0 1053519505
k15 v42 0 0 2070431700 285758 0 238512569
k11 v6 0 0 2070431700 285759 0 3963945582
k1 v82 0 0 2070431700 285760 0 4187336929
k11 v24 0 0 2070431700 285761 0 2951828777
k10 v63 0 0 2070431700 285762 0 3960622614
k7 v53 0 0 2070431700 285763 0 4072940621
k8 v92 0 0 2070431700 285764 0 2582208393
k19 v52 0 0 2070431699 285765 0 2060324552
k3 v12 0 0 2070431699 285766 0 2757724200
k6 v57 0 0 2070431700 285767 0 1127669956
k14 v85 0 0 2070431700 285768 0 1095603818
k7 v99 0 0 2070431700 285769 0 1748328756
k7 v3 0 0 2070431699 285770 0 1371099414
k7 v97 0 0 2070431700 285771 0 3101084268
k9 v29 0 0 2070431700 285772 0 966551553
k18 v20 0 0 2070431700 285773 0 1226972983
k17 v64 0 0 2070431700 285774 0 746044826
k19 v52 0 0 2070431700 285775 0 656581297
k7 v12 0 0 2070431700 285776 0 4193224130
k1 v45 0 0 2070431699 285777 0 1031217409
k14 v83 0 0 2070431699 285778 0 2558699462
k9 v85 0 0 2070431700 285779 0 3362292778
k16 v24 0 0 2070431700 285780 0 3402486220
k12 v35 0 0 2070431700 285781 0 691534278
k1 v65 0 0 2070431700 285782 0 4088812874
k3 v99 0 0 2070431700 285783 0 2551711015
k2 v36 0 0 2070431700 285784 0 4051894558
k8 v40 0 0 2070431700 285785 0 3899898653
k19 v84 0 0 2070431700 285786 0 732014025
k6 v7 0 0 2070431699 285787 0 1281429365
k13 v80 0 0 2070431700 285788 0 383841233
k14 v0 0 0 2070431700 285789 0 725089064
k12 v81 0 0 2070431700 285790 0 569361020
k16 v93 0 0 2070431700 285791 0 1841080252
k1 v27 0 0 2070431700 285792 0 709053770
k3 v85 0 0 2070431700 285793 0 3577139557
k18 v56 0 0 2070431700 285794 0 3778658167
k16 v27 0 0 2070431700 285795 0 433128052
k0 v6 0 0 2070431700 285796 0 520156043
k11 v76 0 0 2070431700 285797 0 3038397499
k6 v2 0 0 2070431700 285798 0 3181342684
k10 v74 0 0 2070431700 285799 0 2049242605
k18 v57 0 0 2070431701 285800 0 2066377330
k5 v46 0 0 2070431697 285801 0 2357100095
k3 v28 0 0 2070431701 285802 0 542295493
k8 v19 0 0 2070431701 285803 0 1366046522
k14 v33 0 0 2070431700 285804 0 1809425346
k6 v31 0 0 2070431700 285805 0 1609594545
k5 v1 0 0 2070431700 285806 0 3800008961
k12 v3 0 0 2070431701 285807 0 4063658140
k14 v24 0 0 2070431700 285808 0 3119696323
k14 v29 0 0 2070431700 285809 0 381222447
k0 v62 0 0 2070431700 285810 0 3959771222
k11 v48 0 0 2070431701 285811 0 461138761
k8 v90 0 0 2070431701 285812 0 2499512526
k15 v84 0 0 2070431699 285813 0 1571774126
k14 v48 0 0 2070431700 285814 0 831444181
k4 v2 0 0 2070431701 285815 0 3166411105
k9 v19 0 0 2070431701 285816 0 3064611740
k6 v52 0 0 2070431701 285817 0 4181341846
k7 v6 0 0 2070431701 285818 0 2122359093
k19 v40 0 0 2070431699 285819 0 3728978437
k12 v25 0 0 2070431700 285820 0 4194492057
k4 v88 0 0 2070431701 285821 0 3212104397
k17 v74 0 0 2070431700 285822 0 3143584575
k1 v22 0 0 2070431701 285823 0 2152616765
k2 v63 0 0 2070431700 285824 0 48153508
k5 v25 0 0 2070431701 285825 0 923595707
k19 v32 0 0 2070431701 285826 0 1747986071
k1 v23 0 0 2070431701 285827 0 2168827263
k18 v84 0 0 2070431697 285828 0 838935407
k9 v83 0 0 2070431701 285829 0 3729378268
k15 v43 0 0 2070431701 285830 0 869119117
k17 v97 0 0 2070431701 285831 0 561787695
k2 v42 0 0 2070431701 285832 0 407844016
k4 v5 0 0 2070431701 285833 0 136399898
k6 v29 0 0 2070431701 285834 0 2315693083
k1 v74 0 0 2070431701 285835 0 3738600572
k6 v7 0 0 2070431700 285836 0 1566705613
k4 v88 0 0 2070431701 285837 0 3907788668
k18 v63 0 0 2070431701 285838 0 2219194265
k18 v8 0 0 2070431700 285839 0 121136941
k4 v66 0 0 2070431701 285840 0 1758845161
k14 v92 0 0 2070431701 285841 0 2036124808
k9 v4 0 0 2070431701 285842 0 2212004184
k6 v50 0 0 2070431701 285843 0 1364412405
k4 v45 0 0 2070431699 285844 0 3612383114
k14 v44 0 0 2070431701 285845 0 834804234
k4 v94 0 0 2070431701 285846 0 3092547277
k9 v14 0 0 2070431701 285847 0 522958491
k0 v81 0 0 2070431701 285848 0 2463848785
k15 v97 0 0 2070431701 285849 0 24935499
k4 v13 0 0 2070431701 285850 0 729474201
k17 v55 0 0 2070431701 285851 0 3627300060
k8 v94 0 0 2070431701 285852 0 3709848395
k1 v57 0 0 2070431701 285853 0 3345748991
k11 v17 0 0 2070431701 285854 0 2428420308
k14 v71 0 0 2070431701 285855 0 1620320961
k5 v54 0 0 2070431701 285856 0 367922147
k3 v23 0 0 2070431701 285857 0 1771857939
k10 v76 0 0 2070431702 285858 0 3131923567
k11 v48 0 0 2070431700 285859 0 403065091
k7 v30 0 0 2070431701 285860 0 347352906
k18 v23 0 0 2070431701 285861 0 1102465664
k2 v30 0 0 2070431701 285862 0 3182233231
k8 v96 0 0 2070431701 285863 0 210514655
k15 v67 0 0 2070431701 285864 0 4215494982
k17 v89 0 0 2070431701 285865 0 3321494585
k6 v64 0 0 2070431701 285866 0 441650788
k4 v32 0 0 2070431702 285867 0 1766978015
k17 v37 0 0 2070431702 285868 0 3117172069
k0 v41 0 0 2070431701 285869 0 3209671091
k13 v27 0 0 2070431702 285870 0 4015097687
k5 v65 0 0 2070431702 285871 0 3386767116
k4 v81 0 0 2070431701 285872 0 1781444113
k18 v23 0 0 2070431701 285873 0 1916944949
k4 v46 0 0 2070431701 285874 0 3929776841
k13 v24 0 0 2070431702 285875 0 1032797912
k3 v5 0 0 2070431702 285876 0 2567514400
k16 v66 0 0 2070431702 285877 0 1285645610
k9 v15 0 0 2070431701 285878 0 4287770443
k1 v59 0 0 2070431702 285879 0 2842715039
k8 v63 0 0 2070431702 285880 0 3291419844
k15 v53 0 0 2070431702 285881 0 936832592
k19 v97 0 0 2070431702 285882 0 1710799282
k0 v83 0 0 2070431700 285883 0 2119241708
k8 v76 0 0 2070431702 285884 0 336822849
k15 v80 0 0 2070431702 285885 0 1422059725
k19 v22 0 0 2070431702 285886 0 1962026812
k10 v11 0 0 2070431701 285887 0 2887481157
k12 v65 0 0 2070431702 285888 0 1871762049
k19 v41 0 0 2070431702 285889 0 2868802559
k0 v70 0 0 2070431702 285890 0 4113036161
k19 v69 0 0 2070431702 285891 0 452609039
k7 v14 0 0 2070431702 285892 0 158918450
k16 v16 0 0 2070431698 285893 0 2568342225
k15 v96 0 0 2070431701 285894 0 3647842835
k17 v4 0 0 2070431702 285895 0 3952316193
k0 v92 0 0 2070431702 285896 0 3128700475
k16 v59 0 0 2070431702 285897 0 1103018722
k18 v43 0 0 2070431702 285898 0 3818566865
k15 v30 0 0 2070431702 285899 0 2807645795
k2 v54 0 0 2070431699 285900 0 469653397
k14 v69 0 0 2070431702 285901 0 906039428
k18 v84 0 0 2070431701 285902 0 4141394956
k9 v96 0 0 2070431702 285903 0 2772550719
k16 v53 0 0 2070431702 285904 0 2330662389
k19 v35 0 0 2070431702 285905 0 2548983599
k17 v83 0 0 2070431702 285906 0 2340361200
k7 v96 0 0 2070431702 285907 0 744370279
k15 v31 0 0 2070431702 285908 0 1816662158
k13 v80 0 0 2070431702 285909 0 2735924070
k12 v68 0 0 2070431702 285910 0 2792686286
k4 v94 0 0 2070431702 285911 0 3354243687
k4 v8 0 0 2070431702 285912 0 2463944478
k8 v7 0 0 2070431702 285913 0 314194814
k1 v24 0 0 2070431702 285914 0 2136573680
k17 v58 0 0 2070431702 285915 0 993214255
k0 v71 0 0 2070431702 285916 0 1890933148
k4 v27 0 0 2070431702 285917 0 1626526654
k2 v51 0 0 2070431702 285918 0 3882133126
k18 v78 0 0 2070431702 285919 0 88255190
k0 v29 0 0 2070431702 285920 0 877728212
k12 v5 0 0 2070431702 285921 0 368578087
k3 v7 0 0 2070431703 285922 0 1165377464
k16 v64 0 0 2070431702 285923 0 1551135532
k18 v13 0 0 2070431702 285924 0 1994781820
k12 v90 0 0 2070431703 285925 0 3290436048
k1 v81 0 0 2070431702 285926 0 2778038847
k10 v37 0 0 2070431703 285927 0 1005719075
k10 v10 0 0 2070431702 285928 0 1967175068
k0 v34 0 0 2070431702 285929 0 3424137134
k9 v87 0 0 2070431703 285930 0 3124597219
k1 v4 0 0 2070431702 285931 0 583697048
k14 v48 0 0 2070431703 285932 0 1382270907
k9 v16 0 0 2070431702 285933 0 2197123856
k3 v16 0 0 2070431703 285934 0 3962664326
k2 v80 0 0 2070431703 285935 0 1347598638
k1 v72 0 0 2070431703 285936 0 2336303730
k13 v27 0 0 2070431703 285937 0 3541032631
k9 v1 0 0 2070431703 285938 0 2909523792
k13 v35 0 0 2070431702 285939 0 3560048309
k19 v25 0 0 2070431702 285940 0 1917499432
k12 v67 0 0 2070431703 285941 0 160465371
k8 v81 0 0 2070431702 285942 0 1589547643
k10 v19 0 0 2070431702 285943 0 1787165969
k14 v92 0 0 2070431702 285944 0 840456267
k7 v68 0 0 2070431703 285945 0 2149990126
k18 v22 0 0 2070431702 285946 0 1579635689
k13 v44 0 0 2070431703 285947 0 2413068350
k12 v62 0 0 2070431696 285948 0 4166597004
k13 v44 0 0 2070431701 285949 0 1400023757
k16 v8 0 0 2070431703 285950 0 804699344
k3 v51 0 0 2070431703 285951 0 1719033689
k7 v19 0 0 2070431698 285952 0 3694050867
k8 v74 0 0 2070431702 285953 0 569939516
k16 v90 0 0 2070431703 285954 0 3626538887
k1 v62 0 0 2070431703 285955 0 993756829
k6 v89 0 0 2070431703 285956 0 2266159672
k4 v70 0 0 2070431703 285957 0 3342228042
k12 v57 0 0 2070431702 285958 0 1847907032
k17 v72 0 0 2070431703 285959 0 4025776418
k3 v71 0 0 2070431703 285960 0 2582630716
k17 v16 0 0 2070431703 285961 0 2646320108
k12 v17 0 0 2070431702 285962 0 2222227632
k6 v89 0 0 2070431703 285963 0 4163080228
k16 v42 0 0 2070431703 285964 0 3094466817
k0 v2 0 0 2070431703 285965 0 533495036
k9 v86 0 0 2070431703 285966 0 2412498888
k9 v80 0 0 2070431703 285967 0 317940572
k4 v8 0 0 2070431702 285968 0 1836855569
k4 v90 0 0 2070431703 285969 0 2285684013
k14 v81 0 0 2070431703 285970 0 2834034140
k5 v49 0 0 2070431703 285971 0 2319035489
k3 v89 0 0 2070431703 285972 0 2077589525
k14 v88 0 0 2070431703 285973 0 2071614443
k8 v94 0 0 2070431703 285974 0 1918425275
k5 v56 0 0 2070431703 285975 0 219192026
k15 v24 0 0 2070431703 285976 0 2407430298
k1 v83 0 0 2070431703 285977 0 3156281223
k0 v92 0 0 2070431703 285978 0 1517766980
k15 v8 0 0 2070431703 285979 0 3301473975
k13 v27 0 0 2070431701 285980 0 3527319788
k16 v71 0 0 2070431703 285981 0 456116071
k1 v49 0 0 2070431703 285982 0 2853443852
k12 v2 0 0 2070431703 285983 0 129453950
k7 v5 0 0 2070431703 285984 0 2295658596
k9 v68 0 0 2070431703 285985 0 1682962134
k9 v87 0 0 2070431704 285986 0 3942109341
k14 v95 0 0 2070431703 285987 0 1036080353
k19 v88 0 0 2070431704 285988 0 42060901
k13 v53 0 0 2070431704 285989 0 1813412032
k10 v42 0 0 2070431703 285990 0 982196546
k0 v25 0 0 2070431704 285991 0 877067032
k1 v59 0 0 2070431703 285992 0 873263269
k11 v82 0 0 2070431703 285993 0 3185481112
k5 v98 0 0 2070431704 285994 0 983812386
k9 v71 0 0 2070431703 285995 0 49017483
k10 v12 0 0 2070431703 285996 0 3790733793
k13 v15 0 0 2070431704 285997 0 1703781911
k17 v54 0 0 2070431702 285998 0 1404579121
k13 v2 0 0 2070431703 285999 0 3954354435
k14 v96 0 0 2070431704 286000 0 3814187543
k18 v50 0 0 2070431703 286001 0 1128573154
k6 v39 0 0 2070431704 286002 0 2335468033
k2 v97 0 0 2070431704 286003 0 1253947839
k6 v14 0 0 2070431704 286004 0 2415643223
k11 v79 0 0 2070431704 286005 0 2858361220
k13 v36 0 0 2070431704 286006 0 42128692
k8 v30 0 0 2070431703 286007 0 3913894901
k16 v10 0 0 2070431704 286008 0 1741238101
k17 v61 0 0 2070431703 286009 0 3823386823
k0 v2 0 0 2070431703 286010 0 1566354278
k12 v8 0 0 2070431704 286011 0 1562937870
k5 v95 0 0 2070431704 286012 0 3994225899
k14 v48 0 0 2070431704 286013 0 2022776535
k11 v68 0 0 2070431704 286014 0 1211875882
k16 v78 0 0 2070431704 286015 0 3091458139
k13 v34 0 0 2070431704 286016 0 3381578127
k5 v86 0 0 2070431703 286017 0 2849128419
k9 v26 0 0 2070431703 286018 0 4019833234
k12 v17 0 0 2070431704 286019 0 2651353891
k2 v66 0 0 2070431704 286020 0 1265011322
k14 v66 0 0 2070431704 286021 0 3051194390
k17 v20 0 0 2070431704 286022 0 2127526790
k19 v95 0 0 2070431704 286023 0 4290846737
k15 v30 0 0 2070431704 286024 0 1524206711
k17 v43 0 0 2070431704 286025 0 1746576717
k5 v70 0 0 2070431703 286026 0 2058985984
k8 v53 0 0 2070431704 286027 0 3114065550
k19 v88 0 0 2070431704 286028 0 901676265
k4 v20 0 0 2070431704 286029 0 3786725927
k7 v84 0 0 2070431703 286030 0 3260012591
k0 v93 0 0 2070431704 286031 0 3652607444
k5 v98 0 0 2070431704 286032 0 1539759656
k11 v82 0 0 2070431704 286033 0 2149854221
k15 v31 0 0 2070431704 286034 0 1048370438
k4 v97 0 0 2070431704 286035 0 4083929626
k5 v37 0 0 2070431704 286036 0 2181260038
k9 v56 0 0 2070431704 286037 0 145198706
k19 v43 0 0 2070431704 286038 0 822444139
k2 v5 0 0 2070431703 286039 0 1074703186
k7 v37 0 0 2070431704 286040 0 1015022060
k9 v91 0 0 2070431704 286041 0 2382205999
k9 v32 0 0 2070431704 286042 0 3360653869
k17 v8 0 0 2070431704 286043 0 576511399
k8 v17 0 0 2070431704 286044 0 3391626781
k4 v21 0 0 2070431704 286045 0 753652447
k17 v79 0 0 2070431704 286046 0 1806805217
k8 v24 0 0 2070431704 286047 0 900891383
k5 v67 0 0 2070431703 286048 0 2653541937
k10 v85 0 0 2070431704 286049 0 95657541
k10 v41 0 0 2070431704 286050 0 2891295151
k12 v20 0 0 2070431704 286051 0 3414324615
k1 v34 0 0 2070431704 286052 0 1293367017
k18 v78 0 0 2070431704 286053 0 73651805
k5 v94 0 0 2070431704 286054 0 3660003575
k9 v14 0 0 2070431704 286055 0 3861635701
k9 v38 0 0 2070431704 286056 0 4210330912
k7 v79 0 0 2070431704 286057 0 2030219968
k9 v96 0 0 2070431704 286058 0 3166299074
k4 v70 0 0 2070431704 286059 0 1775782791
k15 v10 0 0 2070431704 286060 0 3715686610
k8 v59 0 0 2070431704 286061 0 3218764266
k3 v18 0 0 2070431704 286062 0 2503305167
k3 v0 0 0 2070431703 286063 0 2156410348
k7 v38 0 0 2070431704 286064 0 670523559
k13 v23 0 0 2070431704 286065 0 2574428612
k16 v71 0 0 2070431704 286066 0 1855799529
k5 v86 0 0 2070431704 286067 0 2790793343
k10 v80 0 0 2070431704 286068 0 883338101
k19 v90 0 0 2070431704 286069 0 699248728
k13 v53 0 0 2070431704 286070 0 2350952942
k13 v51 0 0 2070431704 286071 0 1609954851
k9 v15 0 0 2070431704 286072 0 3481901978
k7 v91 0 0 2070431704 286073 0 1358854568
k10 v96 0 0 2070431704 286074 0 2183696389
k12 v45 0 0 2070431704 286075 0 1910354228
k9 v72 0 0 2070431704 286076 0 3164405195
k1 v60 0 0 2070431704 286077 0 4029315774
k11 v49 0 0 2070431705 286078 0 2903165745
k5 v11 0 0 2070431705 286079 0 2933869347
k10 v55 0 0 2070431703 286080 0 2139052834
k14 v36 0 0 2070431705 286081 0 4190341755
k17 v21 0 0 2070431705 286082 0 3667248520
k1 v60 0 0 2070431705 286083 0 1404106777
k11 v22 0 0 2070431704 286084 0 33971488
k11 v24 0 0 2070431704 286085 0 2671702452
k18 v82 0 0 2070431704 286086 0 1791794779
k0 v28 0 0 2070431704 286087 0 4012311902
k14 v80 0 0 2070431703 286088 0 882978549
k11 v5 0 0 2070431705 286089 0 3651375354
k7 v50 0 0 2070431705 286090 0 4018876788
k14 v85 0 0 2070431705 286091 0 155461139
k0 v1 0 0 2070431705 286092 0 146791441
k13 v81 0 0 2070431705 286093 0 52836198
k15 v64 0 0 2070431705 286094 0 1508380532
k18 v39 0 0 2070431705 286095 0 3759650780
k17 v3 0 0 2070431705 286096 0 2838176087
k8 v4 0 0 2070431703 286097 0 560912332
k18 v1 0 0 2070431705 286098 0 570188309
k3 v4 0 0 2070431705 286099 0 4189681797
k13 v6 0 0 2070431705 286100 0 1060608292
k4 v79 0 0 2070431705 286101 0 727746923
k11 v3 0 0 2070431704 286102 0 3295797927
k8 v42 0 0 2070431705 286103 0 1356796103
k16 v40 0 0 2070431705 286104 0 843677831
k8 v25 0 0 2070431705 286105 0 301732884
k0 v7 0 0 2070431704 286106 0 2469910708
k12 v73 0 0 2070431704 286107 0 19250528
k19 v45 0 0 2070431705 286108 0 3279340572
k7 v78 0 0 2070431704 286109 0 1016136070
k11 v1 0 0 2070431705 286110 0 4058094592
k14 v11 0 0 2070431705 286111 0 1261334911
k12 v74 0 0 2070431705 286112 0 1350468895
k11 v46 0 0 2070431705 286113 0 2387638540
k13 v82 0 0 2070431705 286114 0 1432476342
k13 v19 0 0 2070431704 286115 0 143325945
k18 v26 0 0 2070431704 286116 0 1383735779
k10 v18 0 0 2070431705 286117 0 3851721374
k17 v60 0 0 2070431705 286118 0 3767094805
k8 v13 0 0 2070431705 286119 0 1136012825
k6 v67 0 0 2070431705 286120 0 1514895188
k17 v88 0 0 2070431705 286121 0 2098827527
k5 v91 0 0 2070431704 286122 0 436485774
k8 v87 0 0 2070431704 286123 0 2205161957
k2 v26 0 0 2070431705 286124 0 1239755838
k4 v89 0 0 2070431705 286125 0 10295087
k5 v27 0 0 2070431705 286126 0 1745743188
k18 v77 0 0 2070431705 286127 0 1841893894
k3 v34 0 0 2070431705 286128 0 725056756
k3 v31 0 0 2070431705 286129 0 430349738
k4 v4 0 0 2070431705 286130 0 4169735999
k2 v16 0 0 2070431705 286131 0 1313747119
k1 v64 0 0 2070431705 286132 0 2964302469
k8 v83 0 0 2070431705 286133 0 16095253
k17 v81 0 0 2070431705 286134 0 4178633345
k4 v9 0 0 2070431705 286135 0 867167703
k11 v60 0 0 2070431705 286136 0 2420426127
k7 v49 0 0 2070431705 286137 0 1921461098
k1 v47 0 0 2070431705 286138 0 19730104
k7 v33 0 0 2070431705 286139 0 3539345538
k6 v99 0 0 2070431705 286140 0 187420591
k13 v72 0 0 2070431705 286141 0 1657299766
k0 v71 0 0 2070431705 286142 0 2596472149
k5 v4 0 0 2070431705 286143 0 3250798265
k15 v26 0 0 2070431705 286144 0 834374005
k5 v75 0 0 2070431706 286145 0 2395944047
k18 v27 0 0 2070431705 286146 0 4252817616
k12 v32 0 0 2070431705 286147 0 3172477663
k12 v52 0 0 2070431705 286148 0 3434951638
k19 v76 0 0 2070431705 286149 0 164860584
k2 v30 0 0 2070431705 286150 0 859824628
k11 v8 0 0 2070431705 286151 0 391112809
k0 v45 0 0 2070431705 286152 0 2935097048
k8 v94 0 0 2070431706 286153 0 4100572745
k16 v47 0 0 2070431706 286154 0 1531568924
k14 v75 0 0 2070431705 286155 0 2426139192
k18 v64 0 0 2070431706 286156 0 3479305333
k18 v26 0 0 2070431705 286157 0 2160244960
k17 v15 0 0 2070431705 286158 0 2783817870
k13 v38 0 0 2070431705 286159 0 3997116300
k12 v72 0 0 2070431706 286160 0 1839950638
k13 v91 0 0 2070431706 286161 0 2477126081
k19 v37 0 0 2070431706 286162 0 280143635
k4 v42 0 0 2070431706 286163 0 3661138211
k8 v28 0 0 2070431706 286164 0 884234409
k16 v20 0 0 2070431705 286165 0 3655518386
k8 v20 0 0 2070431706 286166 0 2606361753
k18 v76 0 0 2070431706 286167 0 2166916735
k19 v47 0 0 2070431706 286168 0 2210056641
k12 v39 0 0 2070431706 286169 0 2632077220
k7 v85 0 0 2070431706 286170 0 1350378164
k15 v85 0 0 2070431700 286171 0 1760921804
k1 v22 0 0 2070431706 286172 0 2951978196
k14 v16 0 0 2070431705 286173 0 2630994396
k4 v46 0 0 2070431706 286174 0 3663109770
k1 v24 0 0 2070431706 286175 0 1687263174
k11 v69 0 0 2070431706 286176 0 3783165764
k4 v69 0 0 2070431706 286177 0 1763752981
k13 v47 0 0 2070431706 286178 0 1867985721
k16 v11 0 0 2070431706 286179 0 3831714767
k3 v20 0 0 2070431705 286180 0 1062083565
k11 v50 0 0 2070431706 286181 0 650197417
k3 v17 0 0 2070431705 286182 0 2535611679
k13 v6 0 0 2070431706 286183 0 2491849916
k8 v57 0 0 2070431706 286184 0 726827994
k2 v6 0 0 2070431706 286185 0 3206229876
k12 v65 0 0 2070431706 286186 0 1341244591
k17 v93 0 0 2070431706 286187 0 99855442
k0 v26 0 0 2070431706 286188 0 2346595054
k15 v86 0 0 2070431706 286189 0 3266707892
k19 v22 0 0 2070431706 286190 0 2642989357
k14 v80 0 0 2070431706 286191 0 352163466
k11 v27 0 0 2070431706 286192 0 2223841430
k10 v97 0 0 2070431701 286193 0 1389132175
k1 v55 0 0 2070431703 286194 0 863254775
k12 v84 0 0 2070431702 286195 0 1476183127
k4 v66 0 0 2070431706 286196 0 104517759
k18 v85 0 0 2070431706 286197 0 1774715814
k3 v86 0 0 2070431706 286198 0 1037003247
k4 v98 0 0 2070431706 286199 0 3561949433
k5 v90 0 0 2070431706 286200 0 507583415
k6 v54 0 0 2070431706 286201 0 140113247
k3 v2 0 0 2070431704 286202 0 4145860353
k15 v91 0 0 2070431706 286203 0 1516319333
k19 v76 0 0 2070431706 286204 0 659483700
k17 v77 0 0 2070431706 286205 0 3057768303
k0 v75 0 0 2070431706 286206 0 728837081
k11 v20 0 0 2070431706 286207 0 98231841
k3 v32 0 0 2070431706 286208 0 816487746
k15 v17 0 0 2070431705 286209 0 2412792239
k0 v32 0 0 2070431706 286210 0 2404664384
k6 v78 0 0 2070431706 286211 0 1047110654
k9 v48 0 0 2070431706 286212 0 408594774
k18 v97 0 0 2070431705 286213 0 3399076357
k14 v79 0 0 2070431706 286214 0 3246784067
k7 v23 0 0 2070431706 286215 0 2116522099
k8 v25 0 0 2070431706 286216 0 2804516333
k3 v19 0 0 2070431707 286217 0 2901176609
k0 v29 0 0 2070431706 286218 0 3928348334
k0 v68 0 0 2070431706 286219 0 2225133586
k17 v98 0 0 2070431707 286220 0 2873658187
k17 v53 0 0 2070431707 286221 0 3072994495
k5 v81 0 0 2070431705 286222 0 1539379808
k10 v80 0 0 2070431706 286223 0 947328404
k18 v87 0 0 2070431707 286224 0 1516332664
k6 v24 0 0 2070431706 286225 0 106324589
k13 v65 0 0 2070431707 286226 0 118097117
k18 v55 0 0 2070431707 286227 0 324259172
k12 v6 0 0 2070431706 286228 0 2138573711
k11 v81 0 0 2070431706 286229 0 1015819404
k4 v56 0 0 2070431707 286230 0 4176928700
k19 v26 0 0 2070431706 286231 0 3579584781
k16 v84 0 0 2070431707 286232 0 1327748959
k13 v54 0 0 2070431706 286233 0 2842436500
k8 v94 0 0 2070431707 286234 0 1639613260
k3 v74 0 0 2070431707 286235 0 3711091878
k11 v4 0 0 2070431705 286236 0 2634059801
k6 v14 0 0 2070431707 286237 0 2182539429
k18 v81 0 0 2070431707 286238 0 1932910230
k14 v74 0 0 2070431707 286239 0 223629907
k9 v88 0 0 2070431707 286240 0 3607495788
k8 v96 0 0 2070431706 286241 0 535173022
k17 v49 0 0 2070431707 286242 0 1346707566
k11 v26 0 0 2070431707 286243 0 775296690
k4 v59 0 0 2070431707 286244 0 3846863900
k11 v50 0 0 2070431707 286245 0 2510858937
k9 v57 0 0 2070431706 286246 0 2578996486
k5 v22 0 0 2070431707 286247 0 243390507
k12 v19 0 0 2070431707 286248 0 3164996742
k16 v73 0 0 2070431707 286249 0 80294316
k4 v52 0 0 2070431707 286250 0 2996193367
k17 v28 0 0 2070431706 286251 0 626665348
k19 v85 0 0 2070431707 286252 0 1489586979
k13 v42 0 0 2070431707 286253 0 2058502643
k1 v39 0 0 2070431707 286254 0 2308593834
k13 v86 0 0 2070431706 286255 0 2577662079
k1 v23 0 0 2070431707 286256 0 1935874440
k4 v72 0 0 2070431707 286257 0 420732909
k15 v30 0 0 2070431707 286258 0 3617921686
k17 v98 0 0 2070431707 286259 0 2143626887
k18 v39 0 0 2070431707 286260 0 2115029842
k0 v13 0 0 2070431707 286261 0 3725154593
k5 v86 0 0 2070431707 286262 0 4289272658
k19 v61 0 0 2070431707 286263 0 3736478674
k18 v81 0 0 2070431707 286264 0 3645592433
k8 v45 0 0 2070431707 286265 0 3017590259
k4 v90 0 0 2070431707 286266 0 458173129
k6 v54 0 0 2070431707 286267 0 2518953717
k8 v89 0 0 2070431707 286268 0 3796863896
k1 v12 0 0 2070431707 286269 0 3905159867
k19 v70 0 0 2070431706 286270 0 3259933280
k6 v78 0 0 2070431707 286271 0 4132364242
k1 v32 0 0 2070431707 286272 0 3996561466
k6 v48 0 0 2070431707 286273 0 3211149235
k8 v65 0 0 2070431707 286274 0 1338089464
k7 v69 0 0 2070431707 286275 0 4092348634
k7 v33 0 0 2070431706 286276 0 3462216860
k16 v95 0 0 2070431707 286277 0 3487576862
k4 v14 0 0 2070431707 286278 0 4010905439
k18 v34 0 0 2070431707 286279 0 406920321
k4 v99 0 0 2070431707 286280 0 3208072625
k6 v69 0 0 2070431707 286281 0 128917559
k16 v4 0 0 2070431707 286282 0 3536159681
k9 v79 0 0 2070431707 286283 0 3695385251
k2 v43 0 0 2070431707 286284 0 3377845410
k13 v41 0 0 2070431707 286285 0 2342074604
k16 v33 0 0 2070431707 286286 0 2561855676
k4 v41 0 0 2070431707 286287 0 3313271703
k14 v65 0 0 2070431707 286288 0 3802608683
k9 v46 0 0 2070431704 286289 0 2946631432
k1 v48 0 0 2070431707 286290 0 3899447764
k7 v77 0 0 2070431707 286291 0 456943661
k19 v98 0 0 2070431707 286292 0 2019047284
k19 v82 0 0 2070431707 286293 0 2844534165
k15 v69 0 0 2070431707 286294 0 127256111
k1 v25 0 0 2070431707 286295 0 3581357818
k10 v51 0 0 2070431707 286296 0 1212791739
k10 v69 0 0 2070431707 286297 0 3080183467
k16 v50 0 0 2070431707 286298 0 1583865609
k19 v44 0 0 2070431707 286299 0 3763035399
k0 v64 0 0 2070431707 286300 0 4085273468
k17 v11 0 0 2070431707 286301 0 3559255427
k6 v34 0 0 2070431705 286302 0 3816473564
k5 v95 0 0 2070431708 286303 0 3016813884
k14 v33 0 0 2070431707 286304 0 4055717642
k18 v22 0 0 2070431706 286305 0 3730062520
k10 v65 0 0 2070431708 286306 0 334994503
k5 v89 0 0 2070431706 286307 0 2396685439
k5 v1 0 0 2070431707 286308 0 3868741703
k17 v91 0 0 2070431707 286309 0 957247229
k11 v91 0 0 2070431708 286310 0 3722764117
k18 v18 0 0 2070431708 286311 0 2189140836
k4 v46 0 0 2070431708 286312 0 922918663
k7 v32 0 0 2070431707 286313 0 2799102166
k1 v19 0 0 2070431706 286314 0 507614960
k11 v61 0 0 2070431708 286315 0 3968246846
k19 v64 0 0 2070431707 286316 0 901281384
k2 v83 0 0 2070431708 286317 0 3141453034
k13 v64 0 0 2070431707 286318 0 1175767849
k18 v51 0 0 2070431708 286319 0 2699542563
k16 v54 0 0 2070431708 286320 0 3046777968
k18 v6 0 0 2070431708 286321 0 2493458961
k4 v25 0 0 2070431708 286322 0 1825597778
k6 v39 0 0 2070431708 286323 0 3568383375
k2 v56 0 0 2070431708 286324 0 286160700
k17 v95 0 0 2070431708 286325 0 32640106
k12 v5 0 0 2070431708 286326 0 3814989468
k4 v64 0 0 2070431707 286327 0 3206131782
k13 v81 0 0 2070431708 286328 0 1698151283
k9 v26 0 0 2070431708 286329 0 3139171634
k18 v33 0 0 2070431704 286330 0 436062465
k12 v54 0 0 2070431706 286331 0 3096824999
k15 v80 0 0 2070431708 286332 0 381120754
k5 v50 0 0 2070431708 286333 0 2904002231
k8 v4 0 0 2070431707 286334 0 2435555533
k10 v53 0 0 2070431708 286335 0 3315691243
k5 v72 0 0 2070431708 286336 0 4268363011
k7 v23 0 0 2070431707 286337 0 998457700
k6 v58 0 0 2070431708 286338 0 2782771443
k15 v81 0 0 2070431708 286339 0 2418315903
k14 v79 0 0 2070431708 286340 0 236227835
k19 v45 0 0 2070431708 286341 0 615582419
k0 v66 0 0 2070431708 286342 0 3578920194
k0 v33 0 0 2070431708 286343 0 1793301369
k14 v65 0 0 2070431708 286344 0 647296906
k3 v69 0 0 2070431708 286345 0 2422874841
k9 v97 0 0 2070431708 286346 0 59057564
k11 v26 0 0 2070431708 286347 0 734439039
k5 v56 0 0 2070431708 286348 0 3482311724
k17 v73 0 0 2070431708 286349 0 4263947953
k14 v64 0 0 2070431708 286350 0 643654655
k6 v6 0 0 2070431708 286351 0 814559386
k13 v87 0 0 2070431708 286352 0 515168425
k15 v85 0 0 2070431708 286353 0 548138270
k5 v36 0 0 2070431708 286354 0 2496003281
k14 v57 0 0 2070431708 286355 0 2409453715
k10 v30 0 0 2070431708 286356 0 3012888982
k9 v98 0 0 2070431708 286357 0 1740836555
k18 v56 0 0 2070431707 286358 0 2257710465
k3 v41 0 0 2070431708 286359 0 1141035053
k6 v86 0 0 2070431708 286360 0 3672519972
k16 v75 0 0 2070431708 286361 0 707495894
k3 v69 0 0 2070431708 286362 0 3702481008
k2 v31 0 0 2070431708 286363 0 1312811634
k6 v37 0 0 2070431708 286364 0 2231451891
k0 v9 0 0 2070431708 286365 0 1489592678
k7 v54 0 0 2070431708 286366 0 1976598697
k1 v82 0 0 2070431708 286367 0 2918436884
k7 v27 0 0 2070431708 286368 0 756901557
k4 v39 0 0 2070431707 286369 0 501331100
k2 v53 0 0 2070431708 286370 0 1478729932
k6 v40 0 0 2070431708 286371 0 1897397834
k10 v84 0 0 2070431708 286372 0 3296491568
k9 v4 0 0 2070431707 286373 0 3461085718
k4 v21 0 0 2070431708 286374 0 1923934054
k3 v38 0 0 2070431708 286375 0 2053644515
k7 v41 0 0 2070431708 286376 0 3225598239
k18 v71 0 0 2070431708 286377 0 3727528034
k9 v87 0 0 2070431708 286378 0 10106325
k3 v43 0 0 2070431708 286379 0 2370335439
k0 v31 0 0 2070431708 286380 0 2182760274
k11 v30 0 0 2070431708 286381 0 1870653142
k4 v29 0 0 2070431708 286382 0 2993803631
k7 v12 0 0 2070431708 286383 0 2497953928
k17 v7 0 0 2070431708 286384 0 1568831620
k14 v54 0 0 2070431708 286385 0 686589450
k17 v76 0 0 2070431708 286386 0 1529780997
k15 v61 0 0 2070431708 286387 0 3510459552
k6 v76 0 0 2070431708 286388 0 1421090056
k18 v79 0 0 2070431708 286389 0 3593022563
k17 v48 0 0 2070431708 286390 0 1850777392
k11 v55 0 0 2070431708 286391 0 3003799864
k16 v90 0 0 2070431708 286392 0 4062138247
k9 v82 0 0 2070431708 286393 0 3262779659
k11 v63 0 0 2070431708 286394 0 826323531
k12 v7 0 0 2070431708 286395 0 248697906
k4 v85 0 0 2070431708 286396 0 3319745468
k8 v10 0 0 2070431708 286397 0 1300480703
k4 v83 0 0 2070431708 286398 0 3749706727
k17 v89 0 0 2070431708 286399 0 3992851186
k7 v68 0 0 2070431706 286400 0 124964382
k12 v87 0 0 2070431706 286401 0 545032670
k3 v53 0 0 2070431708 286402 0 1778255526
k15 v78 0 0 2070431708 286403 0 1106484943
k2 v11 0 0 2070431708 286404 0 2095069635
k6 v8 0 0 2070431707 286405 0 254105095
k4 v38 0 0 2070431708 286406 0 3211052466
k3 v39 0 0 2070431708 286407 0 3047249691
k12 v44 0 0 2070431708 286408 0 2090229922
k2 v93 0 0 2070431708 286409 0 645019764
k6 v31 0 0 2070431708 286410 0 4258674206
k1 v0 0 0 2070431708 286411 0 1269367658
k16 v25 0 0 2070431708 286412 0 347962636
k17 v86 0 0 2070431708 286413 0 4165657432
k9 v31 0 0 2070431708 286414 0 4021954706
k16 v53 0 0 2070431708 286415 0 3057184838
k19 v22 0 0 2070431707 286416 0 1052104639
k19 v72 0 0 2070431708 286417 0 1940747127
k14 v27 0 0 2070431709 286418 0 94384253
k0 v83 0 0 2070431709 286419 0 2572550826
k14 v49 0 0 2070431709 286420 0 553273997
k10 v57 0 0 2070431708 286421 0 1932857912
k17 v13 0 0 2070431708 286422 0 1924478647
k5 v22 0 0 2070431709 286423 0 1585523827
k9 v89 0 0 2070431708 286424 0 785107948
k16 v84 0 0 2070431708 286425 0 4260062943
k14 v98 0 0 2070431709 286426 0 3138803742
k16 v81 0 0 2070431709 286427 0 687723740
k13 v48 0 0 2070431709 286428 0 4227687277
k5 v12 0 0 2070431708 286429 0 333072004
k7 v64 0 0 2070431708 286430 0 3280494494
k4 v4 0 0 2070431709 286431 0 2179189507
k3 v43 0 0 2070431709 286432 0 952646655
k17 v75 0 0 2070431709 286433 0 3570988364
k4 v74 0 0 2070431709 286434 0 2188452007
k10 v50 0 0 2070431709 286435 0 997530374
k15 v17 0 0 2070431709 286436 0 2026545578
k17 v57 0 0 2070431709 286437 0 2663270329
k8 v66 0 0 2070431707 286438 0 1858038334
k0 v10 0 0 2070431709 286439 0 2404585958
k3 v78 0 0 2070431708 286440 0 2323076861
k10 v94 0 0 2070431708 286441 0 4011470477
k3 v21 0 0 2070431709 286442 0 24403504
k19 v58 0 0 2070431709 286443 0 1852953925
k8 v46 0 0 2070431709 286444 0 906699000
k13 v11 0 0 2070431709 286445 0 1061227331
k14 v65 0 0 2070431709 286446 0 1172286767
k4 v73 0 0 2070431709 286447 0 1297597298
k1 v85 0 0 2070431709 286448 0 2580973057
k14 v85 0 0 2070431708 286449 0 3710041550
k2 v84 0 0 2070431708 286450 0 2414175451
k19 v11 0 0 2070431709 286451 0 3082826943
k16 v94 0 0 2070431709 286452 0 3834996125
k7 v27 0 0 2070431709 286453 0 2647800064
k1 v65 0 0 2070431709 286454 0 3882790794
k16 v8 0 0 2070431709 286455 0 1988884048
k3 v79 0 0 2070431708 286456 0 3095961610
k15 v33 0 0 2070431708 286457 0 64947939
k3 v70 0 0 2070431709 286458 0 303915246
k11 v29 0 0 2070431709 286459 0 2573576640
k8 v66 0 0 2070431708 286460 0 2039296113
k10 v74 0 0 2070431709 286461 0 4093376205
k16 v94 0 0 2070431709 286462 0 3872644036
k17 v48 0 0 2070431709 286463 0 526169065
k8 v5 0 0 2070431709 286464 0 2061136875
k4 v46 0 0 2070431709 286465 0 745613154
k9 v36 0 0 2070431709 286466 0 4113431192
k1 v20 0 0 2070431709 286467 0 4151744180
k9 v65 0 0 2070431709 286468 0 1227103737
k9 v36 0 0 2070431709 286469 0 1924523607
k19 v66 0 0 2070431709 286470 0 637333851
k6 v26 0 0 2070431709 286471 0 1383358078
k9 v88 0 0 2070431709 286472 0 3617035609
k5 v69 0 0 2070431709 286473 0 2025943387
k16 v10 0 0 2070431708 286474 0 385807556
k16 v42 0 0 2070431709 286475 0 2225222834
k1 v14 0 0 2070431709 286476 0 3663504504
k1 v22 0 0 2070431709 286477 0 1014663695
k1 v89 0 0 2070431709 286478 0 1218839987
k1 v3 0 0 2070431709 286479 0 3841898628
k7 v85 0 0 2070431709 286480 0 3051325207
k8 v6 0 0 2070431708 286481 0 1848698864
k19 v97 0 0 2070431709 286482 0 904159372
k15 v50 0 0 2070431708 286483 0 922687672
k11 v64 0 0 2070431709 286484 0 2159757000
k15 v66 0 0 2070431709 286485 0 1395826838
k1 v34 0 0 2070431708 286486 0 4184793766
k5 v29 0 0 2070431709 286487 0 84473817
k13 v6 0 0 2070431709 286488 0 2576132073
k18 v75 0 0 2070431709 286489 0 1415719343
k8 v26 0 0 2070431709 286490 0 2894230377
k7 v42 0 0 2070431708 286491 0 3085137825
k5 v29 0 0 2070431709 286492 0 2042456491
k10 v94 0 0 2070431709 286493 0 425648066
k9 v36 0 0 2070431709 286494 0 3427262247
k3 v72 0 0 2070431709 286495 0 1684509003
k15 v12 0 0 2070431709 286496 0 1591211107
k1 v82 0 0 2070431709 286497 0 4157779726
k10 v85 0 0 2070431709 286498 0 1556177
k6 v53 0 0 2070431709 286499 0 3529420603
k0 v5 0 0 2070431709 286500 0 465865528
k15 v10 0 0 2070431709 286501 0 1815431362
k8 v81 0 0 2070431709 286502 0 162259865
k6 v49 0 0 2070431709 286503 0 1460877563
k17 v24 0 0 2070431709 286504 0 3374778068
k4 v18 0 0 2070431709 286505 0 77328631
k19 v26 0 0 2070431709 286506 0 3702268806
k13 v12 0 0 2070431709 286507 0 493611954
k2 v33 0 0 2070431710 286508 0 2189257133
k5 v4 0 0 2070431709 286509 0 3840474359
k9 v26 0 0 2070431710 286510 0 2305466376
k6 v68 0 0 2070431710 286511 0 3983541533
k8 v0 0 0 2070431709 286512 0 3136910738
k2 v36 0 0 2070431708 286513 0 2405369272
k7 v9 0 0 2070431710 286514 0 3232835784
k8 v83 0 0 2070431709 286515 0 2380687845
k14 v25 0 0 2070431710 286516 0 3781493618
k14 v66 0 0 2070431710 286517 0 1160674114
k12 v78 0 0 2070431710 286518 0 2841566478
k2 v49 0 0 2070431710 286519 0 2757104829
k16 v30 0 0 2070431709 286520 0 3834353069
k19 v21 0 0 2070431710 286521 0 2031732948
k7 v49 0 0 2070431708 286522 0 441792414
k7 v67 0 0 2070431707 286523 0 659709545
k3 v24 0 0 2070431710 286524 0 3366010134
k17 v8 0 0 2070431709 286525 0 3696288624
k12 v62 0 0 2070431710 286526 0 4250168697
k19 v76 0 0 2070431710 286527 0 1126452964
k4 v17 0 0 2070431709 286528 0 3459132149
k13 v35 0 0 2070431709 286529 0 2246882748
k11 v27 0 0 2070431710 286530 0 3847900497
k16 v69 0 0 2070431710 286531 0 2180623202
k2 v69 0 0 2070431710 286532 0 2699171941
k7 v47 0 0 2070431709 286533 0 3621660433
k19 v80 0 0 2070431710 286534 0 2717738475
k19 v28 0 0 2070431710 286535 0 3825961491
k15 v20 0 0 2070431710 286536 0 1377365463
k12 v64 0 0 2070431710 286537 0 1638837210
k17 v71 0 0 2070431710 286538 0 3377049555
k5 v79 0 0 2070431709 286539 0 2722223606
k0 v27 0 0 2070431710 286540 0 1896673367
k14 v23 0 0 2070431709 286541 0 620283363
k7 v39 0 0 2070431710 286542 0 3013722754
k12 v89 0 0 2070431709 286543 0 1831304494
k12 v2 0 0 2070431710 286544 0 3580818965
k2 v60 0 0 2070431710 286545 0 307262931
k17 v12 0 0 2070431710 286546 0 185720020
k15 v8 0 0 2070431710 286547 0 3431938984
k4 v96 0 0 2070431710 286548 0 2181196575
k4 v96 0 0 2070431710 286549 0 2602130014
k16 v62 0 0 2070431710 286550 0 2921168361
k10 v34 0 0 2070431710 286551 0 1405887522
k2 v72 0 0 2070431710 286552 0 164068401
k12 v41 0 0 2070431710 286553 0 3456221966
k1 v18 0 0 2070431710 286554 0 2286962546
k0 v29 0 0 2070431710 286555 0 339813698
k17 v80 0 0 2070431710 286556 0 2050312839
k1 v95 0 0 2070431710 286557 0 819862378
k6 v67 0 0 2070431709 286558 0 1326475713
k17 v29 0 0 2070431710 286559 0 3290936247
k18 v24 0 0 2070431709 286560 0 3754321130
k0 v30 0 0 2070431710 286561 0 353185909
k17 v64 0 0 2070431710 286562 0 2168313395
k8 v32 0 0 2070431710 286563 0 3981207389
k9 v33 0 0 2070431710 286564 0 1545150472
k16 v23 0 0 2070431708 286565 0 1647052798
k10 v18 0 0 2070431709 286566 0 554516290
k19 v85 0 0 2070431710 286567 0 2811307228
k19 v1 0 0 2070431710 286568 0 1439542269
k0 v68 0 0 2070431710 286569 0 3442273258
k3 v36 0 0 2070431710 286570 0 4279422955
k15 v4 0 0 2070431710 286571 0 1269112732
k16 v9 0 0 2070431710 286572 0 4020365234
k3 v6 0 0 2070431709 286573 0 2742497012
k18 v41 0 0 2070431710 286574 0 1877676392
k4 v2 0 0 2070431710 286575 0 3593294595
k12 v97 0 0 2070431710 286576 0 2617307299
k18 v15 0 0 2070431710 286577 0 2265460439
k12 v33 0 0 2070431710 286578 0 2371370623
k4 v20 0 0 2070431710 286579 0 1133572679
k14 v89 0 0 2070431710 286580 0 2867767963
k9 v90 0 0 2070431710 286581 0 1164950662
k4 v2 0 0 2070431710 286582 0 2452652793
k2 v86 0 0 2070431710 286583 0 452770388
k8 v47 0 0 2070431711 286584 0 643074633
k4 v89 0 0 2070431710 286585 0 3723698057
k0 v71 0 0 2070431710 286586 0 659338309
k10 v11 0 0 2070431710 286587 0 3254829461
k15 v74 0 0 2070431708 286588 0 3349040178
k16 v64 0 0 2070431710 286589 0 4079274022
k14 v82 0 0 2070431711 286590 0 1442077514
k3 v69 0 0 2070431710 286591 0 489366692
k3 v40 0 0 2070431710 286592 0 712940526
k0 v5 0 0 2070431709 286593 0 1060692852
k16 v88 0 0 2070431710 286594 0 1202842887
k11 v99 0 0 2070431710 286595 0 3534683184
k12 v98 0 0 2070431710 286596 0 3925978504
k12 v14 0 0 2070431711 286597 0 3379865802
k19 v82 0 0 2070431710 286598 0 3390167485
k0 v71 0 0 2070431711 286599 0 1841087011
k1 v92 0 0 2070431711 286600 0 1175406245
k15 v89 0 0 2070431711 286601 0 4169830342
k4 v6 0 0 2070431711 286602 0 215062376
k10 v56 0 0 2070431711 286603 0 2245875825
k10 v4 0 0 2070431711 286604 0 2785781228
k15 v90 0 0 2070431710 286605 0 925508662
k14 v96 0 0 2070431711 286606 0 3489464426
k18 v53 0 0 2070431711 286607 0 3397520972
k18 v10 0 0 2070431711 286608 0 4031405042
k0 v92 0 0 2070431711 286609 0 213784376
k6 v17 0 0 2070431711 286610 0 1057779029
k9 v68 0 0 2070431710 286611 0 2311418235
k9 v98 0 0 2070431709 286612 0 3871974142
k12 v61 0 0 2070431710 286613 0 1064944961
k1 v53 0 0 2070431711 286614 0 1909317405
k14 v78 0 0 2070431711 286615 0 790986313
k11 v92 0 0 2070431711 286616 0 469617219
k6 v94 0 0 2070431711 286617 0 4195794734
k14 v60 0 0 2070431710 286618 0 1411405238
k15 v11 0 0 2070431711 286619 0 375534499
k15 v59 0 0 2070431711 286620 0 1254417594
k1 v41 0 0 2070431711 286621 0 1541955603
k4 v10 0 0 2070431711 286622 0 61785332
k8 v53 0 0 2070431711 286623 0 2801819249
k6 v65 0 0 2070431710 286624 0 916842050
k8 v3 0 0 2070431711 286625 0 2390536414
k16 v10 0 0 2070431711 286626 0 2151584590
k14 v20 0 0 2070431711 286627 0 263058181
k1 v98 0 0 2070431710 286628 0 384677987
k4 v24 0 0 2070431711 286629 0 3584652421
k14 v36 0 0 2070431711 286630 0 1524044222
k16 v75 0 0 2070431711 286631 0 319470183
k7 v38 0 0 2070431711 286632 0 227950641
k8 v51 0 0 2070431711 286633 0 1812742858
k15 v3 0 0 2070431711 286634 0 243288806
k0 v43 0 0 2070431711 286635 0 1878741880
k9 v29 0 0 2070431711 286636 0 2117340337
k9 v69 0 0 2070431711 286637 0 1976973643
k3 v38 0 0 2070431711 286638 0 4146399528
k15 v66 0 0 2070431711 286639 0 2638595846
k0 v95 0 0 2070431711 286640 0 993108542
k13 v32 0 0 2070431711 286641 0 2128037261
k15 v99 0 0 2070431711 286642 0 1265956679
k2 v74 0 0 2070431711 286643 0 1260525026
k18 v42 0 0 2070431710 286644 0 3501280533
k10 v75 0 0 2070431711 286645 0 2682461084
k13 v41 0 0 2070431711 286646 0 4158134488
k10 v10 0 0 2070431711 286647 0 1885514951
k0 v26 0 0 2070431711 286648 0 44953193
k2 v56 0 0 2070431711 286649 0 2680654489
k12 v52 0 0 2070431712 286650 0 2244998666
k11 v97 0 0 2070431711 286651 0 2017403975
k6 v17 0 0 2070431711 286652 0 171157259
k9 v19 0 0 2070431710 286653 0 2960787003
k15 v22 0 0 2070431711 286654 0 1886530075
k17 v22 0 0 2070431712 286655 0 175165264
k1 v44 0 0 2070431711 286656 0 980168782
k18 v37 0 0 2070431712 286657 0 4195755483
k9 v94 0 0 2070431710 286658 0 3224227883
k8 v87 0 0 2070431712 286659 0 806601367
k13 v26 0 0 2070431712 286660 0 1005637510
k12 v54 0 0 2070431712 286661 0 447866055
k12 v59 0 0 2070431712 286662 0 2278404521
k2 v89 0 0 2070431711 286663 0 3001174031
k13 v98 0 0 2070431710 286664 0 1521339661
k19 v8 0 0 2070431711 286665 0 3334510388
k5 v46 0 0 2070431711 286666 0 4072167688
k11 v25 0 0 2070431711 286667 0 3087122561
k12 v25 0 0 2070431712 286668 0 3354649232
k6 v26 0 0 2070431711 286669 0 4126701884
k12 v86 0 0 2070431712 286670 0 1618429806
k7 v92 0 0 2070431711 286671 0 3079738139
k7 v31 0 0 2070431712 286672 0 2091647738
k17 v94 0 0 2070431712 286673 0 2237770488
k0 v0 0 0 2070431711 286674 0 2269522110
k4 v70 0 0 2070431709 286675 0 2022152936
k19 v19 0 0 2070431712 286676 0 2261147706
k0 v5 0 0 2070431712 286677 0 158248065
k13 v52 0 0 2070431712 286678 0 3588309688
k15 v24 0 0 2070431711 286679 0 1115364845
k10 v82 0 0 2070431712 286680 0 3360700643
k8 v64 0 0 2070431712 286681 0 2356452022
k5 v6 0 0 2070431712 286682 0 2607130099
k9 v29 0 0 2070431712 286683 0 2174292214
k12 v63 0 0 2070431712 286684 0 4144110072
k6 v97 0 0 2070431712 286685 0 3872893962
k17 v96 0 0 2070431712 286686 0 964980492
k16 v61 0 0 2070431712 286687 0 381525284
k14 v50 0 0 2070431711 286688 0 3964005444
k14 v49 0 0 2070431712 286689 0 481801356
k5 v8 0 0 2070431712 286690 0 2976507425
k9 v70 0 0 2070431712 286691 0 3354555026
k5 v20 0 0 2070431712 286692 0 1629045953
k4 v13 0 0 2070431712 286693 0 935743613
k7 v53 0 0 2070431712 286694 0 479984444
k7 v49 0 0 2070431712 286695 0 3444566493
k1 v29 0 0 2070431712 286696 0 4254453154
k9 v16 0 0 2070431711 286697 0 1832471268
k12 v50 0 0 2070431712 286698 0 2395141098
k18 v30 0 0 2070431711 286699 0 38031425
k19 v35 0 0 2070431712 286700 0 1520274122
k6 v76 0 0 2070431712 286701 0 2193385509
k8 v69 0 0 2070431712 286702 0 2812803333
k4 v42 0 0 2070431712 286703 0 1760538868
k11 v4 0 0 2070431712 286704 0 2266014122
k15 v67 0 0 2070431712 286705 0 1625451923
k1 v6 0 0 2070431711 286706 0 2609431241
k3 v3 0 0 2070431712 286707 0 164031988
k2 v55 0 0 2070431712 286708 0 407846472
k19 v28 0 0 2070431712 286709 0 2731848880
k5 v39 0 0 2070431712 286710 0 2196143860
k16 v75 0 0 2070431712 286711 0 649924239
k7 v78 0 0 2070431712 286712 0 718860386
k10 v83 0 0 2070431712 286713 0 829885580
k12 v6 0 0 2070431712 286714 0 1969492049
k3 v82 0 0 2070431712 286715 0 2126899238
k6 v49 0 0 2070431712 286716 0 3418252823
k2 v80 0 0 2070431711 286717 0 2478903583
k15 v80 0 0 2070431710 286718 0 2753615031
k11 v82 0 0 2070431712 286719 0 898381204
k16 v5 0 0 2070431712 286720 0 3762730438
k0 v74 0 0 2070431712 286721 0 2788997309
k17 v58 0 0 2070431713 286722 0 177868431
k11 v30 0 0 2070431712 286723 0 1493671518
k16 v91 0 0 2070431713 286724 0 134521828
k15 v92 0 0 2070431712 286725 0 83486412
k2 v81 0 0 2070431713 286726 0 2950603324
k0 v14 0 0 2070431712 286727 0 106633981
k16 v72 0 0 2070431713 286728 0 3638013330
k12 v28 0 0 2070431713 286729 0 463870555
k14 v90 0 0 2070431713 286730 0 3848004728
k2 v71 0 0 2070431712 286731 0 1642254716
k0 v37 0 0 2070431713 286732 0 4247373990
k2 v24 0 0 2070431712 286733 0 4118668484
k10 v98 0 0 2070431713 286734 0 481318493
k4 v71 0 0 2070431710 286735 0 2858508671
k17 v28 0 0 2070431713 286736 0 114501604
k3 v58 0 0 2070431713 286737 0 2082041913
k18 v6 0 0 2070431713 286738 0 2179753005
k7 v64 0 0 2070431712 286739 0 2252620722
k4 v42 0 0 2070431712 286740 0 1154173931
k6 v51 0 0 2070431713 286741 0 1285515145
k15 v56 0 0 2070431713 286742 0 4202293939
k5 v30 0 0 2070431713 286743 0 2601910966
k12 v8 0 0 2070431712 286744 0 1784125917
k1 v83 0 0 2070431712 286745 0 4043293282
k18 v89 0 0 2070431713 286746 0 3519928740
k4 v43 0 0 2070431713 286747 0 2722621172
k15 v15 0 0 2070431712 286748 0 1902922710
k6 v46 0 0 2070431713 286749 0 4208511116
k11 v6 0 0 2070431712 286750 0 796512457
k10 v50 0 0 2070431713 286751 0 3482977749
k13 v69 0 0 2070431713 286752 0 300941372
k16 v75 0 0 2070431713 286753 0 3743990863
k17 v39 0 0 2070431713 286754 0 3402989836
k11 v32 0 0 2070431712 286755 0 3235666385
k1 v83 0 0 2070431713 286756 0 381352712
k10 v27 0 0 2070431713 286757 0 291734168
k16 v78 0 0 2070431712 286758 0 1176968119
k9 v47 0 0 2070431713 286759 0 3900523125
k6 v70 0 0 2070431713 286760 0 3617831069
k18 v66 0 0 2070431713 286761 0 844687260
k2 v26 0 0 2070431713 286762 0 3972620668
k11 v38 0 0 2070431710 286763 0 2180048717
k16 v31 0 0 2070431712 286764 0 43058093
k13 v63 0 0 2070431713 286765 0 199395484
k8 v49 0 0 2070431713 286766 0 4012392784
k12 v87 0 0 2070431713 286767 0 1065740067
k5 v93 0 0 2070431713 286768 0 368659154
k11 v21 0 0 2070431713 286769 0 2465621582
k13 v7 0 0 2070431713 286770 0 2875258623
k11 v80 0 0 2070431713 286771 0 4290557244
k11 v53 0 0 2070431713 286772 0 3555272038
k1 v19 0 0 2070431713 286773 0 2239033845
k15 v88 0 0 2070431713 286774 0 525088344
k7 v40 0 0 2070431712 286775 0 2278641222
k3 v21 0 0 2070431713 286776 0 4082139656
k10 v11 0 0 2070431713 286777 0 3990505920
k0 v99 0 0 2070431713 286778 0 3623996316
k5 v74 0 0 2070431712 286779 0 4076976921
k10 v93 0 0 2070431713 286780 0 1190913984
k1 v20 0 0 2070431713 286781 0 1069333341
k10 v89 0 0 2070431713 286782 0 3154290402
k13 v47 0 0 2070431713 286783 0 4245678132
k10 v92 0 0 2070431713 286784 0 1206917506
k6 v46 0 0 2070431713 286785 0 1601666788
k11 v11 0 0 2070431713 286786 0 1693373800
k15 v21 0 0 2070431713 286787 0 112707417
k8 v84 0 0 2070431713 286788 0 4201597620
k12 v68 0 0 2070431714 286789 0 235770415
k10 v29 0 0 2070431714 286790 0 1141223237
k1 v69 0 0 2070431713 286791 0 3560650789
k15 v50 0 0 2070431713 286792 0 1988289589
k18 v81 0 0 2070431713 286793 0 968452096
k14 v80 0 0 2070431713 286794 0 326772532
k13 v62 0 0 2070431714 286795 0 1864171006
k18 v66 0 0 2070431714 286796 0 2088779647
k14 v68 0 0 2070431714 286797 0 2089199596
k14 v26 0 0 2070431713 286798 0 4208655846
k1 v27 0 0 2070431713 286799 0 400817649
k9 v50 0 0 2070431712 286800 0 3575844370
k9 v1 0 0 2070431714 286801 0 2622343855
k7 v59 0 0 2070431713 286802 0 1047572646
k19 v57 0 0 2070431712 286803 0 354466325
k18 v75 0 0 2070431713 286804 0 598913385
k19 v47 0 0 2070431713 286805 0 269131411
k1 v15 0 0 2070431714 286806 0 2094806929
k3 v2 0 0 2070431714 286807 0 4071477091
k18 v15 0 0 2070431714 286808 0 1946153658
k18 v37 0 0 2070431714 286809 0 1156494346
k4 v94 0 0 2070431711 286810 0 3089009971
k17 v27 0 0 2070431714 286811 0 1680804899
k5 v83 0 0 2070431714 286812 0 656748044
k19 v99 0 0 2070431711 286813 0 3030290795
k17 v92 0 0 2070431713 286814 0 1727769333
k19 v61 0 0 2070431714 286815 0 2078957845
k9 v83 0 0 2070431714 286816 0 1135348157
k16 v56 0 0 2070431712 286817 0 1676277224
k13 v11 0 0 2070431714 286818 0 1250691535
k19 v74 0 0 2070431714 286819 0 1661959576
k0 v20 0 0 2070431714 286820 0 3806723153
k6 v31 0 0 2070431714 286821 0 3968403378
k18 v98 0 0 2070431714 286822 0 423084421
k4 v70 0 0 2070431713 286823 0 1316126781
k6 v72 0 0 2070431713 286824 0 644592543
k1 v5 0 0 2070431713 286825 0 114171781
k18 v28 0 0 2070431713 286826 0 695371277
k6 v13 0 0 2070431714 286827 0 2497304517
k16 v10 0 0 2070431714 286828 0 3062024087
k7 v81 0 0 2070431714 286829 0 3788500219
k9 v83 0 0 2070431714 286830 0 376601173
k15 v11 0 0 2070431714 286831 0 1962939538
k5 v43 0 0 2070431714 286832 0 329971631
k4 v5 0 0 2070431714 286833 0 270150893
k4 v76 0 0 2070431714 286834 0 2383931393
k3 v11 0 0 2070431714 286835 0 4140622523
k19 v97 0 0 2070431714 286836 0 2608198723
k5 v90 0 0 2070431714 286837 0 1772470387
k10 v45 0 0 2070431714 286838 0 4230187232
k11 v24 0 0 2070431714 286839 0 3977342453
k13 v10 0 0 2070431714 286840 0 3791223402
k8 v5 0 0 2070431713 286841 0 3359958259
k7 v77 0 0 2070431714 286842 0 3464518521
k10 v67 0 0 2070431713 286843 0 1045903686
k17 v0 0 0 2070431713 286844 0 684501095
k9 v12 0 0 2070431714 286845 0 2969905467
k4 v91 0 0 2070431714 286846 0 2347054629
k14 v62 0 0 2070431714 286847 0 2066253015
k4 v33 0 0 2070431714 286848 0 513697068
k15 v84 0 0 2070431714 286849 0 691327720
k10 v70 0 0 2070431714 286850 0 1625500838
k11 v86 0 0 2070431714 286851 0 717088200
k9 v22 0 0 2070431714 286852 0 2224576296
k5 v97 0 0 2070431714 286853 0 3892371286
k4 v17 0 0 2070431714 286854 0 432056883
k13 v82 0 0 2070431714 286855 0 3987347580
k15 v16 0 0 2070431714 286856 0 3750254708
k13 v29 0 0 2070431714 286857 0 752413069
k19 v85 0 0 2070431714 286858 0 1416581229
k9 v11 0 0 2070431714 286859 0 3017490890
k15 v78 0 0 2070431714 286860 0 1683033866
k19 v36 0 0 2070431715 286861 0 3120862140
k16 v39 0 0 2070431714 286862 0 1461480264
k18 v59 0 0 2070431714 286863 0 1430875795
k5 v62 0 0 2070431714 286864 0 3264784633
k3 v9 0 0 2070431714 286865 0 4133767723
k12 v1 0 0 2070431714 286866 0 1029036820
k4 v42 0 0 2070431714 286867 0 2516717715
k4 v69 0 0 2070431714 286868 0 3341588057
k8 v70 0 0 2070431715 286869 0 1964911449
k13 v78 0 0 2070431715 286870 0 1156782041
k9 v41 0 0 2070431714 286871 0 4121270409
k7 v47 0 0 2070431714 286872 0 3084412867
k9 v80 0 0 2070431715 286873 0 1498795038
k11 v86 0 0 2070431714 286874 0 1414448611
k17 v50 0 0 2070431715 286875 0 1086821824
k15 v90 0 0 2070431715 286876 0 2977372199
k17 v7 0 0 2070431715 286877 0 646769385
k16 v32 0 0 2070431715 286878 0 1391030803
k5 v48 0 0 2070431714 286879 0 3307544000
k5 v85 0 0 2070431714 286880 0 2665605844
k17 v11 0 0 2070431714 286881 0 2495817882
k4 v70 0 0 2070431715 286882 0 2626764077
k13 v95 0 0 2070431714 286883 0 3451259300
k3 v63 0 0 2070431714 286884 0 1085000911
k16 v80 0 0 2070431715 286885 0 2017048186
k7 v38 0 0 2070431713 286886 0 3344243354
k8 v41 0 0 2070431714 286887 0 869307110
k2 v69 0 0 2070431715 286888 0 3973237175
k17 v35 0 0 2070431715 286889 0 983124008
k14 v65 0 0 2070431715 286890 0 291448654
k19 v70 0 0 2070431715 286891 0 662851055
k8 v62 0 0 2070431715 286892 0 3366076605
k17 v94 0 0 2070431714 286893 0 2840590662
k19 v29 0 0 2070431713 286894 0 3909475068
k2 v94 0 0 2070431713 286895 0 1687510473
k12 v79 0 0 2070431715 286896 0 3861073095
k1 v91 0 0 2070431715 286897 0 3450068974
k2 v94 0 0 2070431715 286898 0 391391747
k5 v97 0 0 2070431715 286899 0 3613380134
k15 v26 0 0 2070431715 286900 0 2148653057
k8 v46 0 0 2070431715 286901 0 4274759088
k17 v44 0 0 2070431715 286902 0 1665276448
k2 v81 0 0 2070431715 286903 0 4154326179
k19 v57 0 0 2070431715 286904 0 3893904046
k15 v53 0 0 2070431715 286905 0 3205200387
k1 v5 0 0 2070431715 286906 0 1354036938
k18 v15 0 0 2070431715 286907 0 2154924430
k19 v6 0 0 2070431715 286908 0 2989670400
k19 v70 0 0 2070431715 286909 0 1479973645
k16 v11 0 0 2070431715 286910 0 1835839355
k2 v63 0 0 2070431715 286911 0 3714616874
k10 v93 0 0 2070431715 286912 0 1571602553
k2 v0 0 0 2070431715 286913 0 1056118247
k18 v80 0 0 2070431715 286914 0 993847949
k5 v0 0 0 2070431715 286915 0 225479713
k16 v30 0 0 2070431715 286916 0 3130340038
k11 v24 0 0 2070431715 286917 0 67171310
k8 v64 0 0 2070431715 286918 0 12649279
k15 v93 0 0 2070431715 286919 0 628577013
k12 v32 0 0 2070431715 286920 0 605813766
k1 v79 0 0 2070431715 286921 0 1627663086
k4 v23 0 0 2070431715 286922 0 187700593
k9 v26 0 0 2070431715 286923 0 2721578062
k4 v74 0 0 2070431715 286924 0 822973249
k15 v1 0 0 2070431715 286925 0 12482992
k10 v67 0 0 2070431716 286926 0 3086080176
k16 v42 0 0 2070431714 286927 0 3461041556
k7 v45 0 0 2070431715 286928 0 4112800981
k5 v65 0 0 2070431716 286929 0 1810020579
k18 v76 0 0 2070431715 286930 0 2497898780
k8 v34 0 0 2070431714 286931 0 2467228579
k9 v83 0 0 2070431715 286932 0 1347583788
k17 v59 0 0 2070431715 286933 0 1368657931
k4 v12 0 0 2070431715 286934 0 1121018213
k12 v81 0 0 2070431715 286935 0 2850792491
k0 v99 0 0 2070431715 286936 0 1731932282
k5 v59 0 0 2070431716 286937 0 1552629842
k18 v46 0 0 2070431715 286938 0 656794103
k8 v43 0 0 2070431715 286939 0 534659582
k13 v9 0 0 2070431714 286940 0 1522826731
k6 v17 0 0 2070431716 286941 0 1920632752
k8 v29 0 0 2070431716 286942 0 3603049643
k1 v95 0 0 2070431716 286943 0 3653829222
k14 v29 0 0 2070431716 286944 0 2316773583
k2 v77 0 0 2070431716 286945 0 3765954273
k19 v28 0 0 2070431716 286946 0 1188067690
k18 v38 0 0 2070431716 286947 0 1533157729
k15 v40 0 0 2070431715 286948 0 1038049990
k15 v35 0 0 2070431716 286949 0 3894805027
k1 v67 0 0 2070431716 286950 0 1979564592
k19 v7 0 0 2070431716 286951 0 2396226823
k6 v80 0 0 2070431716 286952 0 66687551
k7 v49 0 0 2070431716 286953 0 1311156627
k13 v48 0 0 2070431716 286954 0 1849091286
k11 v84 0 0 2070431716 286955 0 2122724952
k16 v49 0 0 2070431716 286956 0 2722690645
k14 v12 0 0 2070431716 286957 0 3918792864
k1 v0 0 0 2070431716 286958 0 1845087827
k2 v29 0 0 2070431716 286959 0 3655012248
k14 v55 0 0 2070431716 286960 0 1462665750
k13 v3 0 0 2070431715 286961 0 3689166948
k10 v15 0 0 2070431716 286962 0 2008892860
k5 v13 0 0 2070431715 286963 0 4115653851
k11 v40 0 0 2070431716 286964 0 473784276
k1 v60 0 0 2070431716 286965 0 3951570623
k12 v15 0 0 2070431715 286966 0 1892177074
k1 v50 0 0 2070431716 286967 0 2728447710
k12 v0 0 0 2070431716 286968 0 1009298884
k12 v35 0 0 2070431716 286969 0 2635812579
k14 v14 0 0 2070431716 286970 0 561174492
k7 v44 0 0 2070431716 286971 0 3385137618
k18 v1 0 0 2070431716 286972 0 896662463
k0 v95 0 0 2070431716 286973 0 1090279147
k2 v82 0 0 2070431716 286974 0 2629121736
k6 v35 0 0 2070431716 286975 0 979012380
k1 v7 0 0 2070431716 286976 0 297439520
k18 v73 0 0 2070431716 286977 0 2041512187
k0 v86 0 0 2070431716 286978 0 2474328436
k3 v0 0 0 2070431716 286979 0 1496769276
k4 v9 0 0 2070431716 286980 0 516803900
k16 v81 0 0 2070431716 286981 0 1325476030
k17 v95 0 0 2070431716 286982 0 778631534
k1 v56 0 0 2070431716 286983 0 1215412997
k17 v50 0 0 2070431716 286984 0 1689486138
k17 v41 0 0 2070431716 286985 0 2266303139
k19 v99 0 0 2070431716 286986 0 1950429405
k14 v92 0 0 2070431717 286987 0 135565851
k0 v0 0 0 2070431716 286988 0 1913207232
k0 v88 0 0 2070431716 286989 0 2563013743
k15 v46 0 0 2070431715 286990 0 2046682696
k18 v75 0 0 2070431716 286991 0 2705856418
k4 v91 0 0 2070431717 286992 0 3512860916
k7 v25 0 0 2070431716 286993 0 1647798490
k18 v5 0 0 2070431717 286994 0 3958545140
k13 v76 0 0 2070431717 286995 0 3497780713
k3 v91 0 0 2070431716 286996 0 253582784
k5 v3 0 0 2070431717 286997 0 3705271724
k11 v85 0 0 2070431716 286998 0 2807401015
k2 v47 0 0 2070431717 286999 0 4088314051
k1 v86 0 0 2070431717 287000 0 1230786953
k17 v13 0 0 2070431717 287001 0 642058514
k2 v94 0 0 2070431716 287002 0 2486304698
k12 v18 0 0 2070431717 287003 0 3173956527
k4 v31 0 0 2070431716 287004 0 3307074130
k10 v21 0 0 2070431716 287005 0 1240113225
k15 v57 0 0 2070431716 287006 0 338469696
k15 v15 0 0 2070431717 287007 0 430629032
k2 v52 0 0 2070431717 287008 0 291276726
k3 v4 0 0 2070431715 287009 0 3698556665
k11 v63 0 0 2070431717 287010 0 3132204614
k1 v64 0 0 2070431717 287011 0 1216639171
k18 v68 0 0 2070431717 287012 0 557839950
k1 v59 0 0 2070431715 287013 0 4124610930
k0 v88 0 0 2070431717 287014 0 2927189769
k1 v42 0 0 2070431716 287015 0 2158307825
k5 v43 0 0 2070431717 287016 0 35250297
k9 v54 0 0 2070431716 287017 0 2849183262
k16 v25 0 0 2070431717 287018 0 2450206094
k9 v45 0 0 2070431717 287019 0 21464022
k13 v28 0 0 2070431716 287020 0 3108000939
k13 v83 0 0 2070431716 287021 0 1394603673
k13 v47 0 0 2070431717 287022 0 3447604048
k5 v35 0 0 2070431716 287023 0 1548136822
k9 v69 0 0 2070431716 287024 0 1308065738
k18 v65 0 0 2070431717 287025 0 3664369789
k7 v86 0 0 2070431717 287026 0 4048048155
k17 v47 0 0 2070431717 287027 0 2958366342
k1 v44 0 0 2070431716 287028 0 3010360368
k1 v4 0 0 2070431717 287029 0 3011667050
k12 v36 0 0 2070431717 287030 0 1769544751
k13 v51 0 0 2070431717 287031 0 4234700015
k6 v69 0 0 2070431717 287032 0 2697292141
k11 v84 0 0 2070431717 287033 0 2694024136
k1 v61 0 0 2070431717 287034 0 503152887
k15 v91 0 0 2070431717 287035 0 1120263772
k2 v61 0 0 2070431717 287036 0 1496243016
k19 v70 0 0 2070431717 287037 0 3334367645
k13 v46 0 0 2070431716 287038 0 2677996085
k4 v21 0 0 2070431717 287039 0 562409798
k12 v6 0 0 2070431717 287040 0 4287891667
k6 v4 0 0 2070431717 287041 0 437234832
k18 v57 0 0 2070431717 287042 0 544589415
k19 v27 0 0 2070431717 287043 0 3422198698
k13 v6 0 0 2070431717 287044 0 2362485015
k5 v1 0 0 2070431717 287045 0 1821447371
k14 v62 0 0 2070431717 287046 0 342405930
k1 v47 0 0 2070431717 287047 0 1400396057
k9 v60 0 0 2070431717 287048 0 3520700702
k15 v13 0 0 2070431717 287049 0 67369007
k2 v48 0 0 2070431717 287050 0 394390773
k13 v73 0 0 2070431717 287051 0 3606015916
k1 v15 0 0 2070431717 287052 0 1746941634
k12 v13 0 0 2070431717 287053 0 2308432444
k14 v51 0 0 2070431718 287054 0 705390106
k16 v17 0 0 2070431717 287055 0 2440826736
k12 v64 0 0 2070431718 287056 0 2774737950
k11 v83 0 0 2070431717 287057 0 557225197
k11 v48 0 0 2070431717 287058 0 2748784279
k16 v89 0 0 2070431718 287059 0 1194955615
k10 v16 0 0 2070431717 287060 0 1725959248
k5 v35 0 0 2070431718 287061 0 2096326938
k10 v64 0 0 2070431717 287062 0 4160724486
k6 v49 0 0 2070431717 287063 0 1540463546
k19 v98 0 0 2070431718 287064 0 2087464987
k2 v24 0 0 2070431718 287065 0 2493221992
k13 v20 0 0 2070431717 287066 0 3110243805
k19 v5 0 0 2070431718 287067 0 1172545116
k9 v75 0 0 2070431717 287068 0 1712137969
k1 v38 0 0 2070431718 287069 0 36127788
k16 v25 0 0 2070431717 287070 0 1583340340
k2 v55 0 0 2070431718 287071 0 4256538181
k15 v62 0 0 2070431718 287072 0 806432783
k3 v66 0 0 2070431713 287073 0 3710764396
k18 v90 0 0 2070431713 287074 0 644643356
k1 v9 0 0 2070431718 287075 0 1989016972
k12 v3 0 0 2070431718 287076 0 1495454655
k16 v50 0 0 2070431717 287077 0 1400052660
k7 v27 0 0 2070431718 287078 0 342990495
k3 v93 0 0 2070431718 287079 0 490172033
k10 v37 0 0 2070431714 287080 0 1666325634
k7 v1 0 0 2070431718 287081 0 4137153415
k6 v38 0 0 2070431718 287082 0 2650024003
k1 v96 0 0 2070431718 287083 0 714654400
k5 v92 0 0 2070431717 287084 0 4064808033
k13 v5 0 0 2070431718 287085 0 3931651668
k12 v3 0 0 2070431718 287086 0 1384027266
k3 v71 0 0 2070431718 287087 0 2447998478
k2 v33 0 0 2070431718 287088 0 1429600802
k14 v75 0 0 2070431718 287089 0 1028940064
k16 v13 0 0 2070431718 287090 0 1927084964
k0 v31 0 0 2070431718 287091 0 2725088825
k11 v31 0 0 2070431718 287092 0 408516217
k12 v15 0 0 2070431717 287093 0 78546573
k14 v46 0 0 2070431718 287094 0 1569700467
k3 v74 0 0 2070431717 287095 0 1354216456
k8 v93 0 0 2070431718 287096 0 3865912671
k18 v69 0 0 2070431718 287097 0 3994843737
k14 v56 0 0 2070431718 287098 0 1860204257
k4 v14 0 0 2070431717 287099 0 2089182828
k2 v40 0 0 2070431717 287100 0 875405257
k19 v0 0 0 2070431717 287101 0 1562566846
k9 v6 0 0 2070431718 287102 0 1105415306
k11 v62 0 0 2070431717 287103 0 1300611985
k12 v37 0 0 2070431718 287104 0 195570173
k14 v3 0 0 2070431718 287105 0 3171789596
k17 v67 0 0 2070431718 287106 0 798131997
k17 v12 0 0 2070431717 287107 0 2915365559
k19 v53 0 0 2070431718 287108 0 1771172469
k1 v18 0 0 2070431718 287109 0 1523736198
k17 v70 0 0 2070431718 287110 0 110391201
k12 v35 0 0 2070431717 287111 0 1693701039
k5 v40 0 0 2070431718 287112 0 2822774142
k10 v64 0 0 2070431718 287113 0 2318912523
k12 v50 0 0 2070431718 287114 0 487841951
k17 v52 0 0 2070431718 287115 0 1441393685
k12 v39 0 0 2070431718 287116 0 564423215
k1 v75 0 0 2070431718 287117 0 2248088148
k13 v53 0 0 2070431718 287118 0 2239498381
k6 v54 0 0 2070431718 287119 0 3966145871
k6 v94 0 0 2070431718 287120 0 149527954
k10 v54 0 0 2070431718 287121 0 3243872819
k0 v61 0 0 2070431716 287122 0 2768289897
k11 v16 0 0 2070431718 287123 0 2955634770
k8 v87 0 0 2070431718 287124 0 2978326430
k15 v63 0 0 2070431718 287125 0 2755672064
k5 v37 0 0 2070431718 287126 0 1187596008
k18 v14 0 0 2070431718 287127 0 2235789864
k17 v66 0 0 2070431718 287128 0 3622979003
k2 v87 0 0 2070431718 287129 0 3909372188
k12 v81 0 0 2070431718 287130 0 3075294432
k14 v74 0 0 2070431718 287131 0 604199146
k4 v21 0 0 2070431716 287132 0 3060207478
k19 v77 0 0 2070431719 287133 0 4003495773
k15 v18 0 0 2070431718 287134 0 3876355670
k11 v13 0 0 2070431718 287135 0 3426317820
k9 v89 0 0 2070431718 287136 0 16387736
k0 v45 0 0 2070431718 287137 0 1712760333
k19 v74 0 0 2070431718 287138 0 1851255746
k19 v2 0 0 2070431718 287139 0 2220077263
k5 v84 0 0 2070431718 287140 0 3847969667
k10 v60 0 0 2070431718 287141 0 4029122363
k14 v44 0 0 2070431719 287142 0 3184893905
k15 v42 0 0 2070431719 287143 0 3147749777
k5 v86 0 0 2070431718 287144 0 1274669067
k2 v5 0 0 2070431718 287145 0 641315867
k4 v22 0 0 2070431719 287146 0 2714600337
k18 v38 0 0 2070431718 287147 0 3057398284
k6 v37 0 0 2070431719 287148 0 1720200823
k17 v28 0 0 2070431719 287149 0 231687946
k5 v67 0 0 2070431719 287150 0 1414885456
k12 v24 0 0 2070431719 287151 0 2362298777
k16 v9 0 0 2070431719 287152 0 1097373200
k14 v7 0 0 2070431719 287153 0 1876633014
k9 v18 0 0 2070431719 287154 0 631546264
k14 v68 0 0 2070431719 287155 0 3299106743
k14 v26 0 0 2070431719 287156 0 3834135464
k17 v64 0 0 2070431718 287157 0 2682993021
k11 v94 0 0 2070431718 287158 0 3115112678
k10 v2 0 0 2070431719 287159 0 3793718819
k4 v83 0 0 2070431719 287160 0 1346552628
k4 v51 0 0 2070431718 287161 0 3891006004
k4 v92 0 0 2070431719 287162 0 2563316078
k14 v33 0 0 2070431719 287163 0 803822133
k3 v49 0 0 2070431719 287164 0 579416941
k17 v17 0 0 2070431716 287165 0 2086616070
k17 v90 0 0 2070431719 287166 0 1256510092
k7 v10 0 0 2070431718 287167 0 2966268786
k8 v41 0 0 2070431719 287168 0 1706807496
k11 v56 0 0 2070431719 287169 0 2476616737
k17 v62 0 0 2070431719 287170 0 2611472031
k16 v37 0 0 2070431719 287171 0 3211160112
k17 v98 0 0 2070431719 287172 0 2995890957
k6 v63 0 0 2070431718 287173 0 2287871239
k13 v8 0 0 2070431719 287174 0 978856318
k7 v14 0 0 2070431719 287175 0 25053184
k12 v2 0 0 2070431718 287176 0 2230947740
k1 v15 0 0 2070431719 287177 0 3152372670
k8 v25 0 0 2070431719 287178 0 3702084704
k17 v40 0 0 2070431719 287179 0 1685006887
k7 v42 0 0 2070431719 287180 0 2119557512
k7 v72 0 0 2070431719 287181 0 475025962
k4 v27 0 0 2070431719 287182 0 3878776814
k14 v12 0 0 2070431716 287183 0 2113167272
k10 v1 0 0 2070431719 287184 0 4039126775
k17 v45 0 0 2070431719 287185 0 3893162505
k10 v5 0 0 2070431719 287186 0 2350622508
k13 v89 0 0 2070431719 287187 0 1046151486
k3 v56 0 0 2070431719 287188 0 1743233748
k2 v75 0 0 2070431719 287189 0 2934060534
k1 v0 0 0 2070431719 287190 0 2379132620
k4 v28 0 0 2070431719 287191 0 2973836859
k6 v5 0 0 2070431717 287192 0 3827380259
k12 v66 0 0 2070431719 287193 0 1876310088
k0 v32 0 0 2070431719 287194 0 77942861
k8 v88 0 0 2070431718 287195 0 3629386015
k17 v86 0 0 2070431719 287196 0 1514245114
k9 v51 0 0 2070431719 287197 0 3990282864
k2 v22 0 0 2070431719 287198 0 3663482678
k15 v93 0 0 2070431719 287199 0 2216630109
k12 v42 0 0 2070431719 287200 0 4088796622
k14 v15 0 0 2070431719 287201 0 1795192643
k0 v76 0 0 2070431720 287202 0 894282662
k9 v84 0 0 2070431719 287203 0 394653017
k13 v42 0 0 2070431719 287204 0 212417054
k4 v46 0 0 2070431720 287205 0 21896721
k6 v29 0 0 2070431719 287206 0 1804979250
k4 v92 0 0 2070431718 287207 0 1059864297
k3 v84 0 0 2070431718 287208 0 3589579971
k6 v15 0 0 2070431720 287209 0 1659324443
k19 v30 0 0 2070431720 287210 0 29610712
k9 v91 0 0 2070431719 287211 0 2418128493
k4 v20 0 0 2070431719 287212 0 454122780
k10 v82 0 0 2070431720 287213 0 621204976
k4 v85 0 0 2070431719 287214 0 2817991310
k8 v44 0 0 2070431720 287215 0 3399999519
k9 v83 0 0 2070431719 287216 0 2322912696
k6 v89 0 0 2070431719 287217 0 2994380623
k9 v88 0 0 2070431718 287218 0 3928974288
k8 v19 0 0 2070431720 287219 0 1566584475
k9 v26 0 0 2070431720 287220 0 303444893
k19 v97 0 0 2070431720 287221 0 988607320
k2 v33 0 0 2070431720 287222 0 3794565253
k14 v1 0 0 2070431720 287223 0 3670025958
k6 v71 0 0 2070431719 287224 0 1256139593
k7 v53 0 0 2070431720 287225 0 3229589699
k4 v29 0 0 2070431719 287226 0 2240269237
k6 v49 0 0 2070431720 287227 0 2717190965
k2 v70 0 0 2070431720 287228 0 2777930110
k3 v30 0 0 2070431720 287229 0 889325136
k5 v20 0 0 2070431719 287230 0 2983199012
k6 v70 0 0 2070431719 287231 0 1393397373
k4 v45 0 0 2070431720 287232 0 3823139653
k4 v26 0 0 2070431720 287233 0 2741961224
k13 v4 0 0 2070431720 287234 0 3658495049
k4 v80 0 0 2070431719 287235 0 2531399614
k10 v88 0 0 2070431718 287236 0 3867701909
k19 v49 0 0 2070431720 287237 0 3697146845
k12 v13 0 0 2070431720 287238 0 4155488786
k2 v50 0 0 2070431720 287239 0 1502511989
k18 v43 0 0 2070431720 287240 0 1513435509
k1 v41 0 0 2070431720 287241 0 406887965
k6 v71 0 0 2070431720 287242 0 1053480851
k17 v54 0 0 2070431720 287243 0 2038864947
k10 v20 0 0 2070431720 287244 0 1735720795
k3 v7 0 0 2070431719 287245 0 633342247
k1 v18 0 0 2070431720 287246 0 580805131
k5 v74 0 0 2070431720 287247 0 517130996
k15 v30 0 0 2070431720 287248 0 3476322446
k11 v28 0 0 2070431720 287249 0 3564289392
k7 v95 0 0 2070431718 287250 0 3775395179
k10 v24 0 0 2070431720 287251 0 1428982384
k19 v2 0 0 2070431719 287252 0 3174415046
k12 v15 0 0 2070431720 287253 0 2499117758
k2 v90 0 0 2070431720 287254 0 3752234055
k4 v71 0 0 2070431720 287255 0 2648701066
k2 v0 0 0 2070431720 287256 0 3749827950
k18 v72 0 0 2070431720 287257 0 181367840
k11 v8 0 0 2070431719 287258 0 2844578930
k14 v86 0 0 2070431720 287259 0 2521948012
k16 v16 0 0 2070431720 287260 0 309035901
k1 v63 0 0 2070431720 287261 0 902708610
k18 v5 0 0 2070431720 287262 0 1876812066
k7 v51 0 0 2070431720 287263 0 1541593365
k4 v43 0 0 2070431720 287264 0 928154621
k6 v38 0 0 2070431720 287265 0 2555018357
k1 v69 0 0 2070431718 287266 0 3354536971
k5 v31 0 0 2070431720 287267 0 606456382
k4 v40 0 0 2070431720 287268 0 877560123
k15 v11 0 0 2070431719 287269 0 1925873780
k4 v62 0 0 2070431720 287270 0 3546224373
k2 v45 0 0 2070431720 287271 0 571404832
k5 v16 0 0 2070431721 287272 0 2444948284
k9 v66 0 0 2070431721 287273 0 3785598608
k10 v55 0 0 2070431720 287274 0 660543301
k16 v67 0 0 2070431720 287275 0 1650368529
k11 v81 0 0 2070431720 287276 0 1747384857
k5 v83 0 0 2070431721 287277 0 2104450446
k18 v47 0 0 2070431719 287278 0 4169517459
k5 v98 0 0 2070431719 287279 0 2754367382
k8 v89 0 0 2070431721 287280 0 4126221355
k17 v80 0 0 2070431721 287281 0 1748787777
k19 v42 0 0 2070431721 287282 0 1403485087
k7 v3 0 0 2070431719 287283 0 1758211996
k16 v82 0 0 2070431721 287284 0 1156975196
k13 v64 0 0 2070431720 287285 0 1568989601
k0 v86 0 0 2070431721 287286 0 3750604970
k2 v23 0 0 2070431721 287287 0 3250358806
k4 v74 0 0 2070431721 287288 0 3347694869
k2 v26 0 0 2070431721 287289 0 1958049671
k15 v63 0 0 2070431721 287290 0 3776293796
k8 v37 0 0 2070431720 287291 0 1721155377
k11 v72 0 0 2070431721 287292 0 700633197
k9 v54 0 0 2070431720 287293 0 2521268075
k7 v65 0 0 2070431721 287294 0 3869663691
k7 v80 0 0 2070431721 287295 0 133729317
k11 v42 0 0 2070431721 287296 0 917542794
k16 v33 0 0 2070431721 287297 0 1435665275
k18 v28 0 0 2070431721 287298 0 2463217166
k18 v56 0 0 2070431721 287299 0 4225059440
k1 v59 0 0 2070431720 287300 0 3169793481
k8 v52 0 0 2070431720 287301 0 206321154
k17 v6 0 0 2070431721 287302 0 1819652065
k4 v58 0 0 2070431721 287303 0 2770343573
k6 v13 0 0 2070431721 287304 0 662490232
k8 v24 0 0 2070431721 287305 0 1229907989
k9 v34 0 0 2070431721 287306 0 1724568220
k8 v34 0 0 2070431721 287307 0 3835824393
k13 v86 0 0 2070431721 287308 0 2335101843
k15 v21 0 0 2070431721 287309 0 1603092016
k10 v82 0 0 2070431721 287310 0 2050875848
k0 v63 0 0 2070431721 287311 0 3756303912
k18 v88 0 0 2070431720 287312 0 3540869324
k8 v23 0 0 2070431721 287313 0 4287791927
k0 v14 0 0 2070431721 287314 0 707818150
k0 v69 0 0 2070431721 287315 0 3969762066
k4 v74 0 0 2070431721 287316 0 3999773809
k1 v5 0 0 2070431721 287317 0 2809615959
k5 v45 0 0 2070431721 287318 0 4126067342
k11 v93 0 0 2070431721 287319 0 3392211085
k9 v26 0 0 2070431721 287320 0 1711297638
k3 v66 0 0 2070431721 287321 0 2160980307
k12 v23 0 0 2070431720 287322 0 3475037481
k6 v28 0 0 2070431721 287323 0 584423242
k3 v53 0 0 2070431721 287324 0 2905495530
k6 v73 0 0 2070431721 287325 0 3420335249
k3 v51 0 0 2070431721 287326 0 1440105444
k17 v54 0 0 2070431721 287327 0 1836139134
k10 v98 0 0 2070431721 287328 0 2020472377
k7 v48 0 0 2070431720 287329 0 2044629068
k14 v82 0 0 2070431721 287330 0 2045088821
k6 v87 0 0 2070431720 287331 0 1612900171
k3 v31 0 0 2070431721 287332 0 3326470417
k12 v12 0 0 2070431721 287333 0 86654820
k1 v99 0 0 2070431721 287334 0 560219079
k0 v42 0 0 2070431721 287335 0 967806329
k7 v59 0 0 2070431720 287336 0 87645804
k10 v43 0 0 2070431720 287337 0 2822673780
k11 v69 0 0 2070431721 287338 0 3417227954
k8 v22 0 0 2070431721 287339 0 1671333013
k6 v69 0 0 2070431722 287340 0 4100227109
k7 v87 0 0 2070431721 287341 0 850664324
k14 v14 0 0 2070431720 287342 0 3158177681
k13 v2 0 0 2070431722 287343 0 4003744198
k17 v34 0 0 2070431721 287344 0 3035392201
k0 v21 0 0 2070431721 287345 0 1702155248
k17 v82 0 0 2070431721 287346 0 1544887307
k3 v67 0 0 2070431720 287347 0 2077692351
k5 v72 0 0 2070431722 287348 0 3891276790
k18 v5 0 0 2070431722 287349 0 1966378143
k17 v57 0 0 2070431722 287350 0 106530837
k17 v84 0 0 2070431721 287351 0 2528476462
k11 v77 0 0 2070431720 287352 0 2135203565
k9 v50 0 0 2070431721 287353 0 2779122349
k6 v47 0 0 2070431721 287354 0 3799605999
k14 v52 0 0 2070431722 287355 0 641832306
k16 v83 0 0 2070431721 287356 0 2747508654
k8 v56 0 0 2070431722 287357 0 1343602507
k1 v6 0 0 2070431722 287358 0 113289325
k6 v5 0 0 2070431721 287359 0 1529146693
k1 v2 0 0 2070431722 287360 0 2192734053
k5 v34 0 0 2070431721 287361 0 769907292
k14 v30 0 0 2070431720 287362 0 361810395
k9 v37 0 0 2070431722 287363 0 1041633346
k12 v68 0 0 2070431720 287364 0 3203943856
k1 v40 0 0 2070431722 287365 0 3763786793
k0 v58 0 0 2070431722 287366 0 1376335890
k7 v11 0 0 2070431722 287367 0 3622729906
k13 v61 0 0 2070431722 287368 0 866583265
k2 v21 0 0 2070431722 287369 0 2841418904
k2 v41 0 0 2070431721 287370 0 32395203
k12 v82 0 0 2070431722 287371 0 78805041
k11 v43 0 0 2070431721 287372 0 2241405863
k5 v12 0 0 2070431722 287373 0 4034873762
k6 v83 0 0 2070431722 287374 0 378820598
k10 v74 0 0 2070431722 287375 0 1165917223
k11 v65 0 0 2070431722 287376 0 261979624
k9 v42 0 0 2070431722 287377 0 433449270
k18 v3 0 0 2070431722 287378 0 3930758738
k3 v83 0 0 2070431722 287379 0 940925692
k9 v22 0 0 2070431722 287380 0 2884975882
k0 v31 0 0 2070431722 287381 0 425159661
k3 v8 0 0 2070431722 287382 0 3277803859
k15 v79 0 0 2070431722 287383 0 889639286
k10 v7 0 0 2070431721 287384 0 880958681
k18 v19 0 0 2070431722 287385 0 251099991
k7 v8 0 0 2070431722 287386 0 4220651351
k15 v41 0 0 2070431722 287387 0 3081715747
k9 v31 0 0 2070431722 287388 0 1398765910
k0 v5 0 0 2070431722 287389 0 2944541557
k10 v19 0 0 2070431722 287390 0 1929094659
k15 v90 0 0 2070431722 287391 0 763443335
k13 v4 0 0 2070431722 287392 0 2068084225
k19 v59 0 0 2070431722 287393 0 3504691337
k17 v31 0 0 2070431721 287394 0 2545822597
k1 v1 0 0 2070431721 287395 0 3586100788
k2 v77 0 0 2070431722 287396 0 748215706
k1 v50 0 0 2070431720 287397 0 79918453
k14 v4 0 0 2070431722 287398 0 3832717515
k2 v3 0 0 2070431722 287399 0 70458647
k13 v51 0 0 2070431722 287400 0 423251457
k7 v87 0 0 2070431722 287401 0 652577794
k9 v78 0 0 2070431722 287402 0 3492876690
k13 v24 0 0 2070431722 287403 0 1887062917
k8 v52 0 0 2070431722 287404 0 2932473219
k5 v18 0 0 2070431722 287405 0 1772642342
k8 v24 0 0 2070431723 287406 0 3180430354
k9 v25 0 0 2070431722 287407 0 2520015967
k3 v38 0 0 2070431722 287408 0 3574099308
k16 v21 0 0 2070431722 287409 0 976238679
k2 v63 0 0 2070431723 287410 0 4103830340
k16 v23 0 0 2070431723 287411 0 4115639930
k13 v23 0 0 2070431722 287412 0 2313664096
k19 v7 0 0 2070431723 287413 0 93031573
k16 v59 0 0 2070431722 287414 0 2053143751
k10 v85 0 0 2070431723 287415 0 972852442
k5 v65 0 0 2070431723 287416 0 1348196793
k18 v40 0 0 2070431723 287417 0 401764524
k3 v38 0 0 2070431722 287418 0 3570009947
k0 v43 0 0 2070431723 287419 0 738923161
k11 v54 0 0 2070431721 287420 0 1378721402
k13 v90 0 0 2070431722 287421 0 1372167589
k14 v55 0 0 2070431723 287422 0 3698756484
k13 v77 0 0 2070431722 287423 0 1366578436
k4 v37 0 0 2070431723 287424 0 3165986335
k5 v24 0 0 2070431723 287425 0 246287326
k15 v36 0 0 2070431722 287426 0 3059215558
k17 v7 0 0 2070431723 287427 0 2819853128
k18 v68 0 0 2070431723 287428 0 3945989621
k6 v48 0 0 2070431723 287429 0 4059383234
k2 v3 0 0 2070431723 287430 0 2300255151
k5 v13 0 0 2070431723 287431 0 4049240221
k6 v42 0 0 2070431723 287432 0 1154897408
k17 v21 0 0 2070431723 287433 0 2504033486
k14 v12 0 0 2070431723 287434 0 2018763805
k16 v39 0 0 2070431723 287435 0 1516805296
k12 v64 0 0 2070431723 287436 0 1248587624
k12 v80 0 0 2070431723 287437 0 3461495232
k8 v53 0 0 2070431723 287438 0 2851550990
k7 v39 0 0 2070431723 287439 0 1740929087
k19 v2 0 0 2070431723 287440 0 65523106
k17 v4 0 0 2070431723 287441 0 1433214390
k13 v58 0 0 2070431722 287442 0 3568921003
k4 v51 0 0 2070431723 287443 0 2238147705
k11 v14 0 0 2070431723 287444 0 1645224970
k18 v97 0 0 2070431723 287445 0 1788540933
k7 v66 0 0 2070431723 287446 0 347047281
k4 v37 0 0 2070431723 287447 0 2467639662
k7 v87 0 0 2070431723 287448 0 1015324425
k2 v56 0 0 2070431723 287449 0 1929793562
k15 v34 0 0 2070431723 287450 0 3810929623
k10 v51 0 0 2070431722 287451 0 1880065174
k5 v18 0 0 2070431723 287452 0 3968349332
k18 v89 0 0 2070431723 287453 0 3139501389
k18 v3 0 0 2070431723 287454 0 335953175
k8 v18 0 0 2070431723 287455 0 945793586
k16 v0 0 0 2070431723 287456 0 1110142687
k14 v84 0 0 2070431722 287457 0 2773671119
k9 v63 0 0 2070431723 287458 0 1293362059
k18 v8 0 0 2070431723 287459 0 2480592930
k11 v30 0 0 2070431722 287460 0 1669062618
k19 v3 0 0 2070431723 287461 0 2082411467
k0 v31 0 0 2070431723 287462 0 1771646211
k13 v93 0 0 2070431723 287463 0 133503663
k10 v39 0 0 2070431723 287464 0 2826050912
k4 v23 0 0 2070431723 287465 0 1938878277
k15 v42 0 0 2070431723 287466 0 1526606213
k5 v19 0 0 2070431723 287467 0 4141761998
k12 v13 0 0 2070431723 287468 0 1518346438
k0 v44 0 0 2070431723 287469 0 3355484815
k8 v23 0 0 2070431723 287470 0 264278914
k16 v60 0 0 2070431722 287471 0 2151193383
k18 v76 0 0 2070431723 287472 0 2436228973
k16 v19 0 0 2070431723 287473 0 4026503831
k11 v50 0 0 2070431723 287474 0 1010988465
k2 v89 0 0 2070431723 287475 0 163274557
k1 v58 0 0 2070431723 287476 0 2579857622
k19 v9 0 0 2070431720 287477 0 4062017959
k0 v59 0 0 2070431723 287478 0 4182932682
k2 v79 0 0 2070431723 287479 0 3910901535
k17 v29 0 0 2070431723 287480 0 803466846
k18 v5 0 0 2070431723 287481 0 3851077588
k8 v78 0 0 2070431723 287482 0 2314971744
k14 v80 0 0 2070431723 287483 0 1268867423
k7 v97 0 0 2070431723 287484 0 116501247
k1 v87 0 0 2070431723 287485 0 1845127770
k16 v82 0 0 2070431723 287486 0 294531199
k7 v27 0 0 2070431723 287487 0 1932554921
k18 v95 0 0 2070431722 287488 0 3494512958
k10 v39 0 0 2070431723 287489 0 390221351
k14 v67 0 0 2070431723 287490 0 1405481608
k6 v45 0 0 2070431723 287491 0 2200446598
k5 v32 0 0 2070431723 287492 0 1447259315
k1 v50 0 0 2070431724 287493 0 2033354290
k7 v83 0 0 2070431724 287494 0 3703677206
k0 v54 0 0 2070431724 287495 0 4210434105
k17 v35 0 0 2070431723 287496 0 882351514
k16 v47 0 0 2070431723 287497 0 366393051
k2 v89 0 0 2070431723 287498 0 3062566010
k8 v78 0 0 2070431724 287499 0 1627918469
k16 v95 0 0 2070431724 287500 0 2233503024
k10 v70 0 0 2070431723 287501 0 2205227965
k18 v36 0 0 2070431724 287502 0 888838959
k18 v50 0 0 2070431722 287503 0 2576366586
k0 v81 0 0 2070431723 287504 0 3709737671
k2 v30 0 0 2070431724 287505 0 417153445
k11 v34 0 0 2070431723 287506 0 190285900
k12 v11 0 0 2070431724 287507 0 2703382603
k2 v87 0 0 2070431724 287508 0 316347118
k9 v34 0 0 2070431724 287509 0 2363072491
k8 v58 0 0 2070431723 287510 0 3898905973
k0 v87 0 0 2070431724 287511 0 793579641
k17 v47 0 0 2070431724 287512 0 1337497486
k0 v83 0 0 2070431722 287513 0 2516160549
k4 v71 0 0 2070431723 287514 0 2425708109
k4 v67 0 0 2070431724 287515 0 2561833054
k18 v31 0 0 2070431723 287516 0 3134561174
k0 v31 0 0 2070431724 287517 0 2748883391
k0 v78 0 0 2070431724 287518 0 3456455743
k7 v69 0 0 2070431723 287519 0 1373588497
k6 v14 0 0 2070431724 287520 0 3428526649
k8 v28 0 0 2070431724 287521 0 2417726764
k15 v59 0 0 2070431724 287522 0 642396871
k18 v65 0 0 2070431722 287523 0 3397434728
k11 v72 0 0 2070431721 287524 0 3994722483
k8 v23 0 0 2070431724 287525 0 3322268496
k6 v0 0 0 2070431724 287526 0 2683463336
k4 v29 0 0 2070431724 287527 0 2747525977
k12 v53 0 0 2070431724 287528 0 4245283549
k2 v15 0 0 2070431724 287529 0 2023885733
k19 v80 0 0 2070431724 287530 0 1161214816
k19 v72 0 0 2070431724 287531 0 3673584515
k7 v53 0 0 2070431724 287532 0 2539743856
k16 v16 0 0 2070431724 287533 0 638592022
k4 v86 0 0 2070431724 287534 0 881175175
k0 v72 0 0 2070431724 287535 0 792354338
k18 v14 0 0 2070431724 287536 0 2094700419
k6 v81 0 0 2070431724 287537 0 326798398
k11 v21 0 0 2070431724 287538 0 688341251
k0 v3 0 0 2070431724 287539 0 3304064794
k3 v68 0 0 2070431724 287540 0 3911755391
k7 v43 0 0 2070431724 287541 0 651799720
k1 v78 0 0 2070431724 287542 0 2840761482
k6 v31 0 0 2070431724 287543 0 750113834
k15 v16 0 0 2070431724 287544 0 452697449
k9 v64 0 0 2070431724 287545 0 2856779550
k14 v0 0 0 2070431724 287546 0 3753943828
k0 v38 0 0 2070431724 287547 0 1571786400
k4 v29 0 0 2070431724 287548 0 550931236
k11 v79 0 0 2070431724 287549 0 631977808
k6 v26 0 0 2070431724 287550 0 2026162387
k15 v99 0 0 2070431724 287551 0 1059289676
k2 v31 0 0 2070431724 287552 0 875572943
k5 v83 0 0 2070431724 287553 0 3484449337
k13 v80 0 0 2070431724 287554 0 3371733529
k13 v50 0 0 2070431724 287555 0 2033331467
k6 v36 0 0 2070431724 287556 0 2974084299
k9 v77 0 0 2070431724 287557 0 2848012799
k7 v53 0 0 2070431724 287558 0 1761869384
k7 v48 0 0 2070431724 287559 0 3719354351
k11 v92 0 0 2070431724 287560 0 374394815
k14 v99 0 0 2070431724 287561 0 2786471617
k16 v15 0 0 2070431724 287562 0 2523503222
k3 v52 0 0 2070431724 287563 0 3985244943
k16 v52 0 0 2070431724 287564 0 864985048
k18 v56 0 0 2070431724 287565 0 2299229340
k17 v11 0 0 2070431724 287566 0 664493823
k4 v87 0 0 2070431724 287567 0 2080637161
k14 v31 0 0 2070431724 287568 0 725175089
k19 v28 0 0 2070431724 287569 0 3469876347
k15 v13 0 0 2070431724 287570 0 1465595435
k3 v7 0 0 2070431724 287571 0 2092262359
k15 v77 0 0 2070431724 287572 0 3720198710
k10 v16 0 0 2070431724 287573 0 3436445360
k1 v95 0 0 2070431724 287574 0 2563802952
k10 v41 0 0 2070431724 287575 0 4142823552
k4 v55 0 0 2070431724 287576 0 113419072
k8 v90 0 0 2070431724 287577 0 62762342
k9 v91 0 0 2070431724 287578 0 2050056251
k10 v81 0 0 2070431724 287579 0 1833974337
k5 v79 0 0 2070431724 287580 0 4148532665
k7 v76 0 0 2070431724 287581 0 2136409904
k13 v26 0 0 2070431724 287582 0 3547280146
k7 v33 0 0 2070431724 287583 0 1947382038
k19 v31 0 0 2070431724 287584 0 377758038
k0 v45 0 0 2070431724 287585 0 3107296691
k13 v87 0 0 2070431724 287586 0 324191579
k0 v76 0 0 2070431724 287587 0 1605646360
k13 v86 0 0 2070431724 287588 0 3904295827
k2 v78 0 0 2070431724 287589 0 895061272
k17 v13 0 0 2070431724 287590 0 2958280904
k2 v92 0 0 2070431724 287591 0 2023276969
k7 v90 0 0 2070431724 287592 0 39104417
k6 v94 0 0 2070431724 287593 0 3469844333
k3 v41 0 0 2070431724 287594 0 2581863585
k3 v45 0 0 2070431724 287595 0 3457337017
k14 v54 0 0 2070431724 287596 0 1666315355
k7 v91 0 0 2070431724 287597 0 440688802
k3 v77 0 0 2070431724 287598 0 3396095131
k10 v52 0 0 2070431724 287599 0 1622594770
k13 v4 0 0 2070431724 287600 0 3071465145
k10 v75 0 0 2070431724 287601 0 2961927509
k13 v89 0 0 2070431724 287602 0 1918940526
k17 v18 0 0 2070431724 287603 0 3026752530
k12 v62 0 0 2070431724 287604 0 1593077748
k18 v68 0 0 2070431724 287605 0 4258623044
k5 v93 0 0 2070431724 287606 0 962814183
k4 v21 0 0 2070431725 287607 0 3817031413
k15 v54 0 0 2070431725 287608 0 3077548030
k4 v92 0 0 2070431725 287609 0 2353376548
k3 v92 0 0 2070431725 287610 0 721216756
k6 v6 0 0 2070431725 287611 0 2294906003
k14 v38 0 0 2070431725 287612 0 4063950778
k15 v89 0 0 2070431725 287613 0 1272552700
k5 v0 0 0 2070431725 287614 0 1223014467
k1 v71 0 0 2070431724 287615 0 181502652
k10 v33 0 0 2070431723 287616 0 1645674962
k12 v89 0 0 2070431725 287617 0 1494008150
k13 v87 0 0 2070431724 287618 0 2427813044
k16 v78 0 0 2070431724 287619 0 571210173
k1 v73 0 0 2070431724 287620 0 3207511596
k19 v56 0 0 2070431724 287621 0 1671978110
k18 v9 0 0 2070431723 287622 0 3121603745
k18 v1 0 0 2070431721 287623 0 2095711279
k9 v86 0 0 2070431725 287624 0 1892575137
k5 v51 0 0 2070431725 287625 0 547724437
k0 v40 0 0 2070431725 287626 0 1780104393
k17 v70 0 0 2070431725 287627 0 1959548562
k8 v30 0 0 2070431725 287628 0 2647118905
k5 v21 0 0 2070431725 287629 0 3858191809
k10 v56 0 0 2070431725 287630 0 739356260
k6 v23 0 0 2070431725 287631 0 2429024847
k7 v58 0 0 2070431725 287632 0 2064408184
k4 v60 0 0 2070431725 287633 0 4063691349
k0 v43 0 0 2070431725 287634 0 4131879350
k5 v38 0 0 2070431725 287635 0 803610256
k16 v11 0 0 2070431725 287636 0 1681709488
k12 v30 0 0 2070431725 287637 0 4242043737
k1 v8 0 0 2070431725 287638 0 648963731
k1 v25 0 0 2070431725 287639 0 2860807484
k5 v73 0 0 2070431725 287640 0 2002084755
k13 v85 0 0 2070431725 287641 0 1104704260
k12 v27 0 0 2070431725 287642 0 4202607764
k1 v6 0 0 2070431725 287643 0 3656245946
k0 v30 0 0 2070431725 287644 0 893822113
k13 v60 0 0 2070431725 287645 0 3723586223
k6 v97 0 0 2070431725 287646 0 3402111681
k15 v5 0 0 2070431725 287647 0 610699770
k2 v50 0 0 2070431725 287648 0 2186820994
k14 v21 0 0 2070431725 287649 0 1885569776
k19 v84 0 0 2070431725 287650 0 3511256059
k6 v62 0 0 2070431725 287651 0 3822369024
k18 v95 0 0 2070431725 287652 0 2192683893
k3 v88 0 0 2070431725 287653 0 3457629259
k9 v91 0 0 2070431725 287654 0 186602537
k12 v7 0 0 2070431725 287655 0 3095775619
k19 v93 0 0 2070431725 287656 0 4186767728
k11 v82 0 0 2070431725 287657 0 445828047
k6 v50 0 0 2070431725 287658 0 2210854438
k16 v10 0 0 2070431725 287659 0 2186183307
k0 v59 0 0 2070431725 287660 0 1546608121
k6 v29 0 0 2070431725 287661 0 3239680154
k2 v39 0 0 2070431725 287662 0 1974659412
k0 v95 0 0 2070431725 287663 0 2470395420
k1 v6 0 0 2070431725 287664 0 2502467603
k8 v41 0 0 2070431725 287665 0 601931702
k17 v6 0 0 2070431725 287666 0 3204507807
k11 v44 0 0 2070431725 287667 0 2885477774
k16 v8 0 0 2070431725 287668 0 794028726
k3 v72 0 0 2070431725 287669 0 767444360
k19 v63 0 0 2070431725 287670 0 3762748854
k7 v85 0 0 2070431725 287671 0 1235758489
k2 v4 0 0 2070431725 287672 0 822523502
k1 v72 0 0 2070431725 287673 0 990188764
k18 v53 0 0 2070431725 287674 0 1682395269
k15 v56 0 0 2070431725 287675 0 3443571130
k2 v38 0 0 2070431725 287676 0 1971027233
k6 v57 0 0 2070431725 287677 0 3869153300
k14 v6 0 0 2070431726 287678 0 2545288581
k3 v90 0 0 2070431726 287679 0 3153220192
k17 v93 0 0 2070431726 287680 0 3304260378
k5 v51 0 0 2070431726 287681 0 3352419236
k2 v85 0 0 2070431726 287682 0 2088334787
k6 v62 0 0 2070431726 287683 0 1471500082
k10 v67 0 0 2070431726 287684 0 3571333831
k2 v29 0 0 2070431726 287685 0 557373156
k13 v83 0 0 2070431726 287686 0 221218449
k10 v3 0 0 2070431726 287687 0 1817779560
k4 v26 0 0 2070431726 287688 0 96709362
k13 v19 0 0 2070431726 287689 0 1737142408
k17 v39 0 0 2070431726 287690 0 1393738008
k2 v89 0 0 2070431726 287691 0 2241884636
k13 v47 0 0 2070431726 287692 0 292015926
k10 v70 0 0 2070431726 287693 0 3838042938
k12 v64 0 0 2070431726 287694 0 2535706323
k7 v16 0 0 2070431726 287695 0 3159622998
k10 v40 0 0 2070431726 287696 0 3802830236
k9 v98 0 0 2070431726 287697 0 1595610265
k16 v30 0 0 2070431726 287698 0 4161031216
k6 v0 0 0 2070431726 287699 0 1152335125
k16 v3 0 0 2070431726 287700 0 3880183794
k1 v81 0 0 2070431726 287701 0 3656630969
k9 v6 0 0 2070431726 287702 0 1217346977
k12 v72 0 0 2070431726 287703 0 1962285749
k8 v22 0 0 2070431726 287704 0 1372707535
k19 v70 0 0 2070431726 287705 0 2654908836
k14 v46 0 0 2070431726 287706 0 3518559536
k9 v68 0 0 2070431726 287707 0 2758002525
k1 v0 0 0 2070431726 287708 0 2399170302
k5 v70 0 0 2070431726 287709 0 939810122
k14 v40 0 0 2070431726 287710 0 33793364
k15 v13 0 0 2070431726 287711 0 2732700718
k8 v87 0 0 2070431726 287712 0 3975532394
k5 v23 0 0 2070431726 287713 0 3785561368
k5 v68 0 0 2070431726 287714 0 2389253148
k15 v12 0 0 2070431726 287715 0 2750040684
k11 v78 0 0 2070431726 287716 0 699604420
k11 v68 0 0 2070431726 287717 0 2943528731
k5 v62 0 0 2070431726 287718 0 1976169262
k6 v65 0 0 2070431726 287719 0 4218641857
k7 v41 0 0 2070431726 287720 0 430790689
k6 v19 0 0 2070431726 287721 0 2336084515
k10 v25 0 0 2070431726 287722 0 4019719621
k10 v14 0 0 2070431726 287723 0 3908732193
k17 v10 0 0 2070431726 287724 0 2683265041
k8 v51 0 0 2070431724 287725 0 3475370767
k14 v46 0 0 2070431724 287726 0 2417567267
k11 v7 0 0 2070431722 287727 0 83721912
k2 v42 0 0 2070431726 287728 0 3857896612
k16 v59 0 0 2070431726 287729 0 1534533063
k11 v13 0 0 2070431724 287730 0 4194826223
k7 v82 0 0 2070431726 287731 0 2580955984
k5 v12 0 0 2070431725 287732 0 1808420465
k2 v78 0 0 2070431726 287733 0 735004037
k5 v34 0 0 2070431725 287734 0 1568109919
k18 v8 0 0 2070431726 287735 0 1639402006
k8 v23 0 0 2070431724 287736 0 1189296687
k5 v79 0 0 2070431726 287737 0 1551704937
k13 v72 0 0 2070431724 287738 0 1276285070
k5 v90 0 0 2070431726 287739 0 3918393251
k7 v49 0 0 2070431726 287740 0 2163995169
k17 v55 0 0 2070431724 287741 0 2638428991
k15 v42 0 0 2070431726 287742 0 1732483429
k8 v9 0 0 2070431726 287743 0 1026207965
k12 v6 0 0 2070431723 287744 0 3152594769
k1 v9 0 0 2070431726 287745 0 3306902939
k2 v76 0 0 2070431726 287746 0 1242557474
k0 v87 0 0 2070431726 287747 0 2549136098
k0 v3 0 0 2070431724 287748 0 1923999829
k7 v99 0 0 2070431726 287749 0 4192782139
k3 v85 0 0 2070431726 287750 0 1700268451
k2 v11 0 0 2070431726 287751 0 334869383
k7 v86 0 0 2070431726 287752 0 4170942328
k16 v94 0 0 2070431726 287753 0 630057128
k12 v15 0 0 2070431725 287754 0 2760567343
k7 v51 0 0 2070431724 287755 0 3161079298
k8 v84 0 0 2070431726 287756 0 540667768
k17 v23 0 0 2070431727 287757 0 2844846816
k3 v89 0 0 2070431727 287758 0 2988293854
k14 v81 0 0 2070431727 287759 0 1242464468
k7 v22 0 0 2070431727 287760 0 2342172783
k5 v65 0 0 2070431727 287761 0 2360015087
k14 v78 0 0 2070431727 287762 0 521504156
k11 v60 0 0 2070431727 287763 0 2669718198
k0 v51 0 0 2070431727 287764 0 1593912919
k3 v38 0 0 2070431727 287765 0 1048497689
k19 v55 0 0 2070431723 287766 0 909132243
k4 v58 0 0 2070431727 287767 0 2362192371
k10 v6 0 0 2070431727 287768 0 3200490313
k3 v23 0 0 2070431727 287769 0 1063492083
k5 v53 0 0 2070431727 287770 0 1800322223
k16 v40 0 0 2070431727 287771 0 1051278288
k10 v6 0 0 2070431727 287772 0 1173232116
k12 v30 0 0 2070431727 287773 0 1696890521
k1 v31 0 0 2070431722 287774 0 2070783254
k6 v31 0 0 2070431721 287775 0 2587888410
k9 v13 0 0 2070431727 287776 0 789118247
k2 v14 0 0 2070431724 287777 0 797185805
k12 v22 0 0 2070431727 287778 0 3552858688
k15 v2 0 0 2070431727 287779 0 2743000230
k2 v74 0 0 2070431727 287780 0 321635538
k13 v52 0 0 2070431727 287781 0 4224631480
k16 v72 0 0 2070431727 287782 0 2936593217
k5 v22 0 0 2070431727 287783 0 1203705167
k16 v11 0 0 2070431727 287784 0 2697344203
k6 v99 0 0 2070431727 287785 0 194943769
k9 v76 0 0 2070431727 287786 0 4192432067
k9 v22 0 0 2070431727 287787 0 590754558
k0 v36 0 0 2070431727 287788 0 3998478084
k16 v41 0 0 2070431727 287789 0 2555104675
k7 v83 0 0 2070431727 287790 0 613927967
k14 v57 0 0 2070431727 287791 0 2805981246
k18 v68 0 0 2070431727 287792 0 2339808138
k5 v13 0 0 2070431727 287793 0 1476708061
k2 v78 0 0 2070431727 287794 0 2779993610
k10 v57 0 0 2070431727 287795 0 3272574121
k12 v71 0 0 2070431727 287796 0 1699977259
k12 v1 0 0 2070431727 287797 0 4245925800
k11 v9 0 0 2070431727 287798 0 3727214741
k17 v13 0 0 2070431727 287799 0 1159183593
k6 v49 0 0 2070431727 287800 0 2286461153
k6 v28 0 0 2070431727 287801 0 34189088
k1 v17 0 0 2070431727 287802 0 1478268559
k3 v16 0 0 2070431727 287803 0 3388362593
k16 v73 0 0 2070431727 287804 0 3393521263
k9 v16 0 0 2070431727 287805 0 1921218600
k11 v69 0 0 2070431727 287806 0 1174790115
k18 v18 0 0 2070431727 287807 0 3361012302
k12 v38 0 0 2070431727 287808 0 1176991539
k13 v7 0 0 2070431727 287809 0 2804502762
k9 v51 0 0 2070431727 287810 0 4253762674
k16 v3 0 0 2070431727 287811 0 1800842316
k11 v88 0 0 2070431727 287812 0 2500020006
k19 v71 0 0 2070431727 287813 0 940070811
k6 v32 0 0 2070431727 287814 0 3060994802
k18 v28 0 0 2070431727 287815 0 2159964184
k4 v11 0 0 2070431727 287816 0 582938414
k6 v76 0 0 2070431727 287817 0 3242897107
k11 v99 0 0 2070431727 287818 0 2505119604
k11 v14 0 0 2070431727 287819 0 535374318
k13 v55 0 0 2070431726 287820 0 2597306484
k11 v26 0 0 2070431727 287821 0 1688660432
k5 v34 0 0 2070431727 287822 0 279556037
k8 v72 0 0 2070431727 287823 0 83758987
k16 v89 0 0 2070431727 287824 0 3535928593
k15 v85 0 0 2070431727 287825 0 1846134918
k7 v68 0 0 2070431727 287826 0 3343254502
k14 v76 0 0 2070431727 287827 0 619741748
k16 v38 0 0 2070431727 287828 0 1174340302
k2 v82 0 0 2070431727 287829 0 1596717280
k1 v32 0 0 2070431727 287830 0 2804063030
k11 v0 0 0 2070431727 287831 0 2728528808
k18 v49 0 0 2070431727 287832 0 1596001329
k6 v36 0 0 2070431727 287833 0 3025910530
k7 v97 0 0 2070431727 287834 0 3292066908
k18 v0 0 0 2070431727 287835 0 1755679852
k13 v61 0 0 2070431727 287836 0 873358561
k3 v91 0 0 2070431727 287837 0 1802148825
k15 v31 0 0 2070431727 287838 0 3395599408
k16 v56 0 0 2070431727 287839 0 3001227033
k10 v2 0 0 2070431727 287840 0 1662008864
k10 v80 0 0 2070431727 287841 0 3192777320
k16 v73 0 0 2070431727 287842 0 2601912629
k15 v16 0 0 2070431727 287843 0 694146192
k19 v92 0 0 2070431727 287844 0 233063117
k14 v79 0 0 2070431727 287845 0 1859447845
k9 v86 0 0 2070431727 287846 0 3834579423
k0 v76 0 0 2070431727 287847 0 709566018
k2 v30 0 0 2070431727 287848 0 3600762890
k9 v17 0 0 2070431727 287849 0 3159925950
k11 v26 0 0 2070431727 287850 0 2029178388
k11 v25 0 0 2070431727 287851 0 3460346527
k10 v23 0 0 2070431727 287852 0 4198340189
k12 v26 0 0 2070431727 287853 0 624600298
k2 v65 0 0 2070431727 287854 0 3712039435
k14 v11 0 0 2070431727 287855 0 82859366
k7 v74 0 0 2070431727 287856 0 2397416214
k17 v13 0 0 2070431727 287857 0 2330818645
k15 v51 0 0 2070431727 287858 0 953468228
k0 v50 0 0 2070431727 287859 0 3589129555
k6 v95 0 0 2070431727 287860 0 4146229227
k15 v64 0 0 2070431725 287861 0 4192310741
k2 v54 0 0 2070431727 287862 0 2535758449
k13 v87 0 0 2070431725 287863 0 1518060631
k7 v54 0 0 2070431727 287864 0 1515288240
k17 v60 0 0 2070431723 287865 0 4170801638
k17 v52 0 0 2070431725 287866 0 2752237517
k3 v58 0 0 2070431727 287867 0 2719398155
k14 v58 0 0 2070431727 287868 0 1499298877
k16 v66 0 0 2070431727 287869 0 3476444945
k14 v44 0 0 2070431727 287870 0 3702137463
k7 v9 0 0 2070431727 287871 0 1158243470
k11 v15 0 0 2070431725 287872 0 3755126956
k10 v19 0 0 2070431727 287873 0 3433648559
k10 v2 0 0 2070431727 287874 0 87704957
k12 v19 0 0 2070431727 287875 0 2003117504
k7 v52 0 0 2070431728 287876 0 883356028
k13 v95 0 0 2070431723 287877 0 2897123313
k5 v63 0 0 2070431728 287878 0 1506457278
k5 v95 0 0 2070431728 287879 0 2296878340
k7 v80 0 0 2070431727 287880 0 3533700020
k3 v11 0 0 2070431728 287881 0 3451373668
k12 v78 0 0 2070431727 287882 0 2686634682
k4 v96 0 0 2070431728 287883 0 1301192109
k6 v81 0 0 2070431728 287884 0 2445802894
k16 v73 0 0 2070431727 287885 0 3712837270
k10 v44 0 0 2070431728 287886 0 1490055667
k12 v37 0 0 2070431728 287887 0 1779652809
k3 v23 0 0 2070431728 287888 0 2913306434
k6 v42 0 0 2070431728 287889 0 3167470532
k14 v97 0 0 2070431725 287890 0 2473184153
k2 v35 0 0 2070431728 287891 0 4247757475
k17 v56 0 0 2070431728 287892 0 517190524
k5 v81 0 0 2070431727 287893 0 1887513327
k17 v2 0 0 2070431728 287894 0 3009234075
k1 v21 0 0 2070431728 287895 0 1049704029
k12 v9 0 0 2070431728 287896 0 4170205857
k18 v36 0 0 2070431728 287897 0 3818494327
k14 v63 0 0 2070431728 287898 0 3259838519
k17 v83 0 0 2070431728 287899 0 2122069243
k17 v20 0 0 2070431728 287900 0 1984730777
k2 v44 0 0 2070431728 287901 0 1187136343
k6 v26 0 0 2070431728 287902 0 1363198541
k12 v11 0 0 2070431728 287903 0 3627497400
k18 v6 0 0 2070431728 287904 0 2521295720
k17 v91 0 0 2070431728 287905 0 816894479
k3 v17 0 0 2070431724 287906 0 3889553636
k7 v84 0 0 2070431728 287907 0 3166478939
k17 v18 0 0 2070431728 287908 0 1481656512
k7 v18 0 0 2070431728 287909 0 1260468438
k10 v11 0 0 2070431728 287910 0 525262245
k8 v60 0 0 2070431728 287911 0 414603
k14 v45 0 0 2070431728 287912 0 4008342216
k5 v63 0 0 2070431728 287913 0 101676194
k12 v51 0 0 2070431728 287914 0 2219692019
k8 v94 0 0 2070431728 287915 0 1720906488
k17 v37 0 0 2070431728 287916 0 1598717477
k4 v0 0 0 2070431728 287917 0 3079047879
k19 v19 0 0 2070431727 287918 0 145111617
k11 v92 0 0 2070431728 287919 0 3752118404
k9 v72 0 0 2070431728 287920 0 3577529173
k12 v28 0 0 2070431728 287921 0 1781001795
k12 v64 0 0 2070431728 287922 0 2160428240
k5 v41 0 0 2070431728 287923 0 709082378
k1 v97 0 0 2070431728 287924 0 1236048344
k15 v21 0 0 2070431728 287925 0 2152619549
k8 v72 0 0 2070431728 287926 0 404065799
k11 v82 0 0 2070431728 287927 0 3703298253
k5 v9 0 0 2070431728 287928 0 3721175397
k11 v5 0 0 2070431726 287929 0 874863731
k18 v3 0 0 2070431728 287930 0 3689365546
k9 v57 0 0 2070431728 287931 0 44779841
k14 v64 0 0 2070431728 287932 0 1825414301
k3 v29 0 0 2070431728 287933 0 2913826355
k17 v83 0 0 2070431728 287934 0 2130290693
k16 v48 0 0 2070431728 287935 0 4192789797
k8 v67 0 0 2070431728 287936 0 2911352753
k3 v36 0 0 2070431728 287937 0 713310344
k19 v3 0 0 2070431728 287938 0 68595426
k2 v79 0 0 2070431728 287939 0 1091760968
k4 v94 0 0 2070431728 287940 0 499853027
k0 v39 0 0 2070431728 287941 0 1944828055
k1 v49 0 0 2070431728 287942 0 2857535448
k16 v55 0 0 2070431727 287943 0 1515635641
k3 v61 0 0 2070431728 287944 0 1753293944
k8 v54 0 0 2070431728 287945 0 1465007582
k5 v61 0 0 2070431726 287946 0 2734106290
k6 v28 0 0 2070431728 287947 0 851891635
k2 v2 0 0 2070431728 287948 0 2397731055
k10 v48 0 0 2070431726 287949 0 2824002788
k0 v17 0 0 2070431727 287950 0 1328462679
k19 v76 0 0 2070431728 287951 0 2381270687
k4 v21 0 0 2070431728 287952 0 1532589532
k13 v19 0 0 2070431728 287953 0 3629435189
k3 v4 0 0 2070431728 287954 0 2962662593
k18 v38 0 0 2070431723 287955 0 614150853
k15 v99 0 0 2070431728 287956 0 1830504060
k4 v42 0 0 2070431728 287957 0 2142947733
k15 v47 0 0 2070431728 287958 0 1118940870
k4 v38 0 0 2070431728 287959 0 3754672765
k11 v76 0 0 2070431728 287960 0 2517336737
k13 v66 0 0 2070431728 287961 0 4250723223
k12 v22 0 0 2070431728 287962 0 286700898
k7 v24 0 0 2070431728 287963 0 493556710
k5 v21 0 0 2070431728 287964 0 2486601431
k19 v25 0 0 2070431728 287965 0 3377463085
k16 v17 0 0 2070431728 287966 0 632455945
k7 v38 0 0 2070431728 287967 0 904620183
k14 v31 0 0 2070431728 287968 0 910221766
k19 v40 0 0 2070431728 287969 0 3092080120
k10 v46 0 0 2070431728 287970 0 2007269537
k6 v97 0 0 2070431728 287971 0 1151940568
k17 v38 0 0 2070431728 287972 0 1127528370
k14 v70 0 0 2070431728 287973 0 2749918663
k14 v69 0 0 2070431728 287974 0 2345637226
k14 v61 0 0 2070431728 287975 0 252670617
k19 v86 0 0 2070431728 287976 0 2369749784
k16 v22 0 0 2070431728 287977 0 1845463683
k3 v17 0 0 2070431729 287978 0 3877424702
k7 v50 0 0 2070431728 287979 0 3243048026
k10 v89 0 0 2070431729 287980 0 4224105198
k4 v57 0 0 2070431729 287981 0 1505930847
k16 v75 0 0 2070431729 287982 0 3138984147
k18 v85 0 0 2070431729 287983 0 56924128
k2 v95 0 0 2070431729 287984 0 884626209
k11 v7 0 0 2070431729 287985 0 2263478921
k3 v89 0 0 2070431729 287986 0 3507709186
k4 v99 0 0 2070431728 287987 0 3988869101
k19 v48 0 0 2070431729 287988 0 4206473119
k16 v7 0 0 2070431729 287989 0 1334150085
k14 v95 0 0 2070431729 287990 0 3065302847
k17 v15 0 0 2070431729 287991 0 4239969845
k4 v54 0 0 2070431729 287992 0 3699694177
k11 v0 0 0 2070431728 287993 0 4238317877
k5 v36 0 0 2070431729 287994 0 761193593
k4 v70 0 0 2070431729 287995 0 971810434
k8 v22 0 0 2070431729 287996 0 1439295069
k0 v10 0 0 2070431728 287997 0 823222475
k3 v12 0 0 2070431729 287998 0 3322426155
k6 v95 0 0 2070431729 287999 0 2156586696
k2 v86 0 0 2070431728 288000 0 1564791052
k18 v21 0 0 2070431728 288001 0 2204671821
k5 v70 0 0 2070431728 288002 0 3523033563
k14 v48 0 0 2070431729 288003 0 1938880470
k6 v30 0 0 2070431729 288004 0 789685061
k10 v11 0 0 2070431729 288005 0 1342806802
k14 v49 0 0 2070431729 288006 0 1803565269
k12 v97 0 0 2070431729 288007 0 779665114
k19 v44 0 0 2070431729 288008 0 3636730775
k18 v97 0 0 2070431729 288009 0 1574175643
k19 v74 0 0 2070431729 288010 0 1791064395
k19 v55 0 0 2070431729 288011 0 4068045361
k5 v33 0 0 2070431729 288012 0 2714049027
k14 v53 0 0 2070431729 288013 0 3757737223
k19 v55 0 0 2070431729 288014 0 2400093812
k19 v84 0 0 2070431728 288015 0 2533950142
k17 v52 0 0 2070431729 288016 0 2970579769
k16 v66 0 0 2070431729 288017 0 110412054
k18 v83 0 0 2070431729 288018 0 2486841386
k12 v0 0 0 2070431729 288019 0 48846210
k9 v6 0 0 2070431729 288020 0 3214554761
k0 v25 0 0 2070431728 288021 0 3302138379
k17 v82 0 0 2070431729 288022 0 2146731575
k4 v8 0 0 2070431729 288023 0 2139488237
k8 v39 0 0 2070431729 288024 0 962243459
k11 v48 0 0 2070431729 288025 0 3177303929
k4 v81 0 0 2070431726 288026 0 295593023
k13 v68 0 0 2070431729 288027 0 2248507247
k8 v16 0 0 2070431729 288028 0 229938643
k7 v96 0 0 2070431729 288029 0 1197307500
k13 v17 0 0 2070431729 288030 0 3724441062
k5 v7 0 0 2070431729 288031 0 667345849
k6 v3 0 0 2070431729 288032 0 2071918179
k19 v88 0 0 2070431729 288033 0 3712699427
k14 v85 0 0 2070431729 288034 0 3217937448
k3 v42 0 0 2070431729 288035 0 206215118
k13 v41 0 0 2070431729 288036 0 2191837328
k15 v36 0 0 2070431729 288037 0 4275481440
k7 v88 0 0 2070431729 288038 0 3651593699
k12 v45 0 0 2070431729 288039 0 3500332498
k7 v22 0 0 2070431729 288040 0 2182336859
k1 v38 0 0 2070431728 288041 0 1923592542
k9 v85 0 0 2070431729 288042 0 2099522589
k19 v3 0 0 2070431729 288043 0 3512711529
k0 v19 0 0 2070431729 288044 0 3651835242
k13 v61 0 0 2070431729 288045 0 1208126635
k15 v69 0 0 2070431729 288046 0 322861984
k3 v95 0 0 2070431729 288047 0 1923533577
k4 v39 0 0 2070431729 288048 0 2441575048
k2 v72 0 0 2070431728 288049 0 2306320110
k15 v0 0 0 2070431729 288050 0 2986047575
k5 v40 0 0 2070431729 288051 0 1269770894
k5 v72 0 0 2070431729 288052 0 3511848226
k8 v84 0 0 2070431729 288053 0 2615781113
k12 v5 0 0 2070431729 288054 0 2613334796
k6 v18 0 0 2070431729 288055 0 1239320352
k18 v93 0 0 2070431729 288056 0 2456434406
k11 v68 0 0 2070431729 288057 0 1859959299
k0 v58 0 0 2070431729 288058 0 54759340
k9 v76 0 0 2070431723 288059 0 3983425997
k18 v46 0 0 2070431728 288060 0 2307355115
k18 v98 0 0 2070431729 288061 0 3978265856
k7 v38 0 0 2070431729 288062 0 2070823959
k19 v81 0 0 2070431729 288063 0 591160124
k15 v52 0 0 2070431729 288064 0 1809896663
k13 v54 0 0 2070431729 288065 0 454167097
k4 v53 0 0 2070431729 288066 0 2913478288
k16 v8 0 0 2070431729 288067 0 1482631995
k11 v74 0 0 2070431728 288068 0 1799661182
k3 v8 0 0 2070431729 288069 0 3887759867
k7 v87 0 0 2070431730 288070 0 1658697854
k9 v98 0 0 2070431729 288071 0 2110014644
k16 v57 0 0 2070431729 288072 0 1628958788
k0 v92 0 0 2070431730 288073 0 2333679762
k15 v34 0 0 2070431730 288074 0 268970395
k13 v76 0 0 2070431730 288075 0 1022236823
k5 v53 0 0 2070431730 288076 0 1059957019
k3 v86 0 0 2070431729 288077 0 1083423492
k9 v31 0 0 2070431730 288078 0 2646087018
k4 v77 0 0 2070431729 288079 0 2178660940
k9 v79 0 0 2070431730 288080 0 3508472406
k14 v22 0 0 2070431729 288081 0 4003291412
k18 v70 0 0 2070431730 288082 0 2324442787
k11 v42 0 0 2070431729 288083 0 2981711127
k4 v88 0 0 2070431730 288084 0 127365979
k12 v49 0 0 2070431730 288085 0 2873116604
k5 v69 0 0 2070431730 288086 0 410701051
k11 v16 0 0 2070431730 288087 0 506456839
k7 v46 0 0 2070431730 288088 0 4080288704
k13 v97 0 0 2070431730 288089 0 766453584
k19 v88 0 0 2070431730 288090 0 4089812318
k10 v79 0 0 2070431730 288091 0 1483127173
k11 v57 0 0 2070431730 288092 0 352602760
k16 v27 0 0 2070431730 288093 0 323052863
k12 v68 0 0 2070431730 288094 0 842671857
k8 v61 0 0 2070431730 288095 0 886582236
k18 v27 0 0 2070431730 288096 0 2202378278
k9 v13 0 0 2070431730 288097 0 1052005214
k17 v65 0 0 2070431730 288098 0 3018925079
k12 v42 0 0 2070431730 288099 0 877001215
k8 v37 0 0 2070431730 288100 0 4156725635
k2 v3 0 0 2070431730 288101 0 3191660788
k19 v56 0 0 2070431730 288102 0 3350687234
k4 v13 0 0 2070431730 288103 0 1982055121
k18 v96 0 0 2070431730 288104 0 1033186973
k13 v57 0 0 2070431730 288105 0 12473164
k11 v14 0 0 2070431730 288106 0 2069207575
k16 v97 0 0 2070431730 288107 0 2662102852
k6 v76 0 0 2070431730 288108 0 2784369962
k6 v26 0 0 2070431730 288109 0 835627854
k15 v90 0 0 2070431730 288110 0 1200493594
k14 v15 0 0 2070431730 288111 0 3416135398
k3 v60 0 0 2070431730 288112 0 3725445787
k1 v1 0 0 2070431730 288113 0 2122199949
k4 v89 0 0 2070431730 288114 0 3583841527
k16 v35 0 0 2070431730 288115 0 2795503990
k13 v95 0 0 2070431730 288116 0 3616805369
k11 v91 0 0 2070431730 288117 0 1844713480
k14 v43 0 0 2070431730 288118 0 324843359
k3 v90 0 0 2070431728 288119 0 3044184968
k11 v89 0 0 2070431730 288120 0 586311098
k3 v22 0 0 2070431730 288121 0 793859382
k3 v34 0 0 2070431730 288122 0 528816318
k17 v13 0 0 2070431730 288123 0 153644757
k8 v37 0 0 2070431730 288124 0 2418706665
k5 v95 0 0 2070431730 288125 0 425709390
k10 v7 0 0 2070431730 288126 0 4172017674
k8 v23 0 0 2070431730 288127 0 1781576685
k16 v6 0 0 2070431730 288128 0 1908325442
k16 v76 0 0 2070431730 288129 0 3036920146
k11 v68 0 0 2070431730 288130 0 2509781115
k12 v65 0 0 2070431730 288131 0 1278686890
k14 v97 0 0 2070431730 288132 0 202108593
k8 v66 0 0 2070431730 288133 0 921553018
k6 v6 0 0 2070431730 288134 0 3056003575
k8 v46 0 0 2070431730 288135 0 2222157441
k18 v96 0 0 2070431730 288136 0 233173574
k14 v52 0 0 2070431730 288137 0 1845348134
k12 v42 0 0 2070431730 288138 0 2557815309
k10 v72 0 0 2070431730 288139 0 400968262
k17 v0 0 0 2070431730 288140 0 786543597
k6 v41 0 0 2070431729 288141 0 3780322727
k13 v51 0 0 2070431730 288142 0 3436572802
k4 v64 0 0 2070431730 288143 0 4186524358
k5 v5 0 0 2070431730 288144 0 632823800
k7 v43 0 0 2070431730 288145 0 3702944659
k4 v86 0 0 2070431730 288146 0 2650784959
k15 v27 0 0 2070431731 288147 0 2097573294
k12 v46 0 0 2070431731 288148 0 528340815
k0 v94 0 0 2070431731 288149 0 2206567535
k18 v20 0 0 2070431731 288150 0 1230454700
k14 v53 0 0 2070431731 288151 0 2531731402
k17 v99 0 0 2070431731 288152 0 2872172743
k6 v47 0 0 2070431731 288153 0 2451226417
k1 v77 0 0 2070431731 288154 0 3506189243
k1 v18 0 0 2070431731 288155 0 1128625949
k11 v45 0 0 2070431731 288156 0 1500570625
k6 v21 0 0 2070431731 288157 0 2221466150
k9 v46 0 0 2070431731 288158 0 1653179956
k13 v56 0 0 2070431731 288159 0 51242355
k19 v34 0 0 2070431731 288160 0 22348774
k3 v93 0 0 2070431731 288161 0 3749268903
k4 v72 0 0 2070431731 288162 0 876982588
k6 v53 0 0 2070431731 288163 0 1097558447
k12 v70 0 0 2070431731 288164 0 1332826907
k2 v38 0 0 2070431731 288165 0 3542282500
k11 v44 0 0 2070431731 288166 0 1045520670
k0 v48 0 0 2070431731 288167 0 1701168695
k2 v29 0 0 2070431731 288168 0 2620471185
k16 v89 0 0 2070431731 288169 0 1311436319
k15 v55 0 0 2070431730 288170 0 1602401658
k3 v88 0 0 2070431730 288171 0 3216588776
k13 v0 0 0 2070431731 288172 0 2392521896
k12 v43 0 0 2070431730 288173 0 435118172
k3 v88 0 0 2070431731 288174 0 241486643
k1 v71 0 0 2070431731 288175 0 1312836417
k8 v2 0 0 2070431731 288176 0 3404510446
k6 v32 0 0 2070431730 288177 0 2067134594
k4 v82 0 0 2070431731 288178 0 2206055599
k3 v80 0 0 2070431731 288179 0 638673868
k2 v10 0 0 2070431731 288180 0 3721723780
k17 v24 0 0 2070431731 288181 0 1618586991
k0 v43 0 0 2070431731 288182 0 553550848
k7 v38 0 0 2070431731 288183 0 348729551
k2 v61 0 0 2070431731 288184 0 3040380830
k17 v83 0 0 2070431731 288185 0 610780915
k8 v62 0 0 2070431731 288186 0 3314038809
k5 v96 0 0 2070431731 288187 0 1174234446
k9 v21 0 0 2070431731 288188 0 2099820082
k8 v56 0 0 2070431731 288189 0 2011385196
k14 v46 0 0 2070431731 288190 0 850836590
k15 v14 0 0 2070431731 288191 0 4147353170
k3 v61 0 0 2070431731 288192 0 2043912443
k17 v13 0 0 2070431731 288193 0 3386343850
k5 v2 0 0 2070431731 288194 0 9317030
k0 v38 0 0 2070431731 288195 0 904422864
k15 v44 0 0 2070431731 288196 0 894535600
k2 v70 0 0 2070431731 288197 0 1701447346
k3 v17 0 0 2070431729 288198 0 2858834954
k18 v40 0 0 2070431731 288199 0 1739749447
k17 v87 0 0 2070431730 288200 0 3354470183
k3 v63 0 0 2070431731 288201 0 2236879317
k14 v75 0 0 2070431731 288202 0 3377694116
k2 v2 0 0 2070431731 288203 0 930223680
k11 v83 0 0 2070431731 288204 0 3423632286
k14 v10 0 0 2070431731 288205 0 1537590970
k10 v99 0 0 2070431731 288206 0 2912604264
k15 v70 0 0 2070431731 288207 0 81611562
k3 v56 0 0 2070431731 288208 0 67303520
k14 v54 0 0 2070431730 288209 0 1739482826
k9 v7 0 0 2070431731 288210 0 3056366827
k10 v98 0 0 2070431731 288211 0 2256410590
k3 v12 0 0 2070431731 288212 0 2738591039
k10 v16 0 0 2070431731 288213 0 2286040909
k14 v5 0 0 2070431731 288214 0 2158716461
k3 v5 0 0 2070431731 288215 0 2525370786
k7 v89 0 0 2070431731 288216 0 1330765880
k2 v63 0 0 2070431731 288217 0 1237268144
k11 v19 0 0 2070431731 288218 0 2354738291
k6 v41 0 0 2070431731 288219 0 4184526172
k15 v18 0 0 2070431731 288220 0 603904759
k10 v37 0 0 2070431731 288221 0 965857709
k3 v50 0 0 2070431731 288222 0 2034915665
k12 v17 0 0 2070431731 288223 0 49635771
k4 v4 0 0 2070431731 288224 0 2372244412
k15 v99 0 0 2070431731 288225 0 505158786
k7 v74 0 0 2070431731 288226 0 3075725282
k6 v83 0 0 2070431731 288227 0 2557093322
k12 v40 0 0 2070431731 288228 0 2372311494
k8 v14 0 0 2070431731 288229 0 2968917347
k11 v52 0 0 2070431731 288230 0 1737274838
k6 v61 0 0 2070431731 288231 0 3606286919
k12 v2 0 0 2070431731 288232 0 1187047894
k1 v36 0 0 2070431731 288233 0 4263201245
k14 v21 0 0 2070431731 288234 0 1585573895
k11 v97 0 0 2070431731 288235 0 108698689
k13 v57 0 0 2070431731 288236 0 4157215142
k13 v2 0 0 2070431731 288237 0 748648787
k19 v0 0 0 2070431731 288238 0 4141546640
k9 v45 0 0 2070431732 288239 0 1284255232
k11 v36 0 0 2070431732 288240 0 1419528751
k13 v58 0 0 2070431731 288241 0 3244024261
k13 v32 0 0 2070431732 288242 0 3318812701
k10 v99 0 0 2070431732 288243 0 1500220178
k9 v79 0 0 2070431732 288244 0 1413872064
k8 v91 0 0 2070431732 288245 0 2553935959
k4 v51 0 0 2070431732 288246 0 2230994156
k5 v56 0 0 2070431732 288247 0 3889576426
k11 v41 0 0 2070431732 288248 0 350675180
k11 v99 0 0 2070431732 288249 0 955746636
k18 v8 0 0 2070431732 288250 0 1056096187
k7 v35 0 0 2070431732 288251 0 72118206
k15 v86 0 0 2070431732 288252 0 970483868
k14 v67 0 0 2070431732 288253 0 219710719
k6 v28 0 0 2070431732 288254 0 3418616860
k4 v17 0 0 2070431732 288255 0 953148534
k13 v18 0 0 2070431732 288256 0 330178157
k0 v27 0 0 2070431732 288257 0 1908123012
k19 v13 0 0 2070431732 288258 0 1383086164
k16 v84 0 0 2070431732 288259 0 1711800038
k11 v66 0 0 2070431732 288260 0 3661306212
k8 v80 0 0 2070431732 288261 0 90984933
k19 v47 0 0 2070431732 288262 0 1763115771
k0 v93 0 0 2070431732 288263 0 126926357
k1 v33 0 0 2070431732 288264 0 311740941
k18 v13 0 0 2070431732 288265 0 2129334932
k4 v38 0 0 2070431732 288266 0 2315221168
k19 v69 0 0 2070431732 288267 0 3915168932
k10 v17 0 0 2070431732 288268 0 2232534182
k6 v64 0 0 2070431732 288269 0 3185839448
k11 v52 0 0 2070431732 288270 0 3993639657
k19 v3 0 0 2070431732 288271 0 20423980
k17 v58 0 0 2070431732 288272 0 1726196271
k1 v52 0 0 2070431732 288273 0 3477932157
k17 v1 0 0 2070431732 288274 0 2101107557
k5 v83 0 0 2070431732 288275 0 1425914749
k8 v68 0 0 2070431732 288276 0 100366103
k18 v16 0 0 2070431732 288277 0 1721092670
k16 v34 0 0 2070431732 288278 0 578064476
k12 v86 0 0 2070431732 288279 0 2937191831
k14 v47 0 0 2070431732 288280 0 3391702290
k11 v77 0 0 2070431732 288281 0 855883255
k19 v49 0 0 2070431732 288282 0 2054251670
k17 v30 0 0 2070431732 288283 0 524422951
k16 v44 0 0 2070431732 288284 0 3967426101
k0 v20 0 0 2070431732 288285 0 2853302982
k14 v94 0 0 2070431732 288286 0 2601197837
k9 v87 0 0 2070431732 288287 0 597661486
k15 v1 0 0 2070431732 288288 0 4102396628
k15 v67 0 0 2070431732 288289 0 1683756530
k1 v73 0 0 2070431732 288290 0 1868385423
k10 v85 0 0 2070431732 288291 0 795460790
k16 v50 0 0 2070431732 288292 0 1792392003
k15 v33 0 0 2070431732 288293 0 1556085555
k14 v59 0 0 2070431732 288294 0 698688216
k3 v7 0 0 2070431732 288295 0 3704895861
k15 v76 0 0 2070431732 288296 0 414964690
k5 v58 0 0 2070431732 288297 0 4143374814
k10 v46 0 0 2070431732 288298 0 1711882232
k12 v48 0 0 2070431732 288299 0 2340197943
k3 v90 0 0 2070431732 288300 0 1237353206
k16 v62 0 0 2070431732 288301 0 1195720709
k12 v42 0 0 2070431732 288302 0 2297475880
k14 v95 0 0 2070431732 288303 0 901044435
k7 v87 0 0 2070431732 288304 0 1399767916
k13 v51 0 0 2070431732 288305 0 1823539567
k13 v94 0 0 2070431732 288306 0 1528663934
k6 v41 0 0 2070431732 288307 0 1343810147
k11 v66 0 0 2070431732 288308 0 2933098683
k6 v95 0 0 2070431732 288309 0 682074855
k3 v52 0 0 2070431732 288310 0 3049755520
k17 v30 0 0 2070431732 288311 0 2585342287
k17 v80 0 0 2070431732 288312 0 4023970073
k4 v37 0 0 2070431732 288313 0 904170804
k18 v28 0 0 2070431732 288314 0 2473544622
k12 v13 0 0 2070431732 288315 0 775418811
k14 v87 0 0 2070431732 288316 0 471184307
k19 v2 0 0 2070431732 288317 0 2386240059
k8 v30 0 0 2070431732 288318 0 934351065
k3 v97 0 0 2070431732 288319 0 2021979419
k8 v28 0 0 2070431732 288320 0 4281299364
k3 v80 0 0 2070431732 288321 0 3431326791
k16 v1 0 0 2070431732 288322 0 2184789421
k19 v0 0 0 2070431732 288323 0 585052138
k19 v30 0 0 2070431732 288324 0 140200463
k7 v76 0 0 2070431732 288325 0 1619235371
k4 v55 0 0 2070431732 288326 0 1982248034
k18 v4 0 0 2070431732 288327 0 527852919
k12 v59 0 0 2070431732 288328 0 3694368554
k0 v23 0 0 2070431732 288329 0 472257203
k16 v92 0 0 2070431732 288330 0 269303859
k14 v99 0 0 2070431732 288331 0 3606198755
k1 v39 0 0 2070431732 288332 0 2913757243
k1 v14 0 0 2070431732 288333 0 3861012138
k8 v97 0 0 2070431732 288334 0 3102876963
k2 v97 0 0 2070431732 288335 0 1288078509
k10 v41 0 0 2070431732 288336 0 2900710998
k14 v58 0 0 2070431732 288337 0 3536103662
k12 v21 0 0 2070431732 288338 0 701345271
k15 v31 0 0 2070431732 288339 0 3652552582
k9 v39 0 0 2070431732 288340 0 2590793498
k17 v60 0 0 2070431732 288341 0 301036673
k9 v85 0 0 2070431732 288342 0 629181414
k10 v29 0 0 2070431732 288343 0 3208341474
k7 v49 0 0 2070431732 288344 0 2056531226
k1 v6 0 0 2070431732 288345 0 663175045
k2 v48 0 0 2070431732 288346 0 3068805017
k0 v22 0 0 2070431732 288347 0 3813636297
k13 v25 0 0 2070431732 288348 0 4179409663
k6 v76 0 0 2070431732 288349 0 1405635393
k9 v79 0 0 2070431732 288350 0 2304192918
k3 v58 0 0 2070431732 288351 0 4240484899
k2 v56 0 0 2070431732 288352 0 1432770643
k6 v95 0 0 2070431732 288353 0 3565389958
k10 v1 0 0 2070431732 288354 0 2749224494
k15 v7 0 0 2070431732 288355 0 1970048378
k11 v18 0 0 2070431732 288356 0 1183099617
k0 v37 0 0 2070431732 288357 0 1457340799
k1 v60 0 0 2070431732 288358 0 642881234
k3 v55 0 0 2070431732 288359 0 2185766534
k7 v35 0 0 2070431732 288360 0 2813167555
k9 v39 0 0 2070431732 288361 0 2163456565
k9 v95 0 0 2070431732 288362 0 3118390294
k14 v44 0 0 2070431732 288363 0 4237234548
k19 v52 0 0 2070431732 288364 0 866226585
k4 v66 0 0 2070431732 288365 0 2394259540
k12 v70 0 0 2070431732 288366 0 1505885937
k1 v85 0 0 2070431732 288367 0 1540024555
k6 v92 0 0 2070431732 288368 0 3564456327
k6 v12 0 0 2070431732 288369 0 3902566832
k8 v84 0 0 2070431732 288370 0 3957622447
k15 v75 0 0 2070431732 288371 0 1248938672
k16 v53 0 0 2070431732 288372 0 2002697446
k14 v4 0 0 2070431732 288373 0 2553534360
k12 v22 0 0 2070431732 288374 0 769132525
k15 v52 0 0 2070431732 288375 0 731719770
k19 v5 0 0 2070431732 288376 0 1927924059
k3 v6 0 0 2070431732 288377 0 967256798
k11 v57 0 0 2070431732 288378 0 3051693979
k8 v77 0 0 2070431732 288379 0 3650813698
k18 v44 0 0 2070431732 288380 0 3722022152
k10 v73 0 0 2070431732 288381 0 1579277087
k7 v46 0 0 2070431732 288382 0 1498088409
k1 v6 0 0 2070431732 288383 0 2026332519
k16 v28 0 0 2070431732 288384 0 1909277053
k10 v4 0 0 2070431732 288385 0 2576655395
k14 v42 0 0 2070431732 288386 0 256202222
k13 v99 0 0 2070431732 288387 0 4198820138
k6 v22 0 0 2070431732 288388 0 2148003608
k13 v30 0 0 2070431732 288389 0 1565335899
k11 v57 0 0 2070431732 288390 0 2007138457
k10 v13 0 0 2070431732 288391 0 2849944814
k8 v38 0 0 2070431732 288392 0 1586921305
k2 v46 0 0 2070431733 288393 0 370611062
k0 v59 0 0 2070431733 288394 0 1468376551
k2 v3 0 0 2070431733 288395 0 4043821335
k9 v2 0 0 2070431733 288396 0 1064710866
k9 v42 0 0 2070431733 288397 0 1254770480
k13 v39 0 0 2070431733 288398 0 1904383815
k15 v92 0 0 2070431733 288399 0 1981237007
k15 v58 0 0 2070431733 288400 0 1439519363
k12 v0 0 0 2070431733 288401 0 3257608801
k14 v34 0 0 2070431733 288402 0 3649299192
k4 v98 0 0 2070431733 288403 0 3639781134
k16 v53 0 0 2070431733 288404 0 1966486978
k9 v14 0 0 2070431733 288405 0 3824827508
k3 v51 0 0 2070431733 288406 0 478882780
k12 v90 0 0 2070431733 288407 0 3336931221
k18 v7 0 0 2070431733 288408 0 1707006011
k7 v4 0 0 2070431733 288409 0 1702481022
k0 v36 0 0 2070431733 288410 0 714046469
k19 v88 0 0 2070431733 288411 0 3844105491
k18 v36 0 0 2070431733 288412 0 308944118
k4 v31 0 0 2070431733 288413 0 3770296518
k14 v89 0 0 2070431733 288414 0 1722196593
k13 v82 0 0 2070431733 288415 0 997626086
k7 v48 0 0 2070431733 288416 0 2054393362
k6 v58 0 0 2070431733 288417 0 1740756505
k19 v62 0 0 2070431733 288418 0 2956489428
k0 v16 0 0 2070431733 288419 0 529122865
k19 v92 0 0 2070431733 288420 0 917686699
k7 v32 0 0 2070431733 288421 0 159809770
k19 v3 0 0 2070431733 288422 0 3306187590
k11 v10 0 0 2070431733 288423 0 4061832884
k11 v48 0 0 2070431733 288424 0 2913165796
k0 v55 0 0 2070431733 288425 0 204111381
k17 v28 0 0 2070431733 288426 0 2221044954
k19 v47 0 0 2070431733 288427 0 4205314336
k12 v28 0 0 2070431733 288428 0 2177765907
k7 v54 0 0 2070431733 288429 0 3007419121
k1 v58 0 0 2070431733 288430 0 1572670494
k4 v64 0 0 2070431733 288431 0 2007091472
k17 v74 0 0 2070431733 288432 0 3218694439
k1 v70 0 0 2070431733 288433 0 261064722
k4 v65 0 0 2070431733 288434 0 1873872403
k18 v90 0 0 2070431733 288435 0 465226625
k9 v55 0 0 2070431733 288436 0 3171937811
k7 v74 0 0 2070431733 288437 0 3368342581
k3 v32 0 0 2070431733 288438 0 3655004167
k16 v51 0 0 2070431733 288439 0 135299930
k19 v1 0 0 2070431733 288440 0 962921466
k16 v71 0 0 2070431733 288441 0 557981354
k18 v96 0 0 2070431733 288442 0 3583497750
k2 v34 0 0 2070431733 288443 0 540100680
k16 v34 0 0 2070431733 288444 0 1699102283
k1 v48 0 0 2070431733 288445 0 3126816064
k0 v77 0 0 2070431733 288446 0 226502293
k14 v29 0 0 2070431733 288447 0 2323004242
k12 v85 0 0 2070431733 288448 0 4062470151
k8 v44 0 0 2070431733 288449 0 1578546773
k9 v69 0 0 2070431733 288450 0 1206946351
k5 v29 0 0 2070431733 288451 0 1291279712
k18 v19 0 0 2070431733 288452 0 2369308022
k7 v44 0 0 2070431733 288453 0 3543920480
k0 v16 0 0 2070431733 288454 0 2905477280
k17 v24 0 0 2070431733 288455 0 2033585271
k11 v96 0 0 2070431733 288456 0 737398999
k6 v79 0 0 2070431733 288457 0 3781903614
k9 v24 0 0 2070431733 288458 0 729874993
k4 v62 0 0 2070431733 288459 0 1071030911
k8 v1 0 0 2070431733 288460 0 1193722842
k9 v81 0 0 2070431733 288461 0 314171189
k15 v16 0 0 2070431733 288462 0 1752630127
k3 v53 0 0 2070431733 288463 0 2948584871
k15 v80 0 0 2070431733 288464 0 2536404
k8 v94 0 0 2070431733 288465 0 1509335908
k15 v89 0 0 2070431733 288466 0 3400285346
k17 v32 0 0 2070431733 288467 0 1388302055
k4 v47 0 0 2070431733 288468 0 3955620869
k1 v82 0 0 2070431733 288469 0 1970297809
k16 v62 0 0 2070431733 288470 0 174874598
k16 v11 0 0 2070431733 288471 0 3577324853
k11 v9 0 0 2070431733 288472 0 764227475
k8 v57 0 0 2070431733 288473 0 2529963730
k6 v3 0 0 2070431733 288474 0 603219685
k6 v24 0 0 2070431733 288475 0 3953882010
k10 v87 0 0 2070431733 288476 0 1236883125
k5 v84 0 0 2070431733 288477 0 1850613806
k10 v72 0 0 2070431733 288478 0 2963612682
k0 v59 0 0 2070431733 288479 0 1969409561
k12 v3 0 0 2070431733 288480 0 2055866194
k1 v79 0 0 2070431733 288481 0 3377522821
k18 v15 0 0 2070431733 288482 0 1456892878
k16 v18 0 0 2070431733 288483 0 351235454
k10 v41 0 0 2070431733 288484 0 3288064786
k0 v11 0 0 2070431733 288485 0 1571361825
k11 v68 0 0 2070431733 288486 0 1992722381
k1 v87 0 0 2070431733 288487 0 3404172106
k9 v12 0 0 2070431733 288488 0 3697577556
k11 v70 0 0 2070431733 288489 0 4083142190
k2 v79 0 0 2070431733 288490 0 2808908494
k13 v14 0 0 2070431733 288491 0 1862407015
k1 v99 0 0 2070431733 288492 0 812703169
k3 v53 0 0 2070431733 288493 0 2766377626
k10 v78 0 0 2070431733 288494 0 1100736050
k13 v84 0 0 2070431733 288495 0 2974178443
k7 v46 0 0 2070431733 288496 0 1838716109
k2 v43 0 0 2070431733 288497 0 3290840788
k5 v66 0 0 2070431733 288498 0 4199115735
k7 v58 0 0 2070431733 288499 0 1814184187
k3 v5 0 0 2070431733 288500 0 901888020
k16 v46 0 0 2070431733 288501 0 78509411
k8 v23 0 0 2070431733 288502 0 355337074
k7 v51 0 0 2070431733 288503 0 3642497391
k6 v57 0 0 2070431733 288504 0 2299394217
k13 v99 0 0 2070431733 288505 0 799049042
k17 v32 0 0 2070431733 288506 0 4153795697
k0 v60 0 0 2070431733 288507 0 3585146208
k0 v76 0 0 2070431733 288508 0 1238499300
k2 v89 0 0 2070431733 288509 0 2379670083
k10 v43 0 0 2070431733 288510 0 3660844144
k19 v48 0 0 2070431733 288511 0 1788284859
k1 v37 0 0 2070431733 288512 0 1578215536
k5 v82 0 0 2070431733 288513 0 842031912
k4 v34 0 0 2070431733 288514 0 1020070267
k0 v18 0 0 2070431733 288515 0 309896511
k15 v18 0 0 2070431733 288516 0 2819685612
k4 v49 0 0 2070431733 288517 0 3361135181
k14 v99 0 0 2070431733 288518 0 3983870342
k8 v52 0 0 2070431733 288519 0 4221046160
k10 v39 0 0 2070431733 288520 0 3867186255
k13 v11 0 0 2070431733 288521 0 4032908284
k3 v23 0 0 2070431733 288522 0 1626778887
k1 v92 0 0 2070431733 288523 0 2951806844
k7 v53 0 0 2070431733 288524 0 1595354442
k3 v43 0 0 2070431733 288525 0 3649715718
k18 v92 0 0 2070431733 288526 0 1126687644
k10 v61 0 0 2070431733 288527 0 3107541791
k18 v33 0 0 2070431733 288528 0 2046164319
k3 v48 0 0 2070431733 288529 0 1196288626
k9 v30 0 0 2070431733 288530 0 2388589353
k9 v36 0 0 2070431733 288531 0 325474237
k8 v51 0 0 2070431733 288532 0 3024178687
k4 v47 0 0 2070431733 288533 0 3058073664
k8 v70 0 0 2070431733 288534 0 1673056322
k12 v83 0 0 2070431733 288535 0 2119889535
k1 v4 0 0 2070431733 288536 0 719999757
k11 v1 0 0 2070431733 288537 0 1922351837
k6 v6 0 0 2070431733 288538 0 461256271
k6 v19 0 0 2070431733 288539 0 904165217
k5 v84 0 0 2070431733 288540 0 2616553429
k14 v70 0 0 2070431733 288541 0 286232928
k18 v96 0 0 2070431733 288542 0 1831580019
k13 v32 0 0 2070431733 288543 0 2377587067
k11 v66 0 0 2070431733 288544 0 3970838569
k2 v67 0 0 2070431733 288545 0 3965534788
k13 v83 0 0 2070431733 288546 0 3410714093
k16 v66 0 0 2070431733 288547 0 2973432644
k7 v71 0 0 2070431733 288548 0 3643107589
k14 v56 0 0 2070431733 288549 0 3107030976
k2 v87 0 0 2070431733 288550 0 1126682758
k8 v58 0 0 2070431733 288551 0 1667075962
k10 v1 0 0 2070431733 288552 0 474361578
k12 v21 0 0 2070431733 288553 0 662001612
k7 v34 0 0 2070431733 288554 0 1294047386
k17 v59 0 0 2070431733 288555 0 507309031
k7 v45 0 0 2070431733 288556 0 1939293958
k1 v97 0 0 2070431733 288557 0 3847879906
k18 v80 0 0 2070431733 288558 0 2382310789
k17 v15 0 0 2070431733 288559 0 1934007739
k5 v81 0 0 2070431733 288560 0 3019598756
k16 v68 0 0 2070431733 288561 0 4246520779
k15 v77 0 0 2070431734 288562 0 1230263187
k7 v11 0 0 2070431734 288563 0 3316476031
k3 v81 0 0 2070431734 288564 0 815322563
k16 v25 0 0 2070431734 288565 0 924650944
k18 v97 0 0 2070431734 288566 0 1700893254
k18 v1 0 0 2070431734 288567 0 3505474543
k10 v16 0 0 2070431734 288568 0 3150892766
k12 v78 0 0 2070431734 288569 0 2693161687
k3 v61 0 0 2070431734 288570 0 2264495680
k17 v44 0 0 2070431734 288571 0 1520072359
k18 v71 0 0 2070431734 288572 0 1461955600
k1 v1 0 0 2070431734 288573 0 1910232722
k12 v45 0 0 2070431734 288574 0 3651531491
k5 v0 0 0 2070431734 288575 0 508025170
k2 v56 0 0 2070431734 288576 0 3515490146
k9 v49 0 0 2070431734 288577 0 1569236871
k6 v38 0 0 2070431734 288578 0 2693848542
k19 v7 0 0 2070431734 288579 0 3703305539
k2 v35 0 0 2070431734 288580 0 3575166933
k11 v16 0 0 2070431734 288581 0 4225872457
k0 v63 0 0 2070431734 288582 0 62397518
k5 v86 0 0 2070431734 288583 0 2043263719
k5 v2 0 0 2070431734 288584 0 3335444898
k13 v66 0 0 2070431734 288585 0 469508860
k17 v57 0 0 2070431734 288586 0 787769609
k16 v50 0 0 2070431734 288587 0 1306006543
k0 v66 0 0 2070431734 288588 0 3537708251
k16 v36 0 0 2070431734 288589 0 2705695122
k11 v83 0 0 2070431734 288590 0 1922741192
k7 v36 0 0 2070431734 288591 0 4182239790
k2 v58 0 0 2070431734 288592 0 2793454603
k17 v84 0 0 2070431734 288593 0 1429812450
k19 v84 0 0 2070431734 288594 0 4144731001
k10 v28 0 0 2070431734 288595 0 1742356010
k0 v85 0 0 2070431734 288596 0 838476312
k3 v42 0 0 2070431734 288597 0 2286649658
k18 v36 0 0 2070431734 288598 0 1425001400
k17 v31 0 0 2070431734 288599 0 3669002210
k0 v32 0 0 2070431734 288600 0 3312205049
k12 v4 0 0 2070431734 288601 0 738853034
k1 v99 0 0 2070431734 288602 0 2674730972
k14 v40 0 0 2070431734 288603 0 1197375274
k8 v4 0 0 2070431734 288604 0 2894162913
k17 v79 0 0 2070431734 288605 0 3829632646
k5 v54 0 0 2070431734 288606 0 2047297579
k7 v19 0 0 2070431734 288607 0 706914453
k16 v93 0 0 2070431734 288608 0 1313126033
k7 v93 0 0 2070431734 288609 0 3326487635
k3 v85 0 0 2070431734 288610 0 232997621
k18 v87 0 0 2070431734 288611 0 2717924980
k16 v99 0 0 2070431734 288612 0 3799815186
k2 v49 0 0 2070431734 288613 0 1501612996
k19 v5 0 0 2070431734 288614 0 3051564766
k10 v22 0 0 2070431734 288615 0 745103426
k15 v28 0 0 2070431734 288616 0 3414087928
k1 v81 0 0 2070431734 288617 0 3789155458
k17 v55 0 0 2070431734 288618 0 1742579306
k14 v47 0 0 2070431734 288619 0 1563908868
k1 v12 0 0 2070431734 288620 0 3110011710
k12 v51 0 0 2070431734 288621 0 1637548900
k7 v57 0 0 2070431734 288622 0 1607518050
k2 v77 0 0 2070431734 288623 0 958446617
k1 v86 0 0 2070431734 288624 0 704030603
k12 v74 0 0 2070431734 288625 0 3401127682
k8 v88 0 0 2070431734 288626 0 2582783900
k1 v99 0 0 2070431734 288627 0 3785230327
k19 v35 0 0 2070431734 288628 0 2127899817
k17 v61 0 0 2070431734 288629 0 1232289992
k5 v22 0 0 2070431734 288630 0 3286190713
k9 v58 0 0 2070431734 288631 0 3839082475
k11 v28 0 0 2070431734 288632 0 2898946049
k14 v17 0 0 2070431734 288633 0 696246469
k13 v26 0 0 2070431734 288634 0 251549449
k7 v4 0 0 2070431734 288635 0 1799814329
k10 v11 0 0 2070431734 288636 0 3497470150
k7 v39 0 0 2070431734 288637 0 3433043889
k16 v75 0 0 2070431734 288638 0 468621741
k19 v90 0 0 2070431734 288639 0 2360389579
k0 v22 0 0 2070431734 288640 0 1572804539
k13 v37 0 0 2070431734 288641 0 2356874513
k11 v95 0 0 2070431734 288642 0 1094251452
k14 v0 0 0 2070431734 288643 0 623475501
k10 v51 0 0 2070431734 288644 0 4126627962
k7 v59 0 0 2070431734 288645 0 233072240
k2 v26 0 0 2070431734 288646 0 2828961933
k2 v5 0 0 2070431734 288647 0 1926317112
k12 v91 0 0 2070431734 288648 0 2212481362
k0 v18 0 0 2070431734 288649 0 2692124207
k9 v43 0 0 2070431734 288650 0 1424878334
k2 v55 0 0 2070431734 288651 0 542359535
k10 v36 0 0 2070431734 288652 0 3038131870
k16 v29 0 0 2070431734 288653 0 2726463002
k1 v0 0 0 2070431734 288654 0 1254883475
k0 v52 0 0 2070431734 288655 0 1223495569
k4 v39 0 0 2070431734 288656 0 2815648639
k11 v65 0 0 2070431734 288657 0 1905844960
k17 v79 0 0 2070431734 288658 0 1462120992
k13 v79 0 0 2070431734 288659 0 1315021554
k14 v5 0 0 2070431734 288660 0 638200991
k1 v48 0 0 2070431734 288661 0 2105261496
k7 v90 0 0 2070431734 288662 0 2392245472
k9 v22 0 0 2070431734 288663 0 4007410148
k9 v43 0 0 2070431734 288664 0 851939747
k16 v28 0 0 2070431734 288665 0 2482611331
k3 v7 0 0 2070431734 288666 0 3047732059
k15 v6 0 0 2070431734 288667 0 3519714130
k2 v76 0 0 2070431734 288668 0 3099260488
k11 v87 0 0 2070431734 288669 0 4099672843
k5 v2 0 0 2070431734 288670 0 3142317173
k16 v13 0 0 2070431734 288671 0 3208319531
k7 v9 0 0 2070431734 288672 0 2506081295
k14 v34 0 0 2070431734 288673 0 1696269486
k17 v77 0 0 2070431734 288674 0 3790594597
k7 v60 0 0 2070431734 288675 0 2348857150
k12 v94 0 0 2070431734 288676 0 881887898
k16 v81 0 0 2070431734 288677 0 2575780297
k12 v53 0 0 2070431734 288678 0 2086407242
k1 v55 0 0 2070431734 288679 0 2649479348
k16 v4 0 0 2070431734 288680 0 1738797907
k5 v94 0 0 2070431734 288681 0 207520409
k8 v88 0 0 2070431734 288682 0 4027148110
k11 v78 0 0 2070431734 288683 0 883372420
k5 v37 0 0 2070431734 288684 0 532034333
k18 v53 0 0 2070431734 288685 0 797025781
k11 v51 0 0 2070431734 288686 0 1437083976
k6 v56 0 0 2070431734 288687 0 3508823907
k6 v69 0 0 2070431734 288688 0 1362987374
k4 v44 0 0 2070431734 288689 0 4146424854
k1 v22 0 0 2070431734 288690 0 3457445436
k3 v14 0 0 2070431734 288691 0 3315897250
k14 v71 0 0 2070431734 288692 0 1340984385
k18 v78 0 0 2070431734 288693 0 2930766401
k10 v96 0 0 2070431734 288694 0 727736439
k16 v57 0 0 2070431734 288695 0 2380076487
k8 v79 0 0 2070431734 288696 0 3168107541
k15 v89 0 0 2070431734 288697 0 2015857484
k14 v39 0 0 2070431734 288698 0 975238850
k9 v70 0 0 2070431735 288699 0 2485675876
k12 v8 0 0 2070431735 288700 0 2452712443
k2 v45 0 0 2070431735 288701 0 3444873569
k1 v3 0 0 2070431735 288702 0 3252834255
k17 v0 0 0 2070431735 288703 0 1867389258
k2 v10 0 0 2070431735 288704 0 378157598
k19 v80 0 0 2070431735 288705 0 3381639931
k1 v58 0 0 2070431735 288706 0 3715871656
k1 v10 0 0 2070431735 288707 0 1262637280
k16 v26 0 0 2070431735 288708 0 1328843488
k19 v71 0 0 2070431735 288709 0 1279803807
k5 v48 0 0 2070431735 288710 0 358964244
k1 v35 0 0 2070431735 288711 0 3549711411
k13 v87 0 0 2070431735 288712 0 2338811991
k9 v96 0 0 2070431735 288713 0 2407802966
k18 v85 0 0 2070431735 288714 0 1638914886
k18 v32 0 0 2070431735 288715 0 3340551937
k5 v1 0 0 2070431735 288716 0 841155952
k8 v30 0 0 2070431735 288717 0 898536024
k3 v37 0 0 2070431735 288718 0 621695519
k3 v54 0 0 2070431735 288719 0 1702964050
k1 v97 0 0 2070431735 288720 0 3274816940
k7 v90 0 0 2070431735 288721 0 3601094660
k2 v53 0 0 2070431735 288722 0 4261675143
k4 v96 0 0 2070431735 288723 0 374644334
k1 v0 0 0 2070431735 288724 0 999649773
k1 v99 0 0 2070431735 288725 0 2814247566
k12 v91 0 0 2070431735 288726 0 1841823637
k4 v12 0 0 2070431735 288727 0 422033733
k9 v83 0 0 2070431735 288728 0 3664124997
k8 v45 0 0 2070431735 288729 0 3945158600
k6 v16 0 0 2070431735 288730 0 4108287237
k5 v10 0 0 2070431735 288731 0 520284332
k11 v74 0 0 2070431735 288732 0 2261366068
k5 v73 0 0 2070431735 288733 0 1956692514
k11 v97 0 0 2070431735 288734 0 2901758920
k15 v16 0 0 2070431735 288735 0 4113035562
k7 v34 0 0 2070431735 288736 0 402409382
k12 v94 0 0 2070431735 288737 0 1586787580
k13 v72 0 0 2070431735 288738 0 361960322
k14 v29 0 0 2070431735 288739 0 3311445552
k1 v41 0 0 2070431735 288740 0 3947811480
k13 v38 0 0 2070431735 288741 0 2230459083
k1 v72 0 0 2070431735 288742 0 231702323
k8 v0 0 0 2070431735 288743 0 3727874392
k7 v70 0 0 2070431735 288744 0 2089933891
k0 v91 0 0 2070431735 288745 0 2778415706
k5 v22 0 0 2070431735 288746 0 3839663233
k18 v3 0 0 2070431735 288747 0 2132287768
k5 v62 0 0 2070431735 288748 0 1755755956
k5 v53 0 0 2070431735 288749 0 1875131728
k11 v1 0 0 2070431735 288750 0 1430186404
k6 v54 0 0 2070431735 288751 0 830358209
k3 v37 0 0 2070431735 288752 0 3639087689
k4 v17 0 0 2070431735 288753 0 1401862875
k10 v94 0 0 2070431735 288754 0 2627897444
k3 v30 0 0 2070431735 288755 0 1995252253
k11 v17 0 0 2070431735 288756 0 3216786574
k3 v47 0 0 2070431735 288757 0 3430441044
k12 v21 0 0 2070431735 288758 0 2833731339
k0 v60 0 0 2070431735 288759 0 564056841
k2 v62 0 0 2070431735 288760 0 3577901948
k14 v15 0 0 2070431735 288761 0 2740605403
k10 v36 0 0 2070431735 288762 0 3276205884
k0 v43 0 0 2070431735 288763 0 2455423341
k7 v57 0 0 2070431735 288764 0 2056630211
k0 v42 0 0 2070431735 288765 0 2707903917
k4 v4 0 0 2070431735 288766 0 198092586
k10 v48 0 0 2070431735 288767 0 3459176006
k11 v0 0 0 2070431735 288768 0 4207339187
k16 v36 0 0 2070431735 288769 0 3447211149
k17 v23 0 0 2070431735 288770 0 844836006
k4 v89 0 0 2070431735 288771 0 3253521848
k1 v71 0 0 2070431735 288772 0 2686487712
k8 v2 0 0 2070431735 288773 0 381292941
k10 v14 0 0 2070431735 288774 0 3134477692
k15 v13 0 0 2070431735 288775 0 3651439081
k15 v43 0 0 2070431735 288776 0 2141871375
k12 v25 0 0 2070431735 288777 0 1645636851
k3 v91 0 0 2070431735 288778 0 1687599987
k6 v97 0 0 2070431735 288779 0 1652645024
k11 v29 0 0 2070431735 288780 0 2212018655
k19 v75 0 0 2070431735 288781 0 3295637878
k1 v13 0 0 2070431735 288782 0 2542778583
k18 v5 0 0 2070431735 288783 0 2521661613
k14 v8 0 0 2070431735 288784 0 2327815623
k6 v61 0 0 2070431735 288785 0 224282218
k1 v4 0 0 2070431735 288786 0 1255767520
k16 v57 0 0 2070431735 288787 0 3393157769
k13 v47 0 0 2070431735 288788 0 1230155423
k7 v80 0 0 2070431735 288789 0 2352010308
k7 v96 0 0 2070431735 288790 0 1204362097
k14 v41 0 0 2070431735 288791 0 1808300698
k18 v47 0 0 2070431735 288792 0 3290650169
k13 v63 0 0 2070431735 288793 0 21886791
k9 v15 0 0 2070431735 288794 0 1150135189
k8 v89 0 0 2070431735 288795 0 2952513283
k12 v46 0 0 2070431735 288796 0 671561908
k3 v29 0 0 2070431735 288797 0 715642769
k0 v59 0 0 2070431735 288798 0 2990371899
k11 v84 0 0 2070431735 288799 0 616523271
k6 v14 0 0 2070431735 288800 0 1681171846
k16 v57 0 0 2070431735 288801 0 3390414049
k16 v68 0 0 2070431735 288802 0 3870899680
k16 v89 0 0 2070431735 288803 0 1225407319
k6 v83 0 0 2070431735 288804 0 1530154233
k2 v70 0 0 2070431735 288805 0 2714705615
k10 v49 0 0 2070431735 288806 0 4005343397
k14 v95 0 0 2070431735 288807 0 2350683087
k19 v23 0 0 2070431735 288808 0 1256034593
k13 v2 0 0 2070431735 288809 0 1538065434
k19 v8 0 0 2070431735 288810 0 1269537498
k3 v13 0 0 2070431735 288811 0 109450020
k14 v23 0 0 2070431735 288812 0 711334909
k14 v90 0 0 2070431735 288813 0 3258510563
k4 v34 0 0 2070431735 288814 0 147380257
k0 v72 0 0 2070431735 288815 0 2270548381
k13 v11 0 0 2070431735 288816 0 2305012280
k13 v71 0 0 2070431735 288817 0 1715832511
k17 v94 0 0 2070431735 288818 0 432334668
k16 v80 0 0 2070431735 288819 0 1251693598
k7 v26 0 0 2070431735 288820 0 1293119315
k7 v38 0 0 2070431735 288821 0 3526006507
k18 v15 0 0 2070431735 288822 0 3623376935
k10 v25 0 0 2070431735 288823 0 3041175715
k19 v66 0 0 2070431735 288824 0 3701464807
k5 v53 0 0 2070431735 288825 0 2678005432
k14 v81 0 0 2070431735 288826 0 1202986535
k4 v62 0 0 2070431735 288827 0 681783115
k4 v23 0 0 2070431735 288828 0 3634695289
k8 v17 0 0 2070431735 288829 0 4104697399
k12 v6 0 0 2070431735 288830 0 3521941139
k6 v60 0 0 2070431735 288831 0 1482901407
k8 v38 0 0 2070431735 288832 0 2395305111
k18 v37 0 0 2070431735 288833 0 3777721504
k3 v49 0 0 2070431735 288834 0 2722305044
k18 v64 0 0 2070431735 288835 0 2516261321
k19 v26 0 0 2070431735 288836 0 4254257897
k17 v55 0 0 2070431735 288837 0 3484686694
k5 v64 0 0 2070431735 288838 0 2980654770
k10 v28 0 0 2070431735 288839 0 4164431027
k3 v37 0 0 2070431735 288840 0 3011447466
k9 v47 0 0 2070431735 288841 0 783035772
k15 v24 0 0 2070431735 288842 0 1452971345
k14 v35 0 0 2070431735 288843 0 776992284
k2 v41 0 0 2070431735 288844 0 2711895799
k18 v21 0 0 2070431735 288845 0 2848447464
k5 v2 0 0 2070431735 288846 0 3273824775
k18 v61 0 0 2070431735 288847 0 2299051473
k10 v40 0 0 2070431735 288848 0 2408241155
k12 v78 0 0 2070431735 288849 0 2646765306
k9 v97 0 0 2070431735 288850 0 2661611609
k4 v43 0 0 2070431735 288851 0 4195722355
k15 v90 0 0 2070431735 288852 0 1197055914
k4 v99 0 0 2070431735 288853 0 937945244
k6 v0 0 0 2070431735 288854 0 56641918
k16 v99 0 0 2070431735 288855 0 2252463524
k13 v11 0 0 2070431735 288856 0 2389318372
k3 v87 0 0 2070431735 288857 0 2735766991
k15 v11 0 0 2070431735 288858 0 4246947088
k6 v68 0 0 2070431735 288859 0 166487959
k8 v65 0 0 2070431736 288860 0 264589973
k11 v85 0 0 2070431736 288861 0 1420920769
k1 v32 0 0 2070431736 288862 0 3395205203
k13 v30 0 0 2070431736 288863 0 4269239584
k19 v40 0 0 2070431736 288864 0 905899376
k7 v43 0 0 2070431736 288865 0 1683350000
k16 v93 0 0 2070431736 288866 0 1991284707
k4 v30 0 0 2070431736 288867 0 3871896029
k18 v48 0 0 2070431736 288868 0 2682494490
k7 v14 0 0 2070431736 288869 0 2760347466
k1 v6 0 0 2070431736 288870 0 201194594
k15 v10 0 0 2070431736 288871 0 3297580690
k10 v5 0 0 2070431736 288872 0 3953510244
k6 v52 0 0 2070431736 288873 0 1375960653
k10 v7 0 0 2070431736 288874 0 1999705710
k13 v14 0 0 2070431736 288875 0 63326901
k16 v67 0 0 2070431736 288876 0 1972017571
k8 v30 0 0 2070431736 288877 0 3891263839
k12 v32 0 0 2070431736 288878 0 1308377732
k19 v78 0 0 2070431736 288879 0 1733799259
k1 v60 0 0 2070431736 288880 0 3038447218
k9 v49 0 0 2070431736 288881 0 2965477532
k8 v56 0 0 2070431736 288882 0 3822768692
k17 v70 0 0 2070431736 288883 0 3863799042
k1 v93 0 0 2070431736 288884 0 852165010
k15 v39 0 0 2070431736 288885 0 3083171874
k8 v47 0 0 2070431736 288886 0 2097917928
k19 v77 0 0 2070431736 288887 0 2383919049
k10 v44 0 0 2070431736 288888 0 1190317533
k3 v83 0 0 2070431736 288889 0 4113117096
k18 v45 0 0 2070431736 288890 0 3929494914
k3 v80 0 0 2070431736 288891 0 2476442205
k6 v74 0 0 2070431736 288892 0 560070318
k18 v42 0 0 2070431736 288893 0 543072466
k17 v48 0 0 2070431736 288894 0 1309298083
k16 v39 0 0 2070431736 288895 0 3236047656
k11 v46 0 0 2070431736 288896 0 2282624572
k19 v4 0 0 2070431736 288897 0 1463838637
k7 v7 0 0 2070431736 288898 0 3727440550
k11 v46 0 0 2070431736 288899 0 261491443
k5 v27 0 0 2070431736 288900 0 4032115476
k17 v58 0 0 2070431736 288901 0 466249362
k0 v73 0 0 2070431736 288902 0 2592241325
k0 v40 0 0 2070431736 288903 0 1462667461
k7 v71 0 0 2070431736 288904 0 1890533129
k1 v16 0 0 2070431736 288905 0 2466766695
k18 v48 0 0 2070431736 288906 0 3176245315
k3 v12 0 0 2070431736 288907 0 38438229
k12 v11 0 0 2070431736 288908 0 3143794643
k9 v3 0 0 2070431736 288909 0 4110794964
k3 v37 0 0 2070431736 288910 0 2206705863
k19 v72 0 0 2070431736 288911 0 1152031930
k9 v88 0 0 2070431736 288912 0 2129502526
k17 v77 0 0 2070431736 288913 0 2959417211
k7 v55 0 0 2070431736 288914 0 3678715674
k12 v5 0 0 2070431736 288915 0 914719732
k12 v90 0 0 2070431736 288916 0 1689651802
k2 v87 0 0 2070431736 288917 0 156852033
k3 v32 0 0 2070431736 288918 0 1624568528
k17 v98 0 0 2070431736 288919 0 3856304992
k15 v21 0 0 2070431736 288920 0 2107128824
k10 v89 0 0 2070431736 288921 0 2738986823
k10 v65 0 0 2070431736 288922 0 2291531231
k19 v55 0 0 2070431736 288923 0 1901782927
k9 v76 0 0 2070431736 288924 0 2132573352
k18 v97 0 0 2070431736 288925 0 1102500252
k13 v50 0 0 2070431736 288926 0 3397931802
k13 v61 0 0 2070431736 288927 0 3454721022
k14 v61 0 0 2070431736 288928 0 1019961247
k2 v54 0 0 2070431736 288929 0 2464419599
k4 v2 0 0 2070431736 288930 0 2972462914
k19 v87 0 0 2070431736 288931 0 548476901
k10 v73 0 0 2070431736 288932 0 2460912035
k17 v41 0 0 2070431736 288933 0 1289540643
k7 v68 0 0 2070431736 288934 0 361754426
k1 v0 0 0 2070431736 288935 0 1293703755
k16 v85 0 0 2070431736 288936 0 3544067110
k9 v4 0 0 2070431736 288937 0 2290414992
k7 v2 0 0 2070431736 288938 0 1082984458
k3 v42 0 0 2070431736 288939 0 330076583
k3 v88 0 0 2070431736 288940 0 2805961112
k8 v73 0 0 2070431736 288941 0 3055537812
k7 v79 0 0 2070431736 288942 0 3156731617
k8 v80 0 0 2070431736 288943 0 1737846514
k7 v95 0 0 2070431736 288944 0 3934548028
k18 v65 0 0 2070431736 288945 0 3286258828
k8 v79 0 0 2070431736 288946 0 2924214381
k0 v95 0 0 2070431736 288947 0 3071327057
k17 v68 0 0 2070431736 288948 0 3055548388
k18 v58 0 0 2070431736 288949 0 2719653838
k10 v56 0 0 2070431736 288950 0 1801144049
k13 v66 0 0 2070431736 288951 0 2143013998
k6 v61 0 0 2070431736 288952 0 613888814
k19 v27 0 0 2070431736 288953 0 3611034078
k13 v53 0 0 2070431736 288954 0 1381526231
k15 v1 0 0 2070431736 288955 0 448331313
k10 v48 0 0 2070431736 288956 0 3139643790
k0 v33 0 0 2070431736 288957 0 4089922744
k7 v50 0 0 2070431736 288958 0 1534232789
k13 v6 0 0 2070431736 288959 0 632835374
k3 v7 0 0 2070431736 288960 0 4189324278
k8 v34 0 0 2070431736 288961 0 1176942802
k15 v69 0 0 2070431736 288962 0 3347391407
k9 v38 0 0 2070431736 288963 0 1012206959
k11 v43 0 0 2070431736 288964 0 575833337
k2 v9 0 0 2070431736 288965 0 2316556308
k11 v24 0 0 2070431736 288966 0 119358766
k0 v52 0 0 2070431736 288967 0 1658569825
k14 v90 0 0 2070431736 288968 0 313541419
k2 v9 0 0 2070431736 288969 0 648451864
k12 v72 0 0 2070431736 288970 0 794864466
k14 v54 0 0 2070431736 288971 0 3143005377
k7 v80 0 0 2070431736 288972 0 180894306
k14 v87 0 0 2070431736 288973 0 2383992282
k16 v15 0 0 2070431731 288974 0 1458333065
k1 v27 0 0 2070431736 288975 0 2284941383
k3 v16 0 0 2070431736 288976 0 1358121416
k4 v14 0 0 2070431736 288977 0 4120876715
k15 v70 0 0 2070431730 288978 0 2644625151
k12 v66 0 0 2070431736 288979 0 798324956
k1 v90 0 0 2070431736 288980 0 1102245433
k11 v68 0 0 2070431730 288981 0 1164103220
k3 v71 0 0 2070431737 288982 0 3826280506
k1 v59 0 0 2070431722 288983 0 907626362
k9 v25 0 0 2070431737 288984 0 2628465423
k17 v29 0 0 2070431737 288985 0 2980007854
k6 v87 0 0 2070431737 288986 0 3546674306
k10 v58 0 0 2070431737 288987 0 4186966172
k16 v67 0 0 2070431737 288988 0 2487457003
k0 v88 0 0 2070431737 288989 0 3316181526
k0 v11 0 0 2070431737 288990 0 1463573620
k15 v42 0 0 2070431737 288991 0 4259884490
k13 v71 0 0 2070431737 288992 0 4021830490
k13 v10 0 0 2070431737 288993 0 1710836891
k19 v56 0 0 2070431737 288994 0 1364055037
k17 v84 0 0 2070431737 288995 0 3342478143
k1 v43 0 0 2070431737 288996 0 3724075151
k15 v5 0 0 2070431737 288997 0 2748550672
k13 v88 0 0 2070431737 288998 0 2717829386
k6 v16 0 0 2070431737 288999 0 2322609108
k18 v52 0 0 2070431737 289000 0 2936425153
k14 v7 0 0 2070431737 289001 0 1742104175
k16 v42 0 0 2070431737 289002 0 4019821185
k18 v87 0 0 2070431737 289003 0 124798798
k9 v88 0 0 2070431731 289004 0 1675101100
k4 v80 0 0 2070431732 289005 0 4060212189
k18 v88 0 0 2070431729 289006 0 74040667
k13 v8 0 0 2070431731 289007 0 4003825167
k14 v12 0 0 2070431729 289008 0 1999773878
k11 v74 0 0 2070431736 289009 0 1229177932
k19 v8 0 0 2070431737 289010 0 4049247480
k6 v61 0 0 2070431737 289011 0 2222042773
k4 v13 0 0 2070431737 289012 0 3789807211
k7 v6 0 0 2070431737 289013 0 1657964626
k8 v29 0 0 2070431729 289014 0 2577842164
k12 v8 0 0 2070431737 289015 0 202826749
k19 v38 0 0 2070431737 289016 0 3267741788
k4 v76 0 0 2070431728 289017 0 2407069976
k13 v73 0 0 2070431737 289018 0 2447567582
k15 v28 0 0 2070431737 289019 0 3663902136
k16 v92 0 0 2070431729 289020 0 1946920015
k1 v28 0 0 2070431737 289021 0 449536301
k11 v2 0 0 2070431728 289022 0 3777478898
k3 v52 0 0 2070431737 289023 0 4221171232
k4 v73 0 0 2070431723 289024 0 3505641675
k4 v48 0 0 2070431737 289025 0 330689192
k2 v87 0 0 2070431737 289026 0 2663823101
k0 v70 0 0 2070431737 289027 0 3340402152
k13 v65 0 0 2070431737 289028 0 2287815372
k6 v66 0 0 2070431737 289029 0 2947169367
k7 v88 0 0 2070431737 289030 0 787365930
k18 v3 0 0 2070431737 289031 0 3466561135
k9 v36 0 0 2070431737 289032 0 3066024710
k16 v31 0 0 2070431737 289033 0 847961611
k18 v75 0 0 2070431737 289034 0 3433862770
k18 v38 0 0 2070431737 289035 0 1897899301
k7 v64 0 0 2070431737 289036 0 2018367223
k6 v54 0 0 2070431738 289037 0 1478204717
k19 v78 0 0 2070431738 289038 0 2484807595
k9 v74 0 0 2070431738 289039 0 1415342678
k9 v34 0 0 2070431738 289040 0 2452144929
k16 v91 0 0 2070431738 289041 0 501592235
k5 v67 0 0 2070431738 289042 0 2188478969
k17 v12 0 0 2070431738 289043 0 1056668737
k6 v46 0 0 2070431738 289044 0 594357625
k11 v87 0 0 2070431737 289045 0 3454656998
k6 v32 0 0 2070431727 289046 0 4161414165
k18 v36 0 0 2070431737 289047 0 1604229701
k0 v95 0 0 2070431738 289048 0 1701499798
k5 v72 0 0 2070431738 289049 0 3587507123
k11 v3 0 0 2070431738 289050 0 2755828720
k0 v6 0 0 2070431738 289051 0 3943984864
k13 v78 0 0 2070431738 289052 0 2270569308
k0 v64 0 0 2070431738 289053 0 2922304514
k17 v92 0 0 2070431738 289054 0 1435142599
k11 v75 0 0 2070431738 289055 0 2479907039
k8 v15 0 0 2070431738 289056 0 3747667583
k19 v88 0 0 2070431738 289057 0 1528547576
k7 v52 0 0 2070431738 289058 0 3294530129
k2 v95 0 0 2070431738 289059 0 2418367241
k16 v37 0 0 2070431738 289060 0 1114619994
k10 v14 0 0 2070431738 289061 0 4258516950
k1 v59 0 0 2070431738 289062 0 3813619072
k8 v97 0 0 2070431738 289063 0 1332603801
k11 v62 0 0 2070431738 289064 0 4128492234
k11 v31 0 0 2070431738 289065 0 3447861604
k14 v88 0 0 2070431738 289066 0 3687862145
k4 v92 0 0 2070431738 289067 0 7216183
k17 v94 0 0 2070431738 289068 0 2136663367
k7 v62 0 0 2070431738 289069 0 2753398698
k3 v98 0 0 2070431738 289070 0 1866586199
k17 v13 0 0 2070431738 289071 0 1810668508
k8 v59 0 0 2070431738 289072 0 2034759237
k10 v33 0 0 2070431738 289073 0 3416744077
k19 v5 0 0 2070431738 289074 0 4274663759
k15 v76 0 0 2070431738 289075 0 1067538664
k1 v20 0 0 2070431738 289076 0 398127391
k14 v60 0 0 2070431738 289077 0 2367540981
k9 v4 0 0 2070431738 289078 0 1576482187
k16 v76 0 0 2070431738 289079 0 3857788633
k12 v50 0 0 2070431738 289080 0 1607790486
k4 v40 0 0 2070431738 289081 0 1052077668
k9 v35 0 0 2070431738 289082 0 3429065601
k11 v65 0 0 2070431738 289083 0 1384699796
k2 v31 0 0 2070431738 289084 0 2726843717
k9 v14 0 0 2070431738 289085 0 42061693
k15 v57 0 0 2070431738 289086 0 2658367021
k15 v64 0 0 2070431738 289087 0 1407158341
k16 v4 0 0 2070431738 289088 0 3772652152
k0 v92 0 0 2070431738 289089 0 2486156576
k18 v65 0 0 2070431738 289090 0 3819784082
k9 v81 0 0 2070431738 289091 0 4136450745
k8 v7 0 0 2070431738 289092 0 352835841
k11 v61 0 0 2070431738 289093 0 497506042
k12 v84 0 0 2070431738 289094 0 3695584687
k2 v94 0 0 2070431738 289095 0 1357764135
k15 v51 0 0 2070431738 289096 0 462586319
k4 v92 0 0 2070431738 289097 0 187849482
k3 v58 0 0 2070431738 289098 0 2584572568
k13 v94 0 0 2070431738 289099 0 1832989352
k5 v63 0 0 2070431738 289100 0 1092603803
k4 v91 0 0 2070431738 289101 0 1168960940
k8 v61 0 0 2070431738 289102 0 577885172
k19 v17 0 0 2070431738 289103 0 1203196603
k18 v79 0 0 2070431738 289104 0 2084593673
k2 v45 0 0 2070431738 289105 0 708198360
k1 v51 0 0 2070431738 289106 0 2798206433
k15 v66 0 0 2070431738 289107 0 801032212
k10 v58 0 0 2070431738 289108 0 1374639640
k3 v71 0 0 2070431738 289109 0 671347642
k18 v40 0 0 2070431738 289110 0 2588713005
k6 v31 0 0 2070431738 289111 0 1758354553
k19 v16 0 0 2070431738 289112 0 973681291
k6 v45 0 0 2070431738 289113 0 2113033210
k0 v22 0 0 2070431738 289114 0 3355448338
k4 v99 0 0 2070431738 289115 0 3185153069
k1 v76 0 0 2070431738 289116 0 2727079992
k5 v69 0 0 2070431738 289117 0 1485411157
k19 v9 0 0 2070431738 289118 0 1031297151
k10 v57 0 0 2070431738 289119 0 900300111
k2 v81 0 0 2070431738 289120 0 757332327
k18 v32 0 0 2070431738 289121 0 574152673
k11 v20 0 0 2070431738 289122 0 3352023234
k6 v29 0 0 2070431738 289123 0 1522521486
k1 v26 0 0 2070431738 289124 0 534293446
k11 v93 0 0 2070431738 289125 0 2043641946
k15 v8 0 0 2070431738 289126 0 557336046
k10 v62 0 0 2070431738 289127 0 4193827940
k3 v0 0 0 2070431738 289128 0 981374172
k13 v47 0 0 2070431738 289129 0 3738204597
k4 v66 0 0 2070431738 289130 0 4087368457
k10 v65 0 0 2070431738 289131 0 1327814470
k5 v86 0 0 2070431738 289132 0 2301284335
k17 v44 0 0 2070431738 289133 0 2315786065
k6 v14 0 0 2070431738 289134 0 3648236848
k11 v76 0 0 2070431738 289135 0 2152216258
k6 v28 0 0 2070431738 289136 0 1131245754
k0 v53 0 0 2070431738 289137 0 3962121889
k18 v56 0 0 2070431738 289138 0 1256775680
k5 v58 0 0 2070431738 289139 0 3690451728
k16 v22 0 0 2070431738 289140 0 1292312784
k1 v62 0 0 2070431738 289141 0 976669907
k5 v36 0 0 2070431738 289142 0 3532215039
k14 v74 0 0 2070431738 289143 0 2193406474
k18 v71 0 0 2070431738 289144 0 3868335719
k18 v58 0 0 2070431738 289145 0 3824272303
k17 v98 0 0 2070431738 289146 0 2312586793
k7 v0 0 0 2070431738 289147 0 3855247265
k10 v95 0 0 2070431737 289148 0 245163784
k4 v53 0 0 2070431737 289149 0 2929305237
k10 v40 0 0 2070431738 289150 0 2650557399
k12 v68 0 0 2070431737 289151 0 3377359900
k10 v86 0 0 2070431738 289152 0 484620621
k16 v31 0 0 2070431738 289153 0 1469831024
k9 v77 0 0 2070431737 289154 0 726290602
k3 v87 0 0 2070431738 289155 0 1246456998
k0 v94 0 0 2070431738 289156 0 670091276
k13 v17 0 0 2070431738 289157 0 3359622555
k8 v43 0 0 2070431738 289158 0 4032794212
k13 v0 0 0 2070431738 289159 0 1288029078
k1 v2 0 0 2070431738 289160 0 288360708
k10 v27 0 0 2070431738 289161 0 2446878618
k11 v29 0 0 2070431739 289162 0 4107572596
k13 v68 0 0 2070431738 289163 0 3144501439
k7 v60 0 0 2070431739 289164 0 2943084688
k18 v56 0 0 2070431738 289165 0 4186791078
k2 v68 0 0 2070431739 289166 0 2611550183
k15 v28 0 0 2070431737 289167 0 4178766294
k12 v19 0 0 2070431737 289168 0 374002706
k7 v4 0 0 2070431729 289169 0 3992019397
k13 v67 0 0 2070431737 289170 0 876417990
k7 v30 0 0 2070431738 289171 0 2455236953
k9 v62 0 0 2070431739 289172 0 3746456305
k19 v81 0 0 2070431739 289173 0 2958644125
k5 v11 0 0 2070431739 289174 0 1337977936
k18 v57 0 0 2070431739 289175 0 1367477577
k13 v49 0 0 2070431739 289176 0 2329013352
k4 v41 0 0 2070431739 289177 0 1925370466
k8 v48 0 0 2070431739 289178 0 218350060
k11 v51 0 0 2070431739 289179 0 3806230114
k18 v54 0 0 2070431739 289180 0 2281763835
k16 v18 0 0 2070431739 289181 0 3181890230
k1 v96 0 0 2070431739 289182 0 3595764381
k1 v40 0 0 2070431739 289183 0 3820626010
k9 v91 0 0 2070431739 289184 0 1643397294
k2 v17 0 0 2070431739 289185 0 2942476119
k8 v14 0 0 2070431739 289186 0 3335066001
k15 v11 0 0 2070431739 289187 0 1705294329
k14 v13 0 0 2070431739 289188 0 3011590510
k9 v17 0 0 2070431739 289189 0 1972087360
k0 v7 0 0 2070431739 289190 0 3932486264
k17 v19 0 0 2070431739 289191 0 1114730771
k16 v22 0 0 2070431739 289192 0 3141783967
k9 v30 0 0 2070431739 289193 0 2334560019
k3 v7 0 0 2070431739 289194 0 3077607996
k15 v10 0 0 2070431739 289195 0 859277834
k1 v90 0 0 2070431739 289196 0 937308283
k3 v70 0 0 2070431739 289197 0 278716003
k2 v42 0 0 2070431739 289198 0 3181894679
k14 v9 0 0 2070431739 289199 0 336652760
k16 v9 0 0 2070431739 289200 0 4142272368
k2 v70 0 0 2070431739 289201 0 3234924368
k6 v85 0 0 2070431739 289202 0 2352982577
k4 v55 0 0 2070431739 289203 0 3496199882
k13 v1 0 0 2070431739 289204 0 1155066630
k17 v42 0 0 2070431739 289205 0 2217229355
k1 v0 0 0 2070431739 289206 0 1463159756
k3 v44 0 0 2070431739 289207 0 940254136
k10 v62 0 0 2070431739 289208 0 2751191989
k2 v4 0 0 2070431739 289209 0 2805682458
k5 v94 0 0 2070431739 289210 0 865280865
k6 v70 0 0 2070431739 289211 0 3243232500
k0 v89 0 0 2070431739 289212 0 3003223959
k5 v40 0 0 2070431739 289213 0 4269938088
k9 v39 0 0 2070431739 289214 0 545065590
k14 v24 0 0 2070431739 289215 0 2165438258
k4 v40 0 0 2070431739 289216 0 411437881
k16 v58 0 0 2070431739 289217 0 3831561706
k8 v23 0 0 2070431739 289218 0 3748957198
k10 v3 0 0 2070431739 289219 0 50472112
k13 v48 0 0 2070431739 289220 0 2912034221
k7 v88 0 0 2070431739 289221 0 2310324709
k7 v3 0 0 2070431739 289222 0 3984985580
k10 v51 0 0 2070431739 289223 0 2537298233
k5 v14 0 0 2070431739 289224 0 1883984202
k2 v85 0 0 2070431739 289225 0 3232123147
k19 v72 0 0 2070431739 289226 0 988547129
k6 v82 0 0 2070431739 289227 0 327691401
k17 v10 0 0 2070431739 289228 0 1978623905
k5 v37 0 0 2070431739 289229 0 2391303088
k14 v66 0 0 2070431739 289230 0 668312878
k8 v48 0 0 2070431739 289231 0 3380444567
k16 v10 0 0 2070431739 289232 0 363925448
k11 v53 0 0 2070431739 289233 0 3343118166
k11 v61 0 0 2070431739 289234 0 970100222
k9 v21 0 0 2070431739 289235 0 954448501
k6 v21 0 0 2070431739 289236 0 1708012094
k12 v91 0 0 2070431739 289237 0 672098350
k8 v5 0 0 2070431739 289238 0 1309805252
k6 v84 0 0 2070431739 289239 0 149616357
k11 v42 0 0 2070431739 289240 0 328995528
k3 v95 0 0 2070431739 289241 0 2767100407
k15 v56 0 0 2070431739 289242 0 4039227678
k17 v43 0 0 2070431739 289243 0 2954627127
k9 v54 0 0 2070431739 289244 0 1725615094
k4 v34 0 0 2070431739 289245 0 308999952
k8 v65 0 0 2070431739 289246 0 3521575429
k16 v38 0 0 2070431739 289247 0 345389767
k1 v54 0 0 2070431739 289248 0 3403073500
k8 v8 0 0 2070431739 289249 0 3826723757
k2 v88 0 0 2070431739 289250 0 248491366
k13 v64 0 0 2070431739 289251 0 2251556607
k10 v40 0 0 2070431739 289252 0 1909818917
k10 v0 0 0 2070431739 289253 0 1364011308
k17 v51 0 0 2070431739 289254 0 2878013909
k15 v26 0 0 2070431739 289255 0 3617964982
k19 v16 0 0 2070431739 289256 0 2272522275
k16 v44 0 0 2070431739 289257 0 2944789315
k3 v57 0 0 2070431739 289258 0 2301309896
k0 v29 0 0 2070431739 289259 0 2529883787
k2 v48 0 0 2070431739 289260 0 998383346
k17 v58 0 0 2070431739 289261 0 738633277
k14 v76 0 0 2070431739 289262 0 2364704473
k4 v81 0 0 2070431739 289263 0 852680562
k8 v66 0 0 2070431739 289264 0 1341980963
k3 v26 0 0 2070431739 289265 0 843271874
k13 v49 0 0 2070431739 289266 0 2577803697
k10 v49 0 0 2070431739 289267 0 4132970957
k10 v40 0 0 2070431739 289268 0 2306658550
k0 v41 0 0 2070431739 289269 0 4285176742
k8 v52 0 0 2070431739 289270 0 530630570
k5 v5 0 0 2070431739 289271 0 1779681425
k0 v80 0 0 2070431739 289272 0 1328553681
k13 v63 0 0 2070431739 289273 0 1455560320
k1 v90 0 0 2070431739 289274 0 499372061
k4 v98 0 0 2070431739 289275 0 36469929
k18 v88 0 0 2070431739 289276 0 3159625494
k12 v4 0 0 2070431739 289277 0 1444420255
k8 v83 0 0 2070431739 289278 0 449837239
k0 v64 0 0 2070431739 289279 0 837165299
k16 v77 0 0 2070431739 289280 0 1017848318
k17 v75 0 0 2070431739 289281 0 1947045095
k9 v53 0 0 2070431739 289282 0 3638440839
k4 v32 0 0 2070431739 289283 0 3372823591
k15 v78 0 0 2070431739 289284 0 1388162534
k14 v66 0 0 2070431740 289285 0 769247336
k17 v35 0 0 2070431739 289286 0 699735707
k5 v26 0 0 2070431740 289287 0 2618230226
k7 v19 0 0 2070431740 289288 0 4051712054
k17 v41 0 0 2070431740 289289 0 4060682679
k19 v67 0 0 2070431739 289290 0 3568505823
k11 v73 0 0 2070431740 289291 0 1728610205
k9 v93 0 0 2070431740 289292 0 2503549599
k8 v62 0 0 2070431740 289293 0 1042500962
k9 v95 0 0 2070431739 289294 0 1013870126
k12 v5 0 0 2070431740 289295 0 1895372979
k4 v41 0 0 2070431740 289296 0 148641573
k12 v2 0 0 2070431740 289297 0 2743852194
k14 v68 0 0 2070431740 289298 0 2152568693
k16 v62 0 0 2070431740 289299 0 601216483
k14 v54 0 0 2070431740 289300 0 1473379999
k10 v57 0 0 2070431740 289301 0 3779011463
k7 v58 0 0 2070431740 289302 0 3395213724
k18 v29 0 0 2070431740 289303 0 2746208028
k3 v11 0 0 2070431739 289304 0 221462564
k9 v64 0 0 2070431740 289305 0 3225731343
k11 v5 0 0 2070431740 289306 0 3586243290
k13 v15 0 0 2070431740 289307 0 431476491
k7 v92 0 0 2070431740 289308 0 1353686245
k18 v43 0 0 2070431740 289309 0 4167598702
k7 v63 0 0 2070431740 289310 0 2965817522
k2 v48 0 0 2070431740 289311 0 3829672113
k10 v74 0 0 2070431740 289312 0 2159892164
k0 v53 0 0 2070431740 289313 0 2521596220
k12 v10 0 0 2070431740 289314 0 2208418868
k16 v52 0 0 2070431740 289315 0 1121005265
k5 v9 0 0 2070431740 289316 0 830148232
k3 v34 0 0 2070431740 289317 0 2478628432
k10 v81 0 0 2070431740 289318 0 500031871
k16 v48 0 0 2070431740 289319 0 648757885
k3 v50 0 0 2070431740 289320 0 1718294609
k12 v29 0 0 2070431740 289321 0 2134042943
k10 v48 0 0 2070431740 289322 0 718493589
k2 v56 0 0 2070431740 289323 0 1377189011
k11 v15 0 0 2070431740 289324 0 3699940175
k12 v38 0 0 2070431740 289325 0 3789788387
k14 v77 0 0 2070431740 289326 0 1231208896
k5 v87 0 0 2070431740 289327 0 2373309484
k8 v12 0 0 2070431740 289328 0 14260853
k11 v52 0 0 2070431740 289329 0 2593867562
k16 v34 0 0 2070431740 289330 0 1312593641
k18 v26 0 0 2070431740 289331 0 4013974502
k5 v27 0 0 2070431739 289332 0 1272460471
k11 v17 0 0 2070431740 289333 0 1489310003
k1 v69 0 0 2070431740 289334 0 1844513692
k5 v85 0 0 2070431740 289335 0 1951377941
k16 v92 0 0 2070431740 289336 0 1567859889
k17 v48 0 0 2070431740 289337 0 551506249
k8 v74 0 0 2070431740 289338 0 1929734225
k2 v86 0 0 2070431740 289339 0 32125053
k1 v71 0 0 2070431740 289340 0 248745265
k7 v65 0 0 2070431740 289341 0 724936397
k2 v71 0 0 2070431740 289342 0 1241568910
k4 v83 0 0 2070431740 289343 0 940207127
k10 v57 0 0 2070431740 289344 0 2604760862
k10 v99 0 0 2070431740 289345 0 2896759029
k5 v13 0 0 2070431740 289346 0 1680275566
k19 v71 0 0 2070431740 289347 0 1262557575
k1 v16 0 0 2070431740 289348 0 3514016876
k1 v77 0 0 2070431740 289349 0 1530047405
k14 v17 0 0 2070431740 289350 0 3964302597
k2 v56 0 0 2070431740 289351 0 1701791892
k18 v31 0 0 2070431740 289352 0 3195955610
k6 v49 0 0 2070431740 289353 0 3024123962
k17 v62 0 0 2070431740 289354 0 3165577083
k4 v44 0 0 2070431740 289355 0 3118271224
k15 v80 0 0 2070431740 289356 0 2047808556
k12 v55 0 0 2070431740 289357 0 2532762511
k17 v23 0 0 2070431740 289358 0 1736814474
k8 v81 0 0 2070431740 289359 0 151812755
k5 v71 0 0 2070431740 289360 0 218888396
k1 v62 0 0 2070431740 289361 0 608151114
k8 v21 0 0 2070431740 289362 0 696784138
k17 v66 0 0 2070431740 289363 0 3208912060
k3 v61 0 0 2070431740 289364 0 460835884
k2 v45 0 0 2070431740 289365 0 859241885
k18 v95 0 0 2070431740 289366 0 1469051285
k17 v66 0 0 2070431740 289367 0 3676887480
k6 v26 0 0 2070431740 289368 0 3746589263
k0 v21 0 0 2070431740 289369 0 3401945063
k15 v59 0 0 2070431740 289370 0 2143028323
k0 v40 0 0 2070431740 289371 0 2424590680
k3 v64 0 0 2070431740 289372 0 1734726018
k15 v90 0 0 2070431740 289373 0 2603005849
k14 v46 0 0 2070431740 289374 0 1676072972
k1 v12 0 0 2070431740 289375 0 678858529
k1 v80 0 0 2070431740 289376 0 1941774470
k15 v42 0 0 2070431740 289377 0 2639628866
k16 v18 0 0 2070431740 289378 0 3055454379
k11 v72 0 0 2070431740 289379 0 2022999228
k13 v69 0 0 2070431740 289380 0 3795104711
k2 v97 0 0 2070431740 289381 0 1071377740
k18 v7 0 0 2070431740 289382 0 3675986474
k6 v46 0 0 2070431731 289383 0 1758262815
k12 v95 0 0 2070431740 289384 0 2181574354
k1 v12 0 0 2070431740 289385 0 590006300
k7 v35 0 0 2070431740 289386 0 3763162699
k0 v58 0 0 2070431740 289387 0 3481527503
k8 v73 0 0 2070431729 289388 0 4064363394
k19 v61 0 0 2070431740 289389 0 1124224755
k0 v79 0 0 2070431740 289390 0 10691076
k12 v14 0 0 2070431740 289391 0 3190325904
k13 v7 0 0 2070431740 289392 0 1524824925
k14 v4 0 0 2070431730 289393 0 3991458911
k13 v40 0 0 2070431740 289394 0 2615341181
k16 v18 0 0 2070431740 289395 0 154065900
k4 v52 0 0 2070431741 289396 0 1287241354
k16 v69 0 0 2070431740 289397 0 932709488
k6 v85 0 0 2070431741 289398 0 1983473709
k1 v76 0 0 2070431741 289399 0 4196860710
k4 v67 0 0 2070431737 289400 0 2055154824
k10 v22 0 0 2070431739 289401 0 1168849819
k11 v75 0 0 2070431741 289402 0 773248326
k5 v15 0 0 2070431741 289403 0 3406168325
k12 v36 0 0 2070431741 289404 0 3019440780
k12 v28 0 0 2070431739 289405 0 2604961096
k19 v24 0 0 2070431741 289406 0 2726817543
k0 v59 0 0 2070431741 289407 0 4119508502
k14 v11 0 0 2070431740 289408 0 1001166986
k1 v64 0 0 2070431729 289409 0 2647299901
k0 v93 0 0 2070431737 289410 0 2031715163
k17 v7 0 0 2070431741 289411 0 1912623617
k14 v3 0 0 2070431741 289412 0 783828955
k16 v46 0 0 2070431741 289413 0 2495732151
k2 v94 0 0 2070431741 289414 0 3014219627
k0 v75 0 0 2070431741 289415 0 4052517429
k17 v70 0 0 2070431741 289416 0 2381895696
k3 v60 0 0 2070431741 289417 0 17795595
k18 v68 0 0 2070431741 289418 0 1736080186
k12 v47 0 0 2070431741 289419 0 185969640
k7 v99 0 0 2070431741 289420 0 4177355228
k10 v27 0 0 2070431740 289421 0 378226952
k14 v11 0 0 2070431741 289422 0 242066672
k4 v20 0 0 2070431741 289423 0 56978755
k16 v59 0 0 2070431741 289424 0 981664406
k18 v78 0 0 2070431740 289425 0 2212640814
k6 v67 0 0 2070431741 289426 0 1614407879
k16 v65 0 0 2070431741 289427 0 3112627805
k4 v44 0 0 2070431741 289428 0 1480677911
k17 v59 0 0 2070431741 289429 0 341743119
k12 v44 0 0 2070431741 289430 0 1996130565
k7 v69 0 0 2070431741 289431 0 2888938884
k6 v8 0 0 2070431741 289432 0 1542566339
k7 v21 0 0 2070431741 289433 0 287638799
k14 v81 0 0 2070431741 289434 0 3822969769
k15 v60 0 0 2070431741 289435 0 3609006026
k5 v17 0 0 2070431741 289436 0 2130263445
k17 v16 0 0 2070431741 289437 0 3849954604
k1 v23 0 0 2070431741 289438 0 3587561522
k11 v13 0 0 2070431741 289439 0 3183094471
k12 v94 0 0 2070431741 289440 0 3680768467
k17 v41 0 0 2070431741 289441 0 3658167705
k2 v97 0 0 2070431728 289442 0 549723501
k6 v71 0 0 2070431741 289443 0 37387899
k0 v36 0 0 2070431741 289444 0 1393309934
k8 v76 0 0 2070431741 289445 0 1482116658
k7 v37 0 0 2070431741 289446 0 1927608708
k3 v95 0 0 2070431741 289447 0 1616582609
k15 v80 0 0 2070431741 289448 0 3023268786
k6 v74 0 0 2070431741 289449 0 3546236654
k5 v82 0 0 2070431741 289450 0 3180117078
k14 v81 0 0 2070431741 289451 0 2586274654
k16 v14 0 0 2070431741 289452 0 3443437955
k18 v33 0 0 2070431741 289453 0 1020663408
k6 v87 0 0 2070431741 289454 0 2224001136
k2 v10 0 0 2070431741 289455 0 3332648153
k10 v24 0 0 2070431741 289456 0 1065780254
k6 v78 0 0 2070431741 289457 0 2670214332
k17 v71 0 0 2070431740 289458 0 3183437466
k14 v29 0 0 2070431741 289459 0 236142575
k13 v74 0 0 2070431741 289460 0 2421957593
k4 v88 0 0 2070431741 289461 0 1790409124
k11 v51 0 0 2070431741 289462 0 2159166416
k10 v35 0 0 2070431741 289463 0 3121247962
k17 v62 0 0 2070431741 289464 0 4019542277
k14 v42 0 0 2070431741 289465 0 1689210884
k10 v69 0 0 2070431741 289466 0 2573744209
k10 v82 0 0 2070431741 289467 0 1640931032
k8 v87 0 0 2070431741 289468 0 3339669625
k10 v61 0 0 2070431741 289469 0 2200695340
k1 v70 0 0 2070431741 289470 0 948908041
k10 v24 0 0 2070431741 289471 0 1933821623
k3 v8 0 0 2070431741 289472 0 393342687
k0 v76 0 0 2070431741 289473 0 217191627
k16 v12 0 0 2070431741 289474 0 482566078
k3 v67 0 0 2070431741 289475 0 3606065832
k17 v6 0 0 2070431741 289476 0 1554744114
k19 v7 0 0 2070431741 289477 0 3949327797
k2 v63 0 0 2070431741 289478 0 3066056040
k0 v85 0 0 2070431741 289479 0 362888869
k4 v37 0 0 2070431729 289480 0 4223597668
k7 v77 0 0 2070431741 289481 0 642159260
k19 v14 0 0 2070431741 289482 0 3018258776
k18 v78 0 0 2070431741 289483 0 344267488
k9 v53 0 0 2070431742 289484 0 2464463426
k0 v91 0 0 2070431737 289485 0 3245423133
k8 v94 0 0 2070431742 289486 0 3991837002
k18 v37 0 0 2070431741 289487 0 512732030
k13 v80 0 0 2070431741 289488 0 1357111468
k7 v85 0 0 2070431742 289489 0 3872122581
k2 v95 0 0 2070431742 289490 0 842989426
k0 v51 0 0 2070431741 289491 0 836435117
k13 v86 0 0 2070431742 289492 0 2707617831
k7 v72 0 0 2070431742 289493 0 2964803029
k11 v86 0 0 2070431741 289494 0 2485226411
k4 v15 0 0 2070431742 289495 0 2272358459
k8 v38 0 0 2070431741 289496 0 1889780094
k18 v68 0 0 2070431742 289497 0 1618882990
k10 v5 0 0 2070431742 289498 0 2353657823
k17 v81 0 0 2070431742 289499 0 2744002284
k18 v42 0 0 2070431742 289500 0 730028736
k16 v51 0 0 2070431742 289501 0 4019754121
k14 v66 0 0 2070431741 289502 0 1039546160
k12 v79 0 0 2070431737 289503 0 2288837626
k1 v70 0 0 2070431742 289504 0 1872724750
k1 v21 0 0 2070431742 289505 0 2663386668
k16 v96 0 0 2070431742 289506 0 1989585168
k15 v14 0 0 2070431742 289507 0 4132757142
k3 v78 0 0 2070431742 289508 0 3009923417
k0 v66 0 0 2070431742 289509 0 1522207196
k2 v95 0 0 2070431742 289510 0 2224146863
k6 v52 0 0 2070431731 289511 0 2708969481
k13 v73 0 0 2070431742 289512 0 1884459467
k10 v32 0 0 2070431742 289513 0 1748149834
k2 v10 0 0 2070431742 289514 0 4001748418
k17 v66 0 0 2070431742 289515 0 2334127390
k10 v13 0 0 2070431742 289516 0 2498127924
k0 v7 0 0 2070431742 289517 0 492821455
k8 v74 0 0 2070431742 289518 0 399500446
k5 v77 0 0 2070431742 289519 0 988516468
k17 v86 0 0 2070431742 289520 0 669103026
k19 v47 0 0 2070431742 289521 0 2179302692
k11 v18 0 0 2070431742 289522 0 1540186821
k11 v80 0 0 2070431742 289523 0 1696927710
k3 v15 0 0 2070431729 289524 0 1917465740
k12 v28 0 0 2070431742 289525 0 427249628
k12 v60 0 0 2070431742 289526 0 3178810902
k3 v1 0 0 2070431742 289527 0 2722256131
k13 v63 0 0 2070431742 289528 0 388056198
k11 v48 0 0 2070431742 289529 0 890911787
k1 v64 0 0 2070431742 289530 0 3632435348
k5 v52 0 0 2070431742 289531 0 1056448368
k3 v89 0 0 2070431742 289532 0 1656499170
k7 v99 0 0 2070431742 289533 0 3827382446
k0 v81 0 0 2070431742 289534 0 3755500523
k19 v8 0 0 2070431742 289535 0 2499161932
k4 v4 0 0 2070431742 289536 0 4106805290
k3 v77 0 0 2070431742 289537 0 1244011502
k16 v41 0 0 2070431742 289538 0 2747666951
k5 v82 0 0 2070431742 289539 0 1592793899
k4 v26 0 0 2070431742 289540 0 2664808289
k12 v44 0 0 2070431742 289541 0 1553845831
k7 v10 0 0 2070431742 289542 0 624688104
k1 v92 0 0 2070431742 289543 0 1054263081
k14 v61 0 0 2070431742 289544 0 57579802
k16 v98 0 0 2070431742 289545 0 1128929640
k4 v11 0 0 2070431742 289546 0 1389706391
k0 v37 0 0 2070431742 289547 0 729100525
k17 v48 0 0 2070431742 289548 0 3309700002
k12 v76 0 0 2070431741 289549 0 2870720451
k1 v65 0 0 2070431742 289550 0 3110655840
k13 v97 0 0 2070431742 289551 0 3243543869
k5 v93 0 0 2070431742 289552 0 1127483018
k10 v97 0 0 2070431742 289553 0 2240272002
k18 v37 0 0 2070431742 289554 0 189336424
k16 v32 0 0 2070431742 289555 0 3568032618
k6 v95 0 0 2070431742 289556 0 3583928166
k15 v60 0 0 2070431742 289557 0 3616895356
k10 v22 0 0 2070431742 289558 0 320165059
k14 v79 0 0 2070431742 289559 0 3036928076
k11 v33 0 0 2070431742 289560 0 3091477150
k12 v27 0 0 2070431742 289561 0 109924901
k14 v92 0 0 2070431742 289562 0 3037472790
k9 v31 0 0 2070431742 289563 0 1400116640
k10 v75 0 0 2070431742 289564 0 3514926112
k7 v91 0 0 2070431742 289565 0 694913905
k14 v51 0 0 2070431742 289566 0 1237495061
k7 v24 0 0 2070431742 289567 0 1849406073
k17 v91 0 0 2070431742 289568 0 2528097387
k17 v9 0 0 2070431742 289569 0 2422072685
k12 v32 0 0 2070431742 289570 0 2852412114
k6 v99 0 0 2070431742 289571 0 1248663588
k9 v59 0 0 2070431742 289572 0 541826466
k8 v34 0 0 2070431743 289573 0 786777538
k13 v57 0 0 2070431743 289574 0 1141284933
k5 v90 0 0 2070431743 289575 0 1827801463
k15 v63 0 0 2070431742 289576 0 1654905241
k0 v6 0 0 2070431742 289577 0 2092276795
k9 v64 0 0 2070431743 289578 0 3678532088
k14 v2 0 0 2070431743 289579 0 1447016956
k19 v88 0 0 2070431743 289580 0 307711169
k2 v18 0 0 2070431743 289581 0 3444755492
k14 v70 0 0 2070431743 289582 0 1782153150
k1 v58 0 0 2070431743 289583 0 2608370464
k1 v33 0 0 2070431743 289584 0 276208473
k4 v76 0 0 2070431743 289585 0 2872129019
k6 v90 0 0 2070431743 289586 0 979772596
k13 v91 0 0 2070431743 289587 0 3613336739
k10 v62 0 0 2070431743 289588 0 3315516341
k1 v46 0 0 2070431743 289589 0 3887444819
k3 v28 0 0 2070431743 289590 0 904331109
k18 v22 0 0 2070431743 289591 0 132011350
k9 v17 0 0 2070431743 289592 0 3984523242
k15 v94 0 0 2070431743 289593 0 1957767669
k15 v85 0 0 2070431743 289594 0 3243050986
k9 v70 0 0 2070431743 289595 0 3041315448
k13 v84 0 0 2070431743 289596 0 2077633620
k8 v90 0 0 2070431743 289597 0 3486273182
k4 v39 0 0 2070431743 289598 0 1899713819
k19 v88 0 0 2070431743 289599 0 3260521919
k9 v67 0 0 2070431743 289600 0 2882244433
k10 v29 0 0 2070431743 289601 0 678500713
k8 v17 0 0 2070431743 289602 0 1802076511
k11 v92 0 0 2070431743 289603 0 3987374546
k11 v74 0 0 2070431743 289604 0 4110911088
k5 v54 0 0 2070431742 289605 0 3460584982
k16 v34 0 0 2070431743 289606 0 2742122727
k8 v12 0 0 2070431743 289607 0 1033151749
k16 v68 0 0 2070431743 289608 0 1676144551
k1 v5 0 0 2070431743 289609 0 2179408202
k14 v34 0 0 2070431743 289610 0 427779775
k11 v66 0 0 2070431743 289611 0 3701927184
k2 v69 0 0 2070431743 289612 0 4154177176
k19 v95 0 0 2070431743 289613 0 227872336
k3 v9 0 0 2070431743 289614 0 3371024731
k5 v5 0 0 2070431743 289615 0 1882298225
k6 v6 0 0 2070431743 289616 0 3452773432
k2 v29 0 0 2070431743 289617 0 2551531110
k18 v39 0 0 2070431743 289618 0 1729235119
k2 v75 0 0 2070431743 289619 0 1485033766
k19 v38 0 0 2070431743 289620 0 1402596716
k4 v36 0 0 2070431743 289621 0 3263618684
k9 v74 0 0 2070431743 289622 0 2852845545
k17 v69 0 0 2070431743 289623 0 2105750416
k1 v85 0 0 2070431743 289624 0 3583747873
k1 v31 0 0 2070431743 289625 0 3699504812
k18 v60 0 0 2070431743 289626 0 2387145129
k16 v79 0 0 2070431743 289627 0 491167710
k7 v63 0 0 2070431743 289628 0 3272084274
k3 v97 0 0 2070431743 289629 0 3635937175
k9 v7 0 0 2070431743 289630 0 569275606
k14 v14 0 0 2070431743 289631 0 3877929709
k2 v35 0 0 2070431743 289632 0 2852837432
k16 v68 0 0 2070431743 289633 0 2186643509
k9 v32 0 0 2070431743 289634 0 1799922486
k15 v95 0 0 2070431743 289635 0 1487838989
k8 v75 0 0 2070431743 289636 0 833653064
k3 v42 0 0 2070431743 289637 0 3299731042
k17 v99 0 0 2070431743 289638 0 3550482242
k5 v29 0 0 2070431743 289639 0 1940596520
k2 v88 0 0 2070431743 289640 0 1976443143
k11 v25 0 0 2070431743 289641 0 1732077194
k3 v82 0 0 2070431743 289642 0 2342390127
k12 v19 0 0 2070431743 289643 0 2345042493
k6 v4 0 0 2070431743 289644 0 872346333
k11 v32 0 0 2070431743 289645 0 2110752387
k7 v18 0 0 2070431743 289646 0 43206446
k16 v20 0 0 2070431743 289647 0 1817479613
k3 v97 0 0 2070431743 289648 0 3307319908
k8 v98 0 0 2070431743 289649 0 3606677791
k7 v38 0 0 2070431743 289650 0 2983168994
k16 v75 0 0 2070431743 289651 0 2640646966
k15 v55 0 0 2070431743 289652 0 610891957
k3 v38 0 0 2070431743 289653 0 2596174258
k11 v13 0 0 2070431743 289654 0 3837126606
k8 v77 0 0 2070431743 289655 0 3571372213
k17 v81 0 0 2070431743 289656 0 1269762898
k2 v38 0 0 2070431743 289657 0 1705072226
k14 v6 0 0 2070431743 289658 0 284694628
k11 v22 0 0 2070431740 289659 0 3253544901
k5 v84 0 0 2070431743 289660 0 3552923692
k3 v97 0 0 2070431742 289661 0 3687701981
k7 v9 0 0 2070431743 289662 0 3344556888
k14 v46 0 0 2070431743 289663 0 2486489901
k15 v47 0 0 2070431743 289664 0 627151992
k2 v69 0 0 2070431743 289665 0 3180672730
k5 v29 0 0 2070431743 289666 0 4076402956
k4 v44 0 0 2070431743 289667 0 821830130
k12 v99 0 0 2070431743 289668 0 1313113838
k1 v73 0 0 2070431743 289669 0 2936693579
k5 v53 0 0 2070431743 289670 0 2610041563
k10 v88 0 0 2070431743 289671 0 2305768609
k7 v10 0 0 2070431743 289672 0 4184009409
k18 v62 0 0 2070431743 289673 0 1060811147
k12 v11 0 0 2070431744 289674 0 1373598984
k12 v77 0 0 2070431744 289675 0 987421786
k12 v93 0 0 2070431744 289676 0 2362796144
k5 v55 0 0 2070431744 289677 0 1513427152
k19 v27 0 0 2070431744 289678 0 1946902313
k3 v36 0 0 2070431743 289679 0 2049773105
k18 v22 0 0 2070431743 289680 0 229810638
k16 v4 0 0 2070431744 289681 0 666469995
k15 v44 0 0 2070431744 289682 0 3704183335
k2 v46 0 0 2070431744 289683 0 1942995987
k15 v48 0 0 2070431744 289684 0 1504034890
k3 v62 0 0 2070431743 289685 0 503999100
k19 v73 0 0 2070431744 289686 0 572152294
k3 v0 0 0 2070431744 289687 0 510152186
k18 v34 0 0 2070431744 289688 0 3562486932
k3 v80 0 0 2070431744 289689 0 2709214805
k5 v98 0 0 2070431744 289690 0 2662375549
k14 v63 0 0 2070431744 289691 0 1758801641
k0 v26 0 0 2070431744 289692 0 1891453258
k2 v92 0 0 2070431744 289693 0 2486291246
k11 v76 0 0 2070431744 289694 0 987611754
k17 v4 0 0 2070431744 289695 0 1430211992
k12 v4 0 0 2070431744 289696 0 899410331
k2 v14 0 0 2070431744 289697 0 1368169097
k11 v73 0 0 2070431744 289698 0 3185728889
k9 v97 0 0 2070431744 289699 0 856197536
k9 v66 0 0 2070431744 289700 0 2094389867
k13 v41 0 0 2070431744 289701 0 2265685340
k7 v22 0 0 2070431744 289702 0 4286867031
k18 v75 0 0 2070431744 289703 0 4136823935
k1 v98 0 0 2070431744 289704 0 1307416576
k16 v91 0 0 2070431744 289705 0 3499728204
k9 v28 0 0 2070431744 289706 0 562967089
k10 v18 0 0 2070431742 289707 0 340025521
k0 v71 0 0 2070431744 289708 0 1364778140
k2 v35 0 0 2070431744 289709 0 4190228950
k5 v61 0 0 2070431744 289710 0 2629235834
k1 v93 0 0 2070431744 289711 0 53124362
k1 v30 0 0 2070431744 289712 0 1184402184
k14 v91 0 0 2070431744 289713 0 1788314388
k7 v30 0 0 2070431744 289714 0 4245184244
k9 v23 0 0 2070431744 289715 0 957583549
k9 v9 0 0 2070431744 289716 0 3752927781
k15 v21 0 0 2070431744 289717 0 3412338513
k0 v75 0 0 2070431744 289718 0 511139314
k8 v4 0 0 2070431744 289719 0 4182793351
k8 v76 0 0 2070431744 289720 0 2079876943
k1 v30 0 0 2070431744 289721 0 1878222482
k13 v71 0 0 2070431744 289722 0 3569129490
k5 v82 0 0 2070431744 289723 0 3384498330
k16 v8 0 0 2070431744 289724 0 1020505462
k9 v82 0 0 2070431744 289725 0 2667847081
k1 v21 0 0 2070431744 289726 0 3658434701
k11 v64 0 0 2070431744 289727 0 4027444287
k1 v90 0 0 2070431744 289728 0 2131219920
k14 v45 0 0 2070431744 289729 0 1946333389
k14 v97 0 0 2070431744 289730 0 3323828588
k12 v90 0 0 2070431744 289731 0 3548937412
k16 v6 0 0 2070431744 289732 0 1924344736
k2 v97 0 0 2070431744 289733 0 177273218
k14 v33 0 0 2070431744 289734 0 766164794
k17 v70 0 0 2070431744 289735 0 4278517303
k19 v36 0 0 2070431744 289736 0 2944402886
k13 v75 0 0 2070431744 289737 0 3873762617
k1 v77 0 0 2070431744 289738 0 1280185796
k17 v69 0 0 2070431744 289739 0 886562641
k5 v7 0 0 2070431744 289740 0 1933228335
k15 v36 0 0 2070431744 289741 0 3849021233
k17 v42 0 0 2070431744 289742 0 81431066
k3 v42 0 0 2070431744 289743 0 402086815
k6 v22 0 0 2070431744 289744 0 899974105
k9 v5 0 0 2070431744 289745 0 560041702
k7 v77 0 0 2070431744 289746 0 977820853
k13 v2 0 0 2070431744 289747 0 267376121
k2 v42 0 0 2070431744 289748 0 1869637760
k8 v87 0 0 2070431744 289749 0 2277840092
k18 v81 0 0 2070431744 289750 0 3649837344
k0 v43 0 0 2070431744 289751 0 931221841
k14 v44 0 0 2070431744 289752 0 4158538949
k8 v53 0 0 2070431744 289753 0 2597647211
k10 v57 0 0 2070431744 289754 0 2443938948
k9 v93 0 0 2070431744 289755 0 1626780660
k11 v50 0 0 2070431744 289756 0 3651838529
k3 v30 0 0 2070431744 289757 0 3513779320
k0 v56 0 0 2070431744 289758 0 1377024409
k3 v77 0 0 2070431744 289759 0 3159264222
k8 v52 0 0 2070431744 289760 0 3604489655
k17 v33 0 0 2070431744 289761 0 552841385
k17 v72 0 0 2070431744 289762 0 2084625559
k15 v14 0 0 2070431744 289763 0 4208174636
k3 v60 0 0 2070431744 289764 0 1966632647
k13 v2 0 0 2070431744 289765 0 1046307605
k13 v35 0 0 2070431744 289766 0 3956087336
k10 v63 0 0 2070431744 289767 0 2368932004
k0 v95 0 0 2070431744 289768 0 3371648967
k10 v76 0 0 2070431744 289769 0 2816505515
k4 v39 0 0 2070431744 289770 0 330314635
k11 v72 0 0 2070431744 289771 0 3143997209
k17 v90 0 0 2070431744 289772 0 1686359196
k19 v18 0 0 2070431744 289773 0 683807557
k6 v26 0 0 2070431744 289774 0 2031081177
k16 v43 0 0 2070431744 289775 0 3083432726
k19 v15 0 0 2070431744 289776 0 3823428013
k6 v58 0 0 2070431744 289777 0 574441509
k8 v73 0 0 2070431745 289778 0 1389035309
k9 v54 0 0 2070431745 289779 0 3575808854
k18 v17 0 0 2070431745 289780 0 603299280
k18 v40 0 0 2070431745 289781 0 1451855143
k7 v12 0 0 2070431745 289782 0 1176745362
k1 v51 0 0 2070431745 289783 0 262324184
k15 v20 0 0 2070431745 289784 0 1180005573
k11 v89 0 0 2070431745 289785 0 1721237992
k3 v78 0 0 2070431745 289786 0 2201711869
k18 v32 0 0 2070431745 289787 0 2751126133
k15 v57 0 0 2070431745 289788 0 1648564994
k11 v65 0 0 2070431745 289789 0 3402923967
k19 v97 0 0 2070431745 289790 0 2629178437
k1 v84 0 0 2070431745 289791 0 3205359905
k9 v78 0 0 2070431745 289792 0 196758273
k19 v63 0 0 2070431745 289793 0 3043173361
k3 v21 0 0 2070431745 289794 0 3310360217
k5 v92 0 0 2070431745 289795 0 3234108413
k9 v89 0 0 2070431745 289796 0 1185167981
k11 v85 0 0 2070431745 289797 0 2254058678
k3 v98 0 0 2070431745 289798 0 3484762100
k14 v60 0 0 2070431745 289799 0 2075365072
k3 v39 0 0 2070431745 289800 0 4103056744
k19 v74 0 0 2070431745 289801 0 2927185831
k7 v75 0 0 2070431745 289802 0 120215337
k1 v16 0 0 2070431745 289803 0 2859424798
k14 v53 0 0 2070431745 289804 0 1293423725
k13 v24 0 0 2070431745 289805 0 2853805385
k11 v69 0 0 2070431745 289806 0 3356106613
k17 v20 0 0 2070431745 289807 0 3600725249
k1 v0 0 0 2070431745 289808 0 2512830112
k12 v0 0 0 2070431745 289809 0 3746189871
k11 v99 0 0 2070431745 289810 0 3548863978
k11 v45 0 0 2070431745 289811 0 2977685267
k19 v76 0 0 2070431745 289812 0 1314390239
k15 v45 0 0 2070431745 289813 0 2198936578
k17 v32 0 0 2070431745 289814 0 2841999847
k0 v65 0 0 2070431745 289815 0 2697638121
k11 v5 0 0 2070431745 289816 0 1273125256
k6 v62 0 0 2070431745 289817 0 2658272898
k9 v24 0 0 2070431745 289818 0 4180695211
k2 v41 0 0 2070431745 289819 0 1270924840
k11 v93 0 0 2070431745 289820 0 2262057869
k13 v89 0 0 2070431745 289821 0 3130425989
k10 v78 0 0 2070431745 289822 0 3459013651
k7 v27 0 0 2070431745 289823 0 1515733935
k14 v3 0 0 2070431745 289824 0 3023630150
k14 v69 0 0 2070431745 289825 0 2072826783
k19 v54 0 0 2070431745 289826 0 108530803
k9 v61 0 0 2070431745 289827 0 1167928985
k2 v20 0 0 2070431745 289828 0 3284629424
k13 v20 0 0 2070431745 289829 0 1271262578
k5 v99 0 0 2070431745 289830 0 3660933440
k2 v50 0 0 2070431745 289831 0 2048925846
k19 v34 0 0 2070431745 289832 0 2515248774
k10 v36 0 0 2070431745 289833 0 3723774137
k19 v76 0 0 2070431745 289834 0 461796151
k10 v71 0 0 2070431745 289835 0 2014530839
k17 v66 0 0 2070431745 289836 0 1528406903
k5 v45 0 0 2070431745 289837 0 4002630719
k2 v67 0 0 2070431745 289838 0 834191279
k12 v77 0 0 2070431745 289839 0 3172158503
k3 v11 0 0 2070431745 289840 0 2325336699
k2 v93 0 0 2070431745 289841 0 3889002004
k15 v70 0 0 2070431745 289842 0 3428171092
k14 v26 0 0 2070431745 289843 0 1195211825
k4 v63 0 0 2070431745 289844 0 996507397
k11 v6 0 0 2070431745 289845 0 3383592298
k15 v27 0 0 2070431745 289846 0 3294517734
k0 v97 0 0 2070431745 289847 0 317516066
k18 v13 0 0 2070431745 289848 0 4105704883
k17 v55 0 0 2070431745 289849 0 226059796
k7 v75 0 0 2070431745 289850 0 869791552
k5 v17 0 0 2070431745 289851 0 4222183074
k17 v81 0 0 2070431745 289852 0 158576866
k14 v14 0 0 2070431745 289853 0 4147110505
k12 v52 0 0 2070431745 289854 0 3279855546
k13 v88 0 0 2070431745 289855 0 3201460802
k17 v11 0 0 2070431745 289856 0 3610771214
k15 v58 0 0 2070431745 289857 0 3388994793
k12 v58 0 0 2070431745 289858 0 954101896
k8 v78 0 0 2070431745 289859 0 574918956
k7 v9 0 0 2070431745 289860 0 3554672494
k17 v5 0 0 2070431745 289861 0 1931313994
k8 v12 0 0 2070431745 289862 0 1658737478
k9 v30 0 0 2070431745 289863 0 3468492578
k13 v77 0 0 2070431745 289864 0 2500139605
k6 v40 0 0 2070431745 289865 0 2264991092
k5 v27 0 0 2070431745 289866 0 3450916063
k8 v68 0 0 2070431745 289867 0 559645029
k14 v87 0 0 2070431745 289868 0 52183769
k12 v15 0 0 2070431745 289869 0 2267807110
k18 v21 0 0 2070431745 289870 0 2415383949
k3 v30 0 0 2070431745 289871 0 275212120
k1 v61 0 0 2070431745 289872 0 1050172177
k19 v0 0 0 2070431745 289873 0 2698061664
k15 v62 0 0 2070431745 289874 0 3445445017
k6 v37 0 0 2070431745 289875 0 241192840
k10 v90 0 0 2070431745 289876 0 3802104318
k8 v89 0 0 2070431745 289877 0 2519850148
k18 v9 0 0 2070431745 289878 0 2897311647
k7 v56 0 0 2070431745 289879 0 2868696272
k14 v56 0 0 2070431745 289880 0 216879310
k9 v8 0 0 2070431745 289881 0 1854907619
k15 v0 0 0 2070431745 289882 0 1467278364
k7 v50 0 0 2070431745 289883 0 3748456114
k18 v63 0 0 2070431745 289884 0 955262339
k3 v36 0 0 2070431745 289885 0 4218714292
k2 v82 0 0 2070431745 289886 0 1529586031
k17 v83 0 0 2070431745 289887 0 3054674296
k13 v84 0 0 2070431745 289888 0 3499276983
k19 v52 0 0 2070431745 289889 0 139724991
k19 v76 0 0 2070431745 289890 0 1920807909
k16 v97 0 0 2070431745 289891 0 2882465498
k13 v82 0 0 2070431745 289892 0 2946278879
k5 v31 0 0 2070431745 289893 0 2690802156
k2 v99 0 0 2070431745 289894 0 3312955708
k1 v73 0 0 2070431745 289895 0 777197006
k15 v86 0 0 2070431745 289896 0 1758984696
k4 v98 0 0 2070431745 289897 0 1727507395
k0 v12 0 0 2070431745 289898 0 2480193495
k14 v77 0 0 2070431745 289899 0 1565440907
k6 v26 0 0 2070431745 289900 0 878277365
k16 v78 0 0 2070431745 289901 0 3019099809
k3 v3 0 0 2070431745 289902 0 1449964805
k15 v29 0 0 2070431745 289903 0 526657917
k19 v91 0 0 2070431745 289904 0 2482438184
k18 v76 0 0 2070431745 289905 0 588542366
k10 v21 0 0 2070431745 289906 0 1692877005
k7 v91 0 0 2070431745 289907 0 1606624224
k7 v72 0 0 2070431745 289908 0 2755493461
k13 v28 0 0 2070431745 289909 0 1831241931
k6 v27 0 0 2070431745 289910 0 1358701444
k0 v25 0 0 2070431745 289911 0 1860376115
k19 v18 0 0 2070431745 289912 0 421603611
k10 v95 0 0 2070431745 289913 0 139705971
k7 v71 0 0 2070431745 289914 0 2799900324
k19 v58 0 0 2070431745 289915 0 1150925671
k13 v22 0 0 2070431745 289916 0 3161021965
k19 v72 0 0 2070431745 289917 0 3313399974
k1 v18 0 0 2070431745 289918 0 3911042016
k11 v40 0 0 2070431745 289919 0 3935625825
k11 v6 0 0 2070431745 289920 0 149646072
k16 v14 0 0 2070431745 289921 0 2507940578
k19 v36 0 0 2070431745 289922 0 3864780120
k12 v77 0 0 2070431745 289923 0 4269976063
k0 v62 0 0 2070431745 289924 0 3798990343
k0 v5 0 0 2070431745 289925 0 2817705785
k0 v93 0 0 2070431745 289926 0 4180355309
k5 v46 0 0 2070431745 289927 0 4165209255
k18 v36 0 0 2070431745 289928 0 2278022918
k13 v36 0 0 2070431745 289929 0 3900740700
k4 v91 0 0 2070431745 289930 0 1679897155
k8 v41 0 0 2070431745 289931 0 3574493156
k13 v46 0 0 2070431745 289932 0 1666294264
k11 v39 0 0 2070431745 289933 0 2191832361
k13 v71 0 0 2070431745 289934 0 2941329934
k17 v96 0 0 2070431746 289935 0 168959772
k6 v11 0 0 2070431746 289936 0 1955612857
k1 v6 0 0 2070431746 289937 0 2718490981
k14 v55 0 0 2070431746 289938 0 1375410283
k17 v27 0 0 2070431746 289939 0 2636964035
k19 v24 0 0 2070431746 289940 0 192623001
k10 v89 0 0 2070431746 289941 0 4274890636
k19 v12 0 0 2070431746 289942 0 3329248301
k11 v89 0 0 2070431746 289943 0 1468542938
k13 v68 0 0 2070431746 289944 0 1140284674
k11 v0 0 0 2070431746 289945 0 2076014649
k18 v48 0 0 2070431746 289946 0 3814278374
k9 v33 0 0 2070431746 289947 0 818856708
k10 v71 0 0 2070431746 289948 0 4274079065
k3 v47 0 0 2070431746 289949 0 1684542276
k6 v22 0 0 2070431746 289950 0 4075838628
k14 v99 0 0 2070431746 289951 0 1619652534
k15 v59 0 0 2070431746 289952 0 3889978220
k12 v92 0 0 2070431746 289953 0 2366071862
k11 v13 0 0 2070431746 289954 0 4097243644
k2 v57 0 0 2070431746 289955 0 3451281205
k4 v19 0 0 2070431746 289956 0 5255504
k18 v16 0 0 2070431746 289957 0 1868288978
k2 v55 0 0 2070431746 289958 0 3000391668
k17 v15 0 0 2070431746 289959 0 678520862
k9 v91 0 0 2070431746 289960 0 2012479274
k11 v59 0 0 2070431746 289961 0 3471513445
k1 v38 0 0 2070431746 289962 0 2096511857
k0 v67 0 0 2070431746 289963 0 253892576
k11 v12 0 0 2070431746 289964 0 2467790051
k4 v79 0 0 2070431746 289965 0 3741767948
k13 v79 0 0 2070431746 289966 0 2297975606
k19 v53 0 0 2070431746 289967 0 3474805755
k17 v35 0 0 2070431746 289968 0 3622364795
k5 v34 0 0 2070431746 289969 0 1281916610
k8 v33 0 0 2070431746 289970 0 3870949710
k10 v43 0 0 2070431746 289971 0 2627056678
k0 v47 0 0 2070431746 289972 0 4081012203
k18 v8 0 0 2070431746 289973 0 470939028
k11 v44 0 0 2070431746 289974 0 2614430756
k2 v96 0 0 2070431746 289975 0 2623454672
k4 v55 0 0 2070431746 289976 0 3256605806
k16 v80 0 0 2070431746 289977 0 3215401437
k15 v25 0 0 2070431746 289978 0 2758204475
k4 v66 0 0 2070431746 289979 0 2436108168
k6 v42 0 0 2070431746 289980 0 202754609
k2 v27 0 0 2070431746 289981 0 3370487610
k14 v18 0 0 2070431746 289982 0 65608982
k8 v76 0 0 2070431746 289983 0 4290298132
k8 v34 0 0 2070431746 289984 0 1758340580
k1 v33 0 0 2070431746 289985 0 190520260
k1 v31 0 0 2070431746 289986 0 3937943179
k16 v98 0 0 2070431746 289987 0 3069850572
k13 v33 0 0 2070431746 289988 0 1493825335
k7 v82 0 0 2070431746 289989 0 1907332705
k8 v5 0 0 2070431746 289990 0 3776773502
k13 v20 0 0 2070431746 289991 0 3111839773
k4 v50 0 0 2070431746 289992 0 2271470719
k0 v54 0 0 2070431746 289993 0 3502874612
k13 v83 0 0 2070431746 289994 0 2861717913
k18 v34 0 0 2070431746 289995 0 2055028677
k18 v41 0 0 2070431746 289996 0 322779713
k3 v10 0 0 2070431746 289997 0 2656341039
k16 v1 0 0 2070431746 289998 0 3329593377
k10 v42 0 0 2070431746 289999 0 1001728098
k3 v1 0 0 2070431746 290000 0 2606717110
k9 v33 0 0 2070431746 290001 0 3671667200
k18 v49 0 0 2070431746 290002 0 1579150374
k7 v61 0 0 2070431746 290003 0 1114738807
k4 v37 0 0 2070431746 290004 0 1926571389
k5 v26 0 0 2070431746 290005 0 167790128
k12 v59 0 0 2070431746 290006 0 1216756339
k15 v7 0 0 2070431746 290007 0 1210284458
k8 v62 0 0 2070431746 290008 0 2016206846
k5 v17 0 0 2070431746 290009 0 3100422297
k18 v80 0 0 2070431746 290010 0 2723939498
k2 v66 0 0 2070431746 290011 0 200176918
k11 v36 0 0 2070431746 290012 0 3513768346
k11 v17 0 0 2070431746 290013 0 1238880992
k18 v16 0 0 2070431746 290014 0 4164671123
k7 v40 0 0 2070431746 290015 0 2487904253
k0 v11 0 0 2070431746 290016 0 563745011
k3 v80 0 0 2070431746 290017 0 2435557665
k6 v83 0 0 2070431746 290018 0 573944675
k8 v51 0 0 2070431746 290019 0 3024243617
k0 v46 0 0 2070431746 290020 0 434186394
k2 v37 0 0 2070431746 290021 0 3790370604
k12 v96 0 0 2070431746 290022 0 1694127861
k8 v56 0 0 2070431746 290023 0 2913975265
k16 v19 0 0 2070431746 290024 0 1804675511
k18 v83 0 0 2070431746 290025 0 1925448572
k13 v49 0 0 2070431746 290026 0 1336641367
k7 v55 0 0 2070431746 290027 0 275441831
k4 v72 0 0 2070431746 290028 0 3835128507
k2 v35 0 0 2070431746 290029 0 3824913320
k4 v83 0 0 2070431746 290030 0 83771116
k11 v1 0 0 2070431746 290031 0 3300748960
k18 v42 0 0 2070431746 290032 0 1848363271
k19 v94 0 0 2070431746 290033 0 3232825620
k11 v7 0 0 2070431746 290034 0 1038681904
k12 v12 0 0 2070431746 290035 0 1097222186
k4 v59 0 0 2070431746 290036 0 2908796679
k15 v44 0 0 2070431746 290037 0 216639734
k18 v85 0 0 2070431746 290038 0 1116441299
k17 v22 0 0 2070431746 290039 0 232967810
k15 v36 0 0 2070431746 290040 0 3855538272
k17 v66 0 0 2070431746 290041 0 2623585773
k19 v52 0 0 2070431746 290042 0 1875752648
k13 v3 0 0 2070431746 290043 0 391816619
k14 v55 0 0 2070431746 290044 0 1128644540
k19 v28 0 0 2070431746 290045 0 511575657
k12 v87 0 0 2070431746 290046 0 4272314267
k3 v53 0 0 2070431746 290047 0 2425923667
k8 v8 0 0 2070431746 290048 0 738729174
k17 v38 0 0 2070431746 290049 0 3227712423
k6 v11 0 0 2070431746 290050 0 2634247635
k6 v39 0 0 2070431746 290051 0 4245130077
k13 v78 0 0 2070431746 290052 0 821161331
k3 v82 0 0 2070431746 290053 0 947958389
k16 v17 0 0 2070431746 290054 0 1999008853
k11 v84 0 0 2070431746 290055 0 218438296
k16 v20 0 0 2070431746 290056 0 3746181799
k4 v32 0 0 2070431746 290057 0 1958306890
k14 v52 0 0 2070431746 290058 0 259406868
k14 v76 0 0 2070431746 290059 0 3158632305
k1 v54 0 0 2070431746 290060 0 3499073408
k5 v79 0 0 2070431746 290061 0 2606565506
k1 v44 0 0 2070431746 290062 0 2103672476
k9 v20 0 0 2070431746 290063 0 3692159588
k13 v19 0 0 2070431746 290064 0 4156017196
k0 v37 0 0 2070431746 290065 0 1864354077
k5 v39 0 0 2070431746 290066 0 3336936190
k4 v57 0 0 2070431746 290067 0 2873626570
k0 v78 0 0 2070431746 290068 0 3034039242
k18 v11 0 0 2070431746 290069 0 2845710536
k1 v25 0 0 2070431746 290070 0 3721218217
k4 v69 0 0 2070431746 290071 0 2654342143
k1 v41 0 0 2070431746 290072 0 1462486196
k18 v14 0 0 2070431746 290073 0 2033797738
k6 v0 0 0 2070431746 290074 0 3566356401
k2 v41 0 0 2070431746 290075 0 1854892878
k5 v43 0 0 2070431746 290076 0 4191540911
k3 v11 0 0 2070431746 290077 0 1256809533
k1 v50 0 0 2070431746 290078 0 1467585766
k19 v68 0 0 2070431746 290079 0 2725573511
k4 v97 0 0 2070431746 290080 0 3650927050
k18 v67 0 0 2070431746 290081 0 2250089543
k3 v25 0 0 2070431747 290082 0 3315318369
k14 v92 0 0 2070431747 290083 0 536574943
k4 v23 0 0 2070431747 290084 0 1633361052
k1 v6 0 0 2070431747 290085 0 3951399622
k15 v15 0 0 2070431747 290086 0 1028246187
k13 v53 0 0 2070431747 290087 0 1598165246
k18 v9 0 0 2070431747 290088 0 3861950180
k17 v37 0 0 2070431747 290089 0 2035118716
k17 v33 0 0 2070431747 290090 0 3886041179
k12 v35 0 0 2070431747 290091 0 3786911624
k2 v31 0 0 2070431747 290092 0 2384287301
k4 v17 0 0 2070431747 290093 0 439060950
k13 v78 0 0 2070431747 290094 0 2736501519
k2 v88 0 0 2070431747 290095 0 1728882403
k5 v97 0 0 2070431747 290096 0 3655179825
k18 v58 0 0 2070431747 290097 0 447650730
k8 v54 0 0 2070431747 290098 0 1147861977
k10 v71 0 0 2070431747 290099 0 2565609867
k5 v94 0 0 2070431747 290100 0 2537760919
k13 v8 0 0 2070431747 290101 0 1677824886
k15 v83 0 0 2070431747 290102 0 3514904143
k11 v15 0 0 2070431747 290103 0 4140673440
k9 v87 0 0 2070431747 290104 0 3283730802
k10 v67 0 0 2070431747 290105 0 2563576870
k7 v44 0 0 2070431747 290106 0 2220806827
k17 v88 0 0 2070431747 290107 0 1930597019
k16 v74 0 0 2070431747 290108 0 4040873541
k19 v41 0 0 2070431747 290109 0 3478482544
k2 v35 0 0 2070431747 290110 0 1147791683
k1 v64 0 0 2070431747 290111 0 3285409116
k7 v5 0 0 2070431747 290112 0 3471921057
k1 v28 0 0 2070431747 290113 0 808060558
k12 v86 0 0 2070431747 290114 0 3677006671
k19 v2 0 0 2070431747 290115 0 3249107963
k3 v95 0 0 2070431747 290116 0 1215736858
k11 v39 0 0 2070431747 290117 0 2760980997
k3 v12 0 0 2070431747 290118 0 306392689
k9 v18 0 0 2070431747 290119 0 2976001985
k17 v3 0 0 2070431747 290120 0 273514017
k19 v40 0 0 2070431747 290121 0 1634667344
k13 v95 0 0 2070431747 290122 0 607557136
k8 v27 0 0 2070431747 290123 0 3577307396
k6 v53 0 0 2070431747 290124 0 1342286750
k15 v98 0 0 2070431747 290125 0 820802560
k4 v83 0 0 2070431747 290126 0 661689510
k17 v25 0 0 2070431747 290127 0 133253203
k19 v31 0 0 2070431747 290128 0 3157069063
k18 v51 0 0 2070431747 290129 0 3363361620
k9 v27 0 0 2070431747 290130 0 1688580644
k10 v70 0 0 2070431747 290131 0 2155432566
k5 v13 0 0 2070431747 290132 0 1669684137
k18 v89 0 0 2070431747 290133 0 106891528
k17 v38 0 0 2070431747 290134 0 76936340
k5 v3 0 0 2070431747 290135 0 675764573
k11 v5 0 0 2070431747 290136 0 2970055877
k15 v3 0 0 2070431747 290137 0 1889422161
k17 v0 0 0 2070431747 290138 0 1996477396
k18 v95 0 0 2070431747 290139 0 2958843895
k12 v0 0 0 2070431747 290140 0 4041259161
k12 v1 0 0 2070431747 290141 0 2359079582
k7 v64 0 0 2070431747 290142 0 67091982
k0 v2 0 0 2070431747 290143 0 1438393560
k13 v71 0 0 2070431747 290144 0 3955469005
k6 v54 0 0 2070431747 290145 0 2899525886
k19 v1 0 0 2070431747 290146 0 1139191577
k6 v30 0 0 2070431747 290147 0 641060067
k7 v70 0 0 2070431747 290148 0 673660483
k14 v79 0 0 2070431747 290149 0 3037698716
k15 v0 0 0 2070431747 290150 0 2499538158
k0 v25 0 0 2070431747 290151 0 674701481
k2 v95 0 0 2070431747 290152 0 2959092502
k9 v82 0 0 2070431747 290153 0 2713273665
k3 v84 0 0 2070431747 290154 0 2280971932
k18 v10 0 0 2070431747 290155 0 370980128
k9 v41 0 0 2070431747 290156 0 1147990275
k2 v78 0 0 2070431747 290157 0 2827605326
k9 v58 0 0 2070431747 290158 0 3179918055
k19 v98 0 0 2070431747 290159 0 2582892348
k4 v97 0 0 2070431747 290160 0 2803168059
k0 v55 0 0 2070431747 290161 0 1133910184
k11 v62 0 0 2070431747 290162 0 1677247640
k7 v65 0 0 2070431747 290163 0 2080858215
k5 v83 0 0 2070431747 290164 0 2302456876
k1 v92 0 0 2070431747 290165 0 1791400998
k5 v30 0 0 2070431747 290166 0 1246695665
k5 v94 0 0 2070431747 290167 0 3700409058
k12 v65 0 0 2070431747 290168 0 246854588
k9 v83 0 0 2070431747 290169 0 1014442196
k1 v80 0 0 2070431747 290170 0 1130886982
k7 v0 0 0 2070431747 290171 0 3403395279
k2 v31 0 0 2070431747 290172 0 1010768938
k4 v57 0 0 2070431747 290173 0 3136341762
k11 v73 0 0 2070431744 290174 0 1079162386
k4 v95 0 0 2070431742 290175 0 1502549409
k0 v62 0 0 2070431737 290176 0 4079922657
k7 v89 0 0 2070431747 290177 0 424738319
k6 v69 0 0 2070431747 290178 0 3597927588
k7 v93 0 0 2070431741 290179 0 2306079142
k1 v36 0 0 2070431739 290180 0 3810515392
k15 v78 0 0 2070431747 290181 0 2329426018
k14 v5 0 0 2070431727 290182 0 3786264682
k5 v91 0 0 2070431742 290183 0 3508008087
k14 v7 0 0 2070431743 290184 0 2322167312
k14 v97 0 0 2070431747 290185 0 3667356451
k1 v15 0 0 2070431747 290186 0 2411941130
k10 v5 0 0 2070431727 290187 0 3229333295
k13 v93 0 0 2070431747 290188 0 1466787481
k12 v66 0 0 2070431747 290189 0 2996494909
k13 v12 0 0 2070431747 290190 0 3739464854
k0 v82 0 0 2070431747 290191 0 23033685
k7 v84 0 0 2070431747 290192 0 3639091693
k6 v71 0 0 2070431747 290193 0 1025484105
k0 v77 0 0 2070431747 290194 0 465034273
k15 v82 0 0 2070431748 290195 0 760654573
k12 v19 0 0 2070431743 290196 0 2784128070
k3 v66 0 0 2070431744 290197 0 843909604
k4 v84 0 0 2070431747 290198 0 1424158810
k9 v57 0 0 2070431748 290199 0 137828431
k7 v46 0 0 2070431742 290200 0 1117757995
k17 v60 0 0 2070431748 290201 0 2697548381
k1 v61 0 0 2070431744 290202 0 1586240698
k19 v15 0 0 2070431741 290203 0 581848303
k13 v45 0 0 2070431747 290204 0 3415000133
k14 v83 0 0 2070431744 290205 0 2575956561
k4 v84 0 0 2070431748 290206 0 237329177
k19 v25 0 0 2070431748 290207 0 580063267
k11 v12 0 0 2070431748 290208 0 1072196538
k7 v82 0 0 2070431747 290209 0 2723934610
k19 v65 0 0 2070431747 290210 0 2815032004
k14 v58 0 0 2070431748 290211 0 824923398
k11 v36 0 0 2070431748 290212 0 1860961059
k16 v49 0 0 2070431747 290213 0 3440791065
k4 v36 0 0 2070431742 290214 0 942912125
k14 v48 0 0 2070431748 290215 0 3399291804
k13 v23 0 0 2070431748 290216 0 1397114447
k10 v38 0 0 2070431748 290217 0 2433767125
k11 v59 0 0 2070431748 290218 0 513908302
k3 v55 0 0 2070431742 290219 0 2729450642
k16 v79 0 0 2070431742 290220 0 3615698692
k4 v46 0 0 2070431748 290221 0 3206898417
k18 v8 0 0 2070431748 290222 0 117842649
k6 v98 0 0 2070431748 290223 0 3517716142
k1 v79 0 0 2070431748 290224 0 1593585457
k3 v46 0 0 2070431748 290225 0 2918203227
k15 v27 0 0 2070431747 290226 0 721908633
k7 v85 0 0 2070431748 290227 0 121158733
k4 v19 0 0 2070431748 290228 0 2673553084
k19 v70 0 0 2070431748 290229 0 423476985
k7 v62 0 0 2070431748 290230 0 2066803358
k14 v37 0 0 2070431748 290231 0 3087922319
k3 v16 0 0 2070431742 290232 0 4287649862
k1 v42 0 0 2070431748 290233 0 1494469210
k3 v45 0 0 2070431748 290234 0 444606951
k8 v72 0 0 2070431741 290235 0 4040318438
k15 v94 0 0 2070431748 290236 0 44092765
k6 v29 0 0 2070431748 290237 0 2408122702
k6 v12 0 0 2070431748 290238 0 1098714138
k17 v24 0 0 2070431748 290239 0 910330350
k5 v97 0 0 2070431748 290240 0 4101402819
k2 v82 0 0 2070431748 290241 0 797215405
k18 v28 0 0 2070431748 290242 0 1976541379
k17 v4 0 0 2070431748 290243 0 356272769
k3 v95 0 0 2070431748 290244 0 3072241969
k14 v81 0 0 2070431748 290245 0 65089870
k7 v16 0 0 2070431748 290246 0 254752412
k12 v28 0 0 2070431748 290247 0 3851928649
k14 v27 0 0 2070431748 290248 0 4082817757
k2 v76 0 0 2070431748 290249 0 3852821714
k18 v93 0 0 2070431748 290250 0 715503771
k4 v25 0 0 2070431748 290251 0 3825089656
k4 v98 0 0 2070431748 290252 0 544137859
k7 v82 0 0 2070431748 290253 0 2271201631
k2 v20 0 0 2070431748 290254 0 1489594968
k9 v90 0 0 2070431748 290255 0 1768073879
k12 v36 0 0 2070431748 290256 0 2070697926
k13 v16 0 0 2070431740 290257 0 3458569883
k10 v75 0 0 2070431748 290258 0 3039420624
k6 v8 0 0 2070431748 290259 0 1088479641
k14 v75 0 0 2070431748 290260 0 2146071826
k14 v33 0 0 2070431741 290261 0 4016358934
k11 v92 0 0 2070431748 290262 0 3833132788
k8 v90 0 0 2070431748 290263 0 2785892764
k13 v82 0 0 2070431748 290264 0 3228434693
k0 v55 0 0 2070431748 290265 0 3966722286
k12 v53 0 0 2070431748 290266 0 2761768006
k12 v39 0 0 2070431749 290267 0 3489966177
k5 v72 0 0 2070431748 290268 0 3345936906
k9 v92 0 0 2070431748 290269 0 224341326
k1 v37 0 0 2070431742 290270 0 2795142090
k9 v23 0 0 2070431747 290271 0 653225742
k12 v79 0 0 2070431748 290272 0 1927426614
k9 v57 0 0 2070431749 290273 0 643396287
k12 v70 0 0 2070431748 290274 0 3691280452
k9 v29 0 0 2070431749 290275 0 1841158
k5 v67 0 0 2070431748 290276 0 3967804978
k10 v18 0 0 2070431748 290277 0 1901669146
k11 v25 0 0 2070431749 290278 0 1817663953
k0 v29 0 0 2070431749 290279 0 929300216
k16 v60 0 0 2070431748 290280 0 749918320
k14 v15 0 0 2070431748 290281 0 2589093023
k16 v79 0 0 2070431749 290282 0 3041448966
k10 v96 0 0 2070431749 290283 0 4006210476
k17 v77 0 0 2070431749 290284 0 1637470771
k5 v8 0 0 2070431748 290285 0 3723858054
k3 v47 0 0 2070431749 290286 0 579326614
k4 v33 0 0 2070431749 290287 0 1781470840
k8 v36 0 0 2070431749 290288 0 3336058909
k9 v52 0 0 2070431749 290289 0 4234153239
k18 v33 0 0 2070431749 290290 0 774064490
k10 v44 0 0 2070431749 290291 0 3206683590
k0 v58 0 0 2070431749 290292 0 3532240679
k3 v5 0 0 2070431749 290293 0 2187788676
k3 v30 0 0 2070431749 290294 0 2580609768
k8 v74 0 0 2070431749 290295 0 2860736080
k1 v5 0 0 2070431749 290296 0 3510647873
k14 v13 0 0 2070431749 290297 0 2235776101
k18 v16 0 0 2070431749 290298 0 699666944
k9 v12 0 0 2070431749 290299 0 4015743899
k14 v43 0 0 2070431749 290300 0 4031541613
k14 v68 0 0 2070431749 290301 0 1071766057
k18 v55 0 0 2070431749 290302 0 3647401745
k11 v10 0 0 2070431749 290303 0 1657053958
k12 v11 0 0 2070431749 290304 0 1040660410
k13 v26 0 0 2070431749 290305 0 641058911
k8 v91 0 0 2070431749 290306 0 3464924630
k3 v99 0 0 2070431749 290307 0 1008341054
k0 v43 0 0 2070431749 290308 0 849550241
k6 v72 0 0 2070431749 290309 0 3624657215
k19 v55 0 0 2070431749 290310 0 1910574448
k2 v43 0 0 2070431749 290311 0 255138102
k10 v43 0 0 2070431749 290312 0 3286554699
k12 v86 0 0 2070431749 290313 0 736683825
k5 v14 0 0 2070431749 290314 0 1755075691
k8 v82 0 0 2070431749 290315 0 3558505078
k5 v92 0 0 2070431749 290316 0 4219183690
k8 v84 0 0 2070431747 290317 0 2005243667
k16 v81 0 0 2070431749 290318 0 688142842
k1 v94 0 0 2070431749 290319 0 4171006659
k11 v16 0 0 2070431749 290320 0 3461265790
k0 v68 0 0 2070431749 290321 0 911470211
k12 v72 0 0 2070431749 290322 0 843910238
k1 v20 0 0 2070431749 290323 0 271889628
k0 v97 0 0 2070431749 290324 0 2075059657
k12 v4 0 0 2070431749 290325 0 2020868494
k7 v93 0 0 2070431749 290326 0 1909257404
k8 v90 0 0 2070431749 290327 0 2977846207
k1 v58 0 0 2070431749 290328 0 133971453
k7 v27 0 0 2070431749 290329 0 3864365247
k13 v4 0 0 2070431749 290330 0 334101308
k10 v30 0 0 2070431749 290331 0 755209332
k7 v96 0 0 2070431749 290332 0 1072204688
k6 v85 0 0 2070431749 290333 0 2381553233
k10 v38 0 0 2070431749 290334 0 3450844803
k16 v80 0 0 2070431749 290335 0 4199131295
k11 v7 0 0 2070431749 290336 0 3293239536
k1 v59 0 0 2070431749 290337 0 3837882435
k11 v90 0 0 2070431749 290338 0 2793721314
k7 v73 0 0 2070431749 290339 0 609849076
k15 v67 0 0 2070431749 290340 0 3323976001
k16 v97 0 0 2070431749 290341 0 3857997331
k10 v19 0 0 2070431749 290342 0 521747899
k7 v33 0 0 2070431749 290343 0 3372250176
k11 v20 0 0 2070431749 290344 0 1368530942
k13 v80 0 0 2070431749 290345 0 1680471389
k15 v0 0 0 2070431749 290346 0 2095119334
k6 v94 0 0 2070431749 290347 0 376304904
k18 v48 0 0 2070431749 290348 0 218835572
k3 v80 0 0 2070431749 290349 0 3270966022
k10 v28 0 0 2070431749 290350 0 848596139
k6 v89 0 0 2070431749 290351 0 1753136522
k7 v17 0 0 2070431749 290352 0 2079376658
k7 v47 0 0 2070431749 290353 0 4022891382
k5 v70 0 0 2070431749 290354 0 3611628072
k5 v90 0 0 2070431749 290355 0 496054233
k12 v69 0 0 2070431749 290356 0 4274439993
k9 v30 0 0 2070431749 290357 0 4000622565
k8 v89 0 0 2070431749 290358 0 1422866335
k12 v35 0 0 2070431749 290359 0 659251512
k15 v79 0 0 2070431749 290360 0 1136248278
k15 v60 0 0 2070431749 290361 0 1036294909
k19 v76 0 0 2070431749 290362 0 234173888
k15 v49 0 0 2070431749 290363 0 327816438
k9 v23 0 0 2070431749 290364 0 4151084075
k14 v93 0 0 2070431749 290365 0 560429001
k3 v14 0 0 2070431749 290366 0 2989445654
k12 v30 0 0 2070431749 290367 0 2416190192
k6 v57 0 0 2070431749 290368 0 181632430
k8 v76 0 0 2070431749 290369 0 2132297608
k17 v66 0 0 2070431750 290370 0 1151107295
k10 v81 0 0 2070431749 290371 0 293702779
k7 v65 0 0 2070431749 290372 0 3680362920
k2 v71 0 0 2070431749 290373 0 2287924073
k19 v45 0 0 2070431750 290374 0 2263758896
k4 v17 0 0 2070431750 290375 0 1239724526
k5 v79 0 0 2070431749 290376 0 508250416
k17 v8 0 0 2070431750 290377 0 3691144356
k18 v76 0 0 2070431750 290378 0 1704940225
k18 v85 0 0 2070431750 290379 0 2671288676
k1 v52 0 0 2070431750 290380 0 2643697013
k19 v96 0 0 2070431750 290381 0 4156377297
k17 v54 0 0 2070431750 290382 0 3425063183
k15 v30 0 0 2070431750 290383 0 2155568440
k1 v16 0 0 2070431750 290384 0 2783688595
k16 v99 0 0 2070431750 290385 0 2572035708
k10 v33 0 0 2070431750 290386 0 3381309424
k14 v12 0 0 2070431750 290387 0 1366164761
k8 v18 0 0 2070431750 290388 0 2339117578
k3 v92 0 0 2070431750 290389 0 2530015256
k14 v30 0 0 2070431750 290390 0 837258776
k17 v10 0 0 2070431750 290391 0 3135080217
k18 v50 0 0 2070431750 290392 0 4111010793
k13 v55 0 0 2070431750 290393 0 2982449324
k6 v14 0 0 2070431750 290394 0 408826758
k9 v25 0 0 2070431750 290395 0 1765564650
k7 v27 0 0 2070431750 290396 0 1705800953
k17 v98 0 0 2070431750 290397 0 1420754779
k14 v5 0 0 2070431750 290398 0 3727556236
k12 v18 0 0 2070431750 290399 0 1961922788
k9 v90 0 0 2070431750 290400 0 4079733779
k13 v89 0 0 2070431750 290401 0 1779647136
k9 v83 0 0 2070431750 290402 0 4050542789
k0 v80 0 0 2070431750 290403 0 3692475836
k13 v44 0 0 2070431750 290404 0 2520694149
k18 v91 0 0 2070431750 290405 0 2049091731
k18 v34 0 0 2070431750 290406 0 3149079364
k11 v70 0 0 2070431750 290407 0 1702253589
k14 v67 0 0 2070431750 290408 0 123676304
k18 v16 0 0 2070431750 290409 0 304171130
k17 v66 0 0 2070431750 290410 0 3720791252
k1 v4 0 0 2070431750 290411 0 3626668236
k14 v1 0 0 2070431750 290412 0 4192965726
k9 v48 0 0 2070431750 290413 0 3972967686
k4 v83 0 0 2070431750 290414 0 1029743893
k19 v78 0 0 2070431742 290415 0 2663307786
k9 v71 0 0 2070431748 290416 0 3599055266
k4 v56 0 0 2070431750 290417 0 2501290138
k19 v1 0 0 2070431750 290418 0 4056853780
k18 v55 0 0 2070431750 290419 0 2930993980
k6 v89 0 0 2070431748 290420 0 626500201
k11 v21 0 0 2070431749 290421 0 3503854838
k3 v48 0 0 2070431748 290422 0 3726818599
k13 v19 0 0 2070431750 290423 0 3783884452
k13 v23 0 0 2070431750 290424 0 2193869502
k19 v86 0 0 2070431750 290425 0 2622206756
k6 v72 0 0 2070431750 290426 0 3388218959
k0 v16 0 0 2070431750 290427 0 2247472107
k2 v71 0 0 2070431750 290428 0 4169326488
k3 v38 0 0 2070431750 290429 0 2427448642
k3 v6 0 0 2070431750 290430 0 640404207
k4 v91 0 0 2070431750 290431 0 377974828
k14 v98 0 0 2070431750 290432 0 3481046860
k12 v47 0 0 2070431750 290433 0 4024644101
k1 v77 0 0 2070431750 290434 0 2805161547
k12 v1 0 0 2070431750 290435 0 3353316471
k1 v9 0 0 2070431750 290436 0 582931656
k15 v83 0 0 2070431750 290437 0 2228259131
k18 v47 0 0 2070431750 290438 0 3778575105
k6 v96 0 0 2070431750 290439 0 3532427102
k11 v99 0 0 2070431750 290440 0 105745226
k2 v68 0 0 2070431750 290441 0 1252750857
k10 v16 0 0 2070431750 290442 0 4133845579
k8 v21 0 0 2070431750 290443 0 2146921739
k14 v6 0 0 2070431750 290444 0 1212045216
k17 v96 0 0 2070431750 290445 0 3933175124
k9 v17 0 0 2070431750 290446 0 1724804268
k11 v7 0 0 2070431750 290447 0 1308477669
k11 v85 0 0 2070431750 290448 0 2188951351
k11 v56 0 0 2070431749 290449 0 2486125191
k4 v55 0 0 2070431749 290450 0 2059654179
k10 v4 0 0 2070431750 290451 0 2732862558
k13 v10 0 0 2070431750 290452 0 90289300
k17 v8 0 0 2070431750 290453 0 641551735
k14 v1 0 0 2070431750 290454 0 2830670596
k1 v34 0 0 2070431750 290455 0 133520073
k10 v20 0 0 2070431750 290456 0 1828112974
k1 v49 0 0 2070431750 290457 0 3933583550
k1 v11 0 0 2070431750 290458 0 2098591206
k7 v71 0 0 2070431750 290459 0 2147070747
k3 v14 0 0 2070431750 290460 0 1905705537
k17 v40 0 0 2070431749 290461 0 2839638224
k4 v96 0 0 2070431750 290462 0 3659876247
k10 v84 0 0 2070431750 290463 0 2619106048
k0 v60 0 0 2070431750 290464 0 1142248313
k10 v96 0 0 2070431750 290465 0 2672963988
k17 v41 0 0 2070431750 290466 0 2337526329
k15 v14 0 0 2070431750 290467 0 3648481195
k4 v36 0 0 2070431750 290468 0 3791431446
k7 v34 0 0 2070431750 290469 0 1154275814
k11 v75 0 0 2070431750 290470 0 82969672
k14 v41 0 0 2070431750 290471 0 3006601204
k2 v79 0 0 2070431750 290472 0 2575115083
k5 v34 0 0 2070431750 290473 0 1383565490
k16 v25 0 0 2070431750 290474 0 2600787655
k16 v14 0 0 2070431750 290475 0 2623952419
k8 v56 0 0 2070431750 290476 0 2288322524
k9 v82 0 0 2070431750 290477 0 3962681667
k2 v79 0 0 2070431749 290478 0 1806091433
k5 v5 0 0 2070431749 290479 0 629981528
k13 v63 0 0 2070431750 290480 0 4190211799
k10 v47 0 0 2070431750 290481 0 1008102543
k2 v57 0 0 2070431750 290482 0 1864183404
k5 v3 0 0 2070431750 290483 0 1479081042
k3 v68 0 0 2070431750 290484 0 2780140028
k16 v48 0 0 2070431750 290485 0 3375344592
k13 v37 0 0 2070431750 290486 0 1817527597
k1 v7 0 0 2070431750 290487 0 772292879
k15 v44 0 0 2070431750 290488 0 3646083403
k14 v29 0 0 2070431750 290489 0 458623413
k7 v85 0 0 2070431751 290490 0 1769182687
k11 v39 0 0 2070431751 290491 0 437395917
k3 v91 0 0 2070431751 290492 0 2318286345
k14 v28 0 0 2070431751 290493 0 1236709584
k4 v39 0 0 2070431751 290494 0 4129349528
k4 v79 0 0 2070431751 290495 0 4257409634
k17 v76 0 0 2070431749 290496 0 308395548
k11 v76 0 0 2070431750 290497 0 4001690191
k10 v47 0 0 2070431750 290498 0 3960913393
k1 v68 0 0 2070431751 290499 0 820336369
k19 v40 0 0 2070431751 290500 0 629564652
k9 v70 0 0 2070431751 290501 0 1307153945
k15 v31 0 0 2070431751 290502 0 466966981
k15 v69 0 0 2070431751 290503 0 305543443
k3 v11 0 0 2070431751 290504 0 1324076051
k10 v20 0 0 2070431751 290505 0 889601181
k9 v74 0 0 2070431751 290506 0 1279650695
k7 v39 0 0 2070431751 290507 0 478538124
k6 v5 0 0 2070431751 290508 0 2088903503
k12 v76 0 0 2070431751 290509 0 2099624584
k8 v19 0 0 2070431751 290510 0 3233992585
k15 v59 0 0 2070431751 290511 0 1524413253
k7 v56 0 0 2070431751 290512 0 3935437337
k4 v70 0 0 2070431751 290513 0 3851130573
k5 v41 0 0 2070431751 290514 0 801133435
k14 v75 0 0 2070431751 290515 0 2452725763
k11 v80 0 0 2070431751 290516 0 1168959414
k9 v57 0 0 2070431751 290517 0 535952454
k5 v76 0 0 2070431751 290518 0 422524935
k7 v27 0 0 2070431751 290519 0 98985676
k5 v56 0 0 2070431751 290520 0 930352427
k0 v56 0 0 2070431751 290521 0 3040900909
k10 v64 0 0 2070431751 290522 0 634884566
k17 v96 0 0 2070431751 290523 0 3434004891
k18 v73 0 0 2070431751 290524 0 229265531
k14 v18 0 0 2070431751 290525 0 3491437873
k19 v28 0 0 2070431751 290526 0 465486960
k11 v79 0 0 2070431751 290527 0 3931638388
k4 v55 0 0 2070431751 290528 0 3413581885
k11 v79 0 0 2070431751 290529 0 1960519674
k6 v16 0 0 2070431751 290530 0 1386896026
k11 v68 0 0 2070431751 290531 0 1199406877
k9 v43 0 0 2070431751 290532 0 2956309674
k19 v30 0 0 2070431751 290533 0 1695158062
k16 v11 0 0 2070431751 290534 0 3722999898
k0 v41 0 0 2070431751 290535 0 2926640403
k5 v9 0 0 2070431750 290536 0 3332579501
k18 v75 0 0 2070431749 290537 0 1744370604
k10 v72 0 0 2070431751 290538 0 3305311520
k11 v92 0 0 2070431751 290539 0 2493831685
k11 v15 0 0 2070431751 290540 0 2225068076
k10 v87 0 0 2070431751 290541 0 1980891101
k4 v39 0 0 2070431751 290542 0 270437416
k8 v4 0 0 2070431751 290543 0 917116318
k8 v25 0 0 2070431751 290544 0 172849006
k14 v64 0 0 2070431751 290545 0 1850202672
k18 v42 0 0 2070431751 290546 0 627636206
k19 v44 0 0 2070431751 290547 0 589541806
k16 v19 0 0 2070431750 290548 0 627308543
k2 v35 0 0 2070431751 290549 0 3440777842
k19 v70 0 0 2070431751 290550 0 1481843940
k14 v60 0 0 2070431751 290551 0 1157930586
k19 v15 0 0 2070431751 290552 0 3084030911
k1 v74 0 0 2070431751 290553 0 926981647
k14 v42 0 0 2070431751 290554 0 377036270
k16 v17 0 0 2070431751 290555 0 1146988668
k14 v66 0 0 2070431748 290556 0 2253560352
k15 v78 0 0 2070431750 290557 0 1183221434
k4 v86 0 0 2070431751 290558 0 3376477473
k7 v49 0 0 2070431751 290559 0 3978985649
k4 v29 0 0 2070431751 290560 0 3195451738
k11 v50 0 0 2070431750 290561 0 1809443129
k1 v13 0 0 2070431751 290562 0 996454978
k8 v17 0 0 2070431751 290563 0 4149789096
k2 v12 0 0 2070431751 290564 0 2126256063
k0 v16 0 0 2070431751 290565 0 3302760014
k2 v92 0 0 2070431751 290566 0 1769503819
k5 v75 0 0 2070431751 290567 0 877756295
k4 v90 0 0 2070431751 290568 0 3506394419
k2 v92 0 0 2070431751 290569 0 4007682180
k13 v52 0 0 2070431751 290570 0 2566002612
k4 v74 0 0 2070431751 290571 0 2648531876
k17 v60 0 0 2070431751 290572 0 457711818
k9 v37 0 0 2070431751 290573 0 2301444150
k9 v22 0 0 2070431751 290574 0 1916568944
k1 v90 0 0 2070431751 290575 0 4290513422
k16 v72 0 0 2070431751 290576 0 2974022152
k10 v12 0 0 2070431751 290577 0 3014638837
k17 v79 0 0 2070431751 290578 0 2260837930
k16 v74 0 0 2070431751 290579 0 3002628882
k4 v44 0 0 2070431751 290580 0 4102330171
k11 v49 0 0 2070431751 290581 0 3398150855
k14 v74 0 0 2070431751 290582 0 3083220493
k0 v14 0 0 2070431751 290583 0 1389814350
k3 v62 0 0 2070431751 290584 0 2260096569
k1 v40 0 0 2070431751 290585 0 1546765152
k19 v50 0 0 2070431751 290586 0 3793031500
k10 v71 0 0 2070431751 290587 0 3781669828
k1 v10 0 0 2070431751 290588 0 1690057224
k6 v49 0 0 2070431751 290589 0 2122447158
k2 v64 0 0 2070431751 290590 0 4232613387
k19 v48 0 0 2070431751 290591 0 2929178768
k1 v66 0 0 2070431751 290592 0 1918214968
k9 v34 0 0 2070431752 290593 0 2727683861
k11 v97 0 0 2070431752 290594 0 2308503138
k0 v24 0 0 2070431752 290595 0 4041190143
k2 v84 0 0 2070431752 290596 0 4149355230
k18 v28 0 0 2070431752 290597 0 453834727
k10 v24 0 0 2070431752 290598 0 1327207909
k12 v11 0 0 2070431752 290599 0 3942786481
k18 v83 0 0 2070431752 290600 0 3127731762
k0 v61 0 0 2070431752 290601 0 2963550014
k16 v18 0 0 2070431752 290602 0 3983680636
k7 v31 0 0 2070431752 290603 0 2030588471
k8 v86 0 0 2070431752 290604 0 4292948606
k0 v1 0 0 2070431752 290605 0 1762280662
k10 v71 0 0 2070431751 290606 0 3839524051
k13 v7 0 0 2070431752 290607 0 2357749327
k4 v6 0 0 2070431751 290608 0 4023257323
k13 v38 0 0 2070431752 290609 0 1903015821
k4 v60 0 0 2070431752 290610 0 3443977885
k0 v71 0 0 2070431752 290611 0 784123543
k17 v92 0 0 2070431752 290612 0 86248919
k18 v54 0 0 2070431752 290613 0 3642193670
k6 v24 0 0 2070431752 290614 0 413669266
k10 v32 0 0 2070431752 290615 0 4259974069
k12 v35 0 0 2070431752 290616 0 3658820876
k13 v64 0 0 2070431751 290617 0 1052134681
k5 v48 0 0 2070431752 290618 0 3891485070
k10 v27 0 0 2070431752 290619 0 3842971448
k15 v68 0 0 2070431749 290620 0 2312316384
k14 v35 0 0 2070431751 290621 0 4099371019
k12 v22 0 0 2070431752 290622 0 3265360732
k17 v14 0 0 2070431752 290623 0 3215464044
k2 v65 0 0 2070431752 290624 0 1831614373
k7 v73 0 0 2070431752 290625 0 4108407784
k3 v54 0 0 2070431752 290626 0 3658483286
k15 v56 0 0 2070431752 290627 0 3999625910
k16 v96 0 0 2070431752 290628 0 672357001
k5 v72 0 0 2070431752 290629 0 3500536907
k8 v27 0 0 2070431752 290630 0 1033534062
k18 v8 0 0 2070431752 290631 0 607159537
k16 v3 0 0 2070431752 290632 0 4141691082
k19 v29 0 0 2070431752 290633 0 2656487753
k13 v65 0 0 2070431752 290634 0 4260886033
k12 v62 0 0 2070431752 290635 0 2665188119
k10 v72 0 0 2070431752 290636 0 3350890659
k1 v1 0 0 2070431752 290637 0 1314061517
k0 v57 0 0 2070431752 290638 0 2619159832
k1 v85 0 0 2070431752 290639 0 2087327314
k3 v0 0 0 2070431752 290640 0 1332448841
k16 v66 0 0 2070431752 290641 0 2974356060
k1 v23 0 0 2070431752 290642 0 3754183874
k10 v35 0 0 2070431752 290643 0 1279248459
k13 v90 0 0 2070431752 290644 0 2670182309
k4 v18 0 0 2070431752 290645 0 1120307417
k17 v61 0 0 2070431752 290646 0 2218772700
k0 v19 0 0 2070431752 290647 0 365654158
k15 v66 0 0 2070431752 290648 0 376344616
k4 v60 0 0 2070431752 290649 0 441423679
k0 v50 0 0 2070431752 290650 0 2970445105
k3 v47 0 0 2070431752 290651 0 2691516480
k6 v92 0 0 2070431752 290652 0 2469662344
k8 v99 0 0 2070431752 290653 0 1429116397
k7 v96 0 0 2070431752 290654 0 284207235
k6 v51 0 0 2070431752 290655 0 1154996296
k4 v9 0 0 2070431752 290656 0 2241237068
k19 v57 0 0 2070431752 290657 0 2393423296
k5 v37 0 0 2070431752 290658 0 4118939435
k11 v63 0 0 2070431752 290659 0 627161810
k0 v2 0 0 2070431752 290660 0 3210314219
k5 v56 0 0 2070431752 290661 0 3042720955
k0 v57 0 0 2070431752 290662 0 1614356345
k4 v6 0 0 2070431752 290663 0 2251860593
k4 v67 0 0 2070431752 290664 0 1294048143
k9 v46 0 0 2070431752 290665 0 1309644948
k8 v9 0 0 2070431752 290666 0 1647483669
k4 v48 0 0 2070431752 290667 0 4267161872
k12 v83 0 0 2070431752 290668 0 2601910343
k14 v36 0 0 2070431751 290669 0 2486050581
k16 v40 0 0 2070431752 290670 0 3404923372
k17 v79 0 0 2070431750 290671 0 2300359187
k13 v67 0 0 2070431752 290672 0 1718259655
k11 v98 0 0 2070431752 290673 0 2725089888
k19 v44 0 0 2070431752 290674 0 2524116025
k10 v8 0 0 2070431751 290675 0 1889126602
k15 v89 0 0 2070431752 290676 0 637239150
k2 v75 0 0 2070431752 290677 0 3742377235
k0 v98 0 0 2070431738 290678 0 844793194
k0 v17 0 0 2070431738 290679 0 1915538812
k0 v11 0 0 2070431738 290680 0 747744477
k5 v57 0 0 2070431749 290681 0 2427724514
k8 v77 0 0 2070431752 290682 0 2396680232
k5 v56 0 0 2070431752 290683 0 2381607731
k13 v27 0 0 2070431752 290684 0 697658311
k4 v95 0 0 2070431751 290685 0 1458600325
k15 v37 0 0 2070431752 290686 0 1773402273
k4 v68 0 0 2070431752 290687 0 269325671
k12 v68 0 0 2070431752 290688 0 1882569349
k18 v55 0 0 2070431752 290689 0 1229889349
k11 v71 0 0 2070431753 290690 0 1678183795
k5 v22 0 0 2070431752 290691 0 2567575175
k0 v65 0 0 2070431750 290692 0 2559617878
k19 v1 0 0 2070431749 290693 0 3189039748
k0 v69 0 0 2070431727 290694 0 1935169003
k10 v2 0 0 2070431753 290695 0 1865892483
k3 v21 0 0 2070431750 290696 0 3591223437
k13 v53 0 0 2070431753 290697 0 3906617260
k5 v39 0 0 2070431753 290698 0 701150646
k15 v43 0 0 2070431749 290699 0 2196958029
k10 v92 0 0 2070431753 290700 0 880802359
k3 v5 0 0 2070431751 290701 0 1287694157
k0 v89 0 0 2070431753 290702 0 2710290692
k14 v49 0 0 2070431753 290703 0 2242714956
k2 v39 0 0 2070431752 290704 0 2281782880
k12 v42 0 0 2070431753 290705 0 206525384
k15 v43 0 0 2070431753 290706 0 884777955
k18 v47 0 0 2070431753 290707 0 4175196570
k11 v69 0 0 2070431751 290708 0 1536657856
k16 v78 0 0 2070431753 290709 0 2360188810
k8 v34 0 0 2070431753 290710 0 2054883247
k10 v25 0 0 2070431753 290711 0 2467204167
k3 v74 0 0 2070431753 290712 0 753408909
k6 v35 0 0 2070431753 290713 0 3645005430
k9 v73 0 0 2070431753 290714 0 1993968215
k8 v42 0 0 2070431753 290715 0 3939035239
k4 v93 0 0 2070431753 290716 0 213314564
k2 v98 0 0 2070431753 290717 0 3390387271
k1 v89 0 0 2070431753 290718 0 3252005229
k1 v48 0 0 2070431752 290719 0 1174974009
k7 v92 0 0 2070431750 290720 0 3316117571
k7 v16 0 0 2070431753 290721 0 959194318
k9 v79 0 0 2070431753 290722 0 1976578998
k6 v16 0 0 2070431753 290723 0 2422844568
k19 v96 0 0 2070431753 290724 0 2259724790
k6 v4 0 0 2070431753 290725 0 1206091228
k5 v14 0 0 2070431753 290726 0 1362433900
k1 v11 0 0 2070431750 290727 0 3984019522
k19 v58 0 0 2070431753 290728 0 83271760
k15 v96 0 0 2070431753 290729 0 872101134
k12 v18 0 0 2070431753 290730 0 2840084175
k15 v57 0 0 2070431753 290731 0 2827805626
k10 v94 0 0 2070431753 290732 0 2150415161
k6 v36 0 0 2070431753 290733 0 1970259922
k3 v94 0 0 2070431753 290734 0 2868470997
k8 v54 0 0 2070431750 290735 0 2084185505
k18 v71 0 0 2070431753 290736 0 482140596
k18 v18 0 0 2070431753 290737 0 187054279
k9 v7 0 0 2070431753 290738 0 2159819820
k14 v22 0 0 2070431753 290739 0 3108754721
k5 v76 0 0 2070431753 290740 0 1058127634
k9 v6 0 0 2070431753 290741 0 827763366
k3 v33 0 0 2070431753 290742 0 3651042126
k14 v86 0 0 2070431753 290743 0 3375417468
k18 v12 0 0 2070431753 290744 0 1917967807
k3 v5 0 0 2070431753 290745 0 1837157864
k5 v8 0 0 2070431753 290746 0 2181939718
k9 v19 0 0 2070431753 290747 0 4195860103
k6 v84 0 0 2070431751 290748 0 1171518200
k10 v78 0 0 2070431753 290749 0 1718502700
k0 v96 0 0 2070431753 290750 0 1983091410
k1 v72 0 0 2070431753 290751 0 1769582254
k16 v87 0 0 2070431753 290752 0 1494776741
k18 v94 0 0 2070431753 290753 0 2634266092
k16 v29 0 0 2070431753 290754 0 3616317263
k14 v68 0 0 2070431753 290755 0 1419723290
k17 v0 0 0 2070431753 290756 0 1521207181
k12 v30 0 0 2070431753 290757 0 2610627445
k0 v82 0 0 2070431753 290758 0 1876783133
k15 v27 0 0 2070431753 290759 0 222270296
k18 v65 0 0 2070431753 290760 0 2635787294
k12 v44 0 0 2070431753 290761 0 3901585323
k14 v38 0 0 2070431753 290762 0 2495344033
k9 v95 0 0 2070431753 290763 0 1799068528
k16 v30 0 0 2070431753 290764 0 2997636988
k10 v30 0 0 2070431753 290765 0 1182600263
k15 v67 0 0 2070431753 290766 0 2585277813
k17 v83 0 0 2070431753 290767 0 4088868916
k0 v67 0 0 2070431753 290768 0 2514359019
k0 v44 0 0 2070431753 290769 0 3349704477
k3 v17 0 0 2070431753 290770 0 1137135025
k0 v91 0 0 2070431753 290771 0 2380845422
k16 v64 0 0 2070431753 290772 0 653979313
k18 v56 0 0 2070431753 290773 0 1665276611
k1 v52 0 0 2070431753 290774 0 4082012152
k11 v44 0 0 2070431753 290775 0 4224115109
k15 v32 0 0 2070431753 290776 0 1030948984
k1 v92 0 0 2070431753 290777 0 4016624118
k18 v10 0 0 2070431753 290778 0 376199782
k2 v88 0 0 2070431753 290779 0 3485591269
k3 v87 0 0 2070431753 290780 0 4071850084
k5 v95 0 0 2070431753 290781 0 1400256077
k4 v80 0 0 2070431753 290782 0 1467538651
k6 v98 0 0 2070431753 290783 0 2717150047
k2 v82 0 0 2070431753 290784 0 640057259
k9 v54 0 0 2070431753 290785 0 1704142711
k9 v23 0 0 2070431753 290786 0 3323810943
k12 v32 0 0 2070431753 290787 0 1502471850
k18 v12 0 0 2070431753 290788 0 3623775191
k15 v55 0 0 2070431753 290789 0 2798579935
k9 v62 0 0 2070431753 290790 0 3860571699
k5 v61 0 0 2070431753 290791 0 1347172365
k1 v37 0 0 2070431753 290792 0 1916653741
k13 v34 0 0 2070431753 290793 0 594755224
k0 v85 0 0 2070431753 290794 0 724984038
k13 v83 0 0 2070431753 290795 0 3397497880
k9 v39 0 0 2070431753 290796 0 252714472
k8 v7 0 0 2070431753 290797 0 496746997
k4 v12 0 0 2070431753 290798 0 3702759938
k0 v63 0 0 2070431753 290799 0 3379859406
k19 v35 0 0 2070431754 290800 0 3714180114
k14 v93 0 0 2070431754 290801 0 452544748
k10 v64 0 0 2070431754 290802 0 2631504641
k17 v55 0 0 2070431754 290803 0 3976364875
k4 v84 0 0 2070431754 290804 0 326818035
k3 v48 0 0 2070431754 290805 0 2565161274
k3 v88 0 0 2070431754 290806 0 2227380020
k13 v41 0 0 2070431754 290807 0 1476759323
k4 v20 0 0 2070431754 290808 0 806646957
k2 v47 0 0 2070431754 290809 0 3552351427
k0 v76 0 0 2070431754 290810 0 4031983601
k17 v70 0 0 2070431754 290811 0 297294492
k2 v71 0 0 2070431754 290812 0 3468113929
k6 v77 0 0 2070431754 290813 0 1406350606
k4 v98 0 0 2070431754 290814 0 1582566577
k14 v84 0 0 2070431754 290815 0 29999826
k13 v20 0 0 2070431754 290816 0 3548834541
k6 v7 0 0 2070431754 290817 0 2325542274
k6 v18 0 0 2070431754 290818 0 981834018
k5 v28 0 0 2070431754 290819 0 778376125
k11 v77 0 0 2070431754 290820 0 107676013
k19 v79 0 0 2070431754 290821 0 103889005
k12 v1 0 0 2070431754 290822 0 1203814853
k3 v58 0 0 2070431754 290823 0 1390522700
k1 v52 0 0 2070431754 290824 0 2804110428
k15 v99 0 0 2070431754 290825 0 2977370988
k6 v94 0 0 2070431754 290826 0 1350844008
k13 v29 0 0 2070431754 290827 0 812091393
k15 v68 0 0 2070431754 290828 0 766237001
k5 v55 0 0 2070431754 290829 0 4086639889
k11 v65 0 0 2070431754 290830 0 1388158536
k11 v10 0 0 2070431754 290831 0 164362574
k1 v7 0 0 2070431754 290832 0 2444684265
k14 v18 0 0 2070431754 290833 0 1024001593
k11 v6 0 0 2070431754 290834 0 3361998759
k19 v67 0 0 2070431754 290835 0 3854393255
k13 v97 0 0 2070431754 290836 0 1873417093
k2 v0 0 0 2070431754 290837 0 889001087
k14 v41 0 0 2070431754 290838 0 2875372835
k2 v46 0 0 2070431754 290839 0 3030192604
k1 v42 0 0 2070431754 290840 0 1477996148
k4 v97 0 0 2070431754 290841 0 1500990014
k16 v2 0 0 2070431754 290842 0 2957337533
k13 v98 0 0 2070431754 290843 0 1796047204
k14 v36 0 0 2070431754 290844 0 2319174753
k9 v36 0 0 2070431754 290845 0 48018454
k17 v93 0 0 2070431754 290846 0 609505226
k14 v39 0 0 2070431754 290847 0 3716804483
k13 v35 0 0 2070431754 290848 0 4288566793
k6 v0 0 0 2070431754 290849 0 4086348916
k17 v28 0 0 2070431754 290850 0 525505174
k15 v33 0 0 2070431754 290851 0 1182230744
k17 v64 0 0 2070431754 290852 0 3970681156
k16 v30 0 0 2070431754 290853 0 2903342765
k15 v87 0 0 2070431754 290854 0 721550417
k0 v59 0 0 2070431754 290855 0 309723700
k0 v2 0 0 2070431754 290856 0 3455444608
k7 v51 0 0 2070431754 290857 0 3408015018
k19 v95 0 0 2070431754 290858 0 3527779578
k2 v76 0 0 2070431754 290859 0 3406753677
k14 v4 0 0 2070431754 290860 0 730104068
k18 v36 0 0 2070431754 290861 0 4096593663
k11 v35 0 0 2070431754 290862 0 3949181188
k8 v56 0 0 2070431754 290863 0 978069740
k14 v14 0 0 2070431754 290864 0 2813685758
k13 v18 0 0 2070431754 290865 0 455212026
k4 v98 0 0 2070431754 290866 0 1764587702
k1 v25 0 0 2070431754 290867 0 61116296
k1 v37 0 0 2070431754 290868 0 3509085781
k16 v54 0 0 2070431754 290869 0 3983853281
k10 v63 0 0 2070431754 290870 0 1256472981
k8 v43 0 0 2070431754 290871 0 3186127832
k3 v41 0 0 2070431754 290872 0 710356108
k18 v88 0 0 2070431754 290873 0 2160969400
k0 v67 0 0 2070431754 290874 0 1779379871
k5 v69 0 0 2070431754 290875 0 4056096766
k5 v39 0 0 2070431754 290876 0 1473104664
k13 v92 0 0 2070431754 290877 0 1513249287
k17 v51 0 0 2070431754 290878 0 1163175772
k8 v94 0 0 2070431754 290879 0 1017434384
k16 v22 0 0 2070431754 290880 0 3689696047
k10 v43 0 0 2070431754 290881 0 3160880788
k3 v66 0 0 2070431754 290882 0 613141599
k4 v31 0 0 2070431754 290883 0 659440646
k17 v69 0 0 2070431754 290884 0 75037500
k16 v26 0 0 2070431754 290885 0 3900068915
k15 v68 0 0 2070431754 290886 0 3200217361
k6 v65 0 0 2070431754 290887 0 1836727959
k15 v37 0 0 2070431753 290888 0 3678773890
k19 v16 0 0 2070431753 290889 0 1125665613
k7 v21 0 0 2070431754 290890 0 3835610961
k12 v16 0 0 2070431754 290891 0 4137343088
k13 v1 0 0 2070431754 290892 0 1555909348
k8 v74 0 0 2070431754 290893 0 521803808
k19 v22 0 0 2070431754 290894 0 3359784852
k6 v37 0 0 2070431755 290895 0 3586770709
k2 v36 0 0 2070431754 290896 0 1467289245
k16 v32 0 0 2070431755 290897 0 3323933919
k19 v59 0 0 2070431755 290898 0 4089998630
k13 v80 0 0 2070431755 290899 0 1469165327
k2 v50 0 0 2070431755 290900 0 150367612
k7 v53 0 0 2070431755 290901 0 627792560
k5 v29 0 0 2070431755 290902 0 3710057724
k12 v37 0 0 2070431755 290903 0 1053351101
k6 v8 0 0 2070431755 290904 0 2835012524
k12 v96 0 0 2070431755 290905 0 3435350134
k4 v67 0 0 2070431755 290906 0 691838192
k2 v81 0 0 2070431754 290907 0 1185631792
k15 v26 0 0 2070431755 290908 0 1362633984
k7 v7 0 0 2070431755 290909 0 1994633472
k6 v50 0 0 2070431755 290910 0 157853400
k7 v86 0 0 2070431755 290911 0 2817683147
k5 v86 0 0 2070431755 290912 0 1632235233
k4 v57 0 0 2070431755 290913 0 781680737
k17 v69 0 0 2070431755 290914 0 2143266632
k18 v46 0 0 2070431755 290915 0 2298428637
k18 v17 0 0 2070431755 290916 0 1268175741
k0 v55 0 0 2070431754 290917 0 1287885540
k12 v43 0 0 2070431755 290918 0 4227072576
k19 v46 0 0 2070431755 290919 0 3208222981
k2 v1 0 0 2070431755 290920 0 1796191282
k2 v43 0 0 2070431755 290921 0 572147207
k15 v17 0 0 2070431755 290922 0 3056246849
k5 v68 0 0 2070431755 290923 0 2955093550
k16 v71 0 0 2070431755 290924 0 3834357481
k6 v10 0 0 2070431755 290925 0 1688266879
k12 v81 0 0 2070431755 290926 0 2599742166
k5 v19 0 0 2070431755 290927 0 3637468724
k11 v36 0 0 2070431755 290928 0 3443184483
k16 v41 0 0 2070431755 290929 0 708532807
k17 v2 0 0 2070431755 290930 0 3825341569
k12 v44 0 0 2070431755 290931 0 3371617268
k17 v46 0 0 2070431755 290932 0 2990188028
k17 v45 0 0 2070431755 290933 0 76077431
k15 v96 0 0 2070431755 290934 0 2703712192
k10 v55 0 0 2070431755 290935 0 3148965313
k10 v47 0 0 2070431755 290936 0 3314074384
k15 v31 0 0 2070431755 290937 0 2860032667
k6 v45 0 0 2070431755 290938 0 1986374463
k0 v34 0 0 2070431755 290939 0 2385794330
k18 v83 0 0 2070431755 290940 0 4022523809
k14 v49 0 0 2070431755 290941 0 2518854054
k2 v78 0 0 2070431755 290942 0 1154904301
k13 v94 0 0 2070431755 290943 0 3425557364
k2 v26 0 0 2070431755 290944 0 2253855529
k5 v27 0 0 2070431755 290945 0 2358413696
k18 v66 0 0 2070431755 290946 0 1105046664
k5 v54 0 0 2070431755 290947 0 2028609680
k17 v63 0 0 2070431755 290948 0 2194967185
k9 v54 0 0 2070431755 290949 0 3867996075
k5 v52 0 0 2070431755 290950 0 2991210933
k6 v38 0 0 2070431755 290951 0 2090658865
k5 v97 0 0 2070431755 290952 0 2633891557
k0 v27 0 0 2070431755 290953 0 1076170614
k10 v88 0 0 2070431755 290954 0 3097993420
k16 v67 0 0 2070431755 290955 0 3810959206
k14 v45 0 0 2070431755 290956 0 194472125
k3 v21 0 0 2070431755 290957 0 3599724186
k2 v84 0 0 2070431755 290958 0 551043221
k12 v66 0 0 2070431755 290959 0 715672255
k15 v93 0 0 2070431755 290960 0 3893004336
k0 v89 0 0 2070431755 290961 0 2828767425
k19 v70 0 0 2070431755 290962 0 2797554045
k2 v67 0 0 2070431755 290963 0 3171706493
k16 v16 0 0 2070431755 290964 0 4110134624
k3 v8 0 0 2070431755 290965 0 4276445599
k8 v39 0 0 2070431755 290966 0 3113209525
k0 v87 0 0 2070431755 290967 0 3879304224
k11 v61 0 0 2070431755 290968 0 2790545929
k13 v32 0 0 2070431755 290969 0 1884516942
k15 v24 0 0 2070431755 290970 0 1449185025
k7 v90 0 0 2070431755 290971 0 3095792690
k7 v14 0 0 2070431755 290972 0 4172594654
k17 v31 0 0 2070431755 290973 0 613096618
k19 v6 0 0 2070431755 290974 0 37285504
k9 v87 0 0 2070431755 290975 0 1325915495
k4 v80 0 0 2070431755 290976 0 519577686
k16 v61 0 0 2070431755 290977 0 1454879839
k19 v21 0 0 2070431755 290978 0 3050731427
k13 v86 0 0 2070431755 290979 0 1636858037
k15 v30 0 0 2070431755 290980 0 2349588731
k3 v38 0 0 2070431755 290981 0 4016780325
k16 v46 0 0 2070431755 290982 0 622633161
k15 v16 0 0 2070431755 290983 0 3351326608
k9 v28 0 0 2070431755 290984 0 3773420337
k15 v34 0 0 2070431755 290985 0 3214016487
k18 v17 0 0 2070431755 290986 0 1145563378
k4 v26 0 0 2070431755 290987 0 1235928052
k6 v50 0 0 2070431755 290988 0 3462403935
k14 v33 0 0 2070431755 290989 0 1762917548
k18 v33 0 0 2070431755 290990 0 3119959911
k6 v0 0 0 2070431755 290991 0 1200079572
k11 v89 0 0 2070431755 290992 0 435367868
k17 v87 0 0 2070431755 290993 0 4107937760
k19 v23 0 0 2070431755 290994 0 3644023593
k16 v6 0 0 2070431755 290995 0 3441945227
k4 v70 0 0 2070431755 290996 0 1483965042
k9 v36 0 0 2070431756 290997 0 3265996255
k8 v69 0 0 2070431756 290998 0 805053632
k15 v26 0 0 2070431756 290999 0 3380422701
k6 v56 0 0 2070431755 291000 0 3437311744
k18 v73 0 0 2070431756 291001 0 1931649227
k2 v48 0 0 2070431756 291002 0 4129700619
k5 v8 0 0 2070431756 291003 0 270828018
k17 v85 0 0 2070431756 291004 0 2959318525
k8 v19 0 0 2070431756 291005 0 3154936160
k10 v28 0 0 2070431756 291006 0 2206951799
k2 v85 0 0 2070431756 291007 0 168543278
k8 v66 0 0 2070431756 291008 0 484051284
k3 v44 0 0 2070431756 291009 0 1570190847
k11 v25 0 0 2070431756 291010 0 4180756671
k9 v67 0 0 2070431756 291011 0 852363704
k2 v71 0 0 2070431756 291012 0 1950760491
k8 v44 0 0 2070431753 291013 0 2550580029
k16 v23 0 0 2070431756 291014 0 1875347648
k5 v3 0 0 2070431756 291015 0 1976489787
k17 v60 0 0 2070431756 291016 0 2077379047
k15 v94 0 0 2070431756 291017 0 2376585016
k5 v96 0 0 2070431756 291018 0 3399214124
k10 v94 0 0 2070431756 291019 0 2282465777
k10 v78 0 0 2070431756 291020 0 1534500282
k11 v68 0 0 2070431756 291021 0 1187300785
k11 v73 0 0 2070431756 291022 0 3225521812
k0 v66 0 0 2070431756 291023 0 4229122007
k9 v54 0 0 2070431756 291024 0 2571668621
k18 v72 0 0 2070431756 291025 0 1907198695
k10 v27 0 0 2070431756 291026 0 4237348152
k19 v67 0 0 2070431756 291027 0 1824018736
k19 v64 0 0 2070431756 291028 0 1149829173
k10 v12 0 0 2070431756 291029 0 731677451
k8 v87 0 0 2070431756 291030 0 1626147571
k12 v75 0 0 2070431756 291031 0 409473928
k7 v0 0 0 2070431756 291032 0 3102872024
k10 v91 0 0 2070431756 291033 0 1525302538
k0 v11 0 0 2070431756 291034 0 976460780
k10 v15 0 0 2070431756 291035 0 1739522211
k5 v74 0 0 2070431756 291036 0 1318938608
k18 v63 0 0 2070431756 291037 0 3101964938
k8 v78 0 0 2070431756 291038 0 2562621428
k5 v14 0 0 2070431756 291039 0 1060667129
k11 v16 0 0 2070431756 291040 0 726484349
k2 v33 0 0 2070431753 291041 0 3380073296
k19 v41 0 0 2070431756 291042 0 1973765487
k9 v94 0 0 2070431756 291043 0 3851381557
k4 v72 0 0 2070431756 291044 0 1723098358
k11 v59 0 0 2070431753 291045 0 1891421126
k17 v64 0 0 2070431756 291046 0 871653461
k18 v25 0 0 2070431753 291047 0 1670494981
k2 v41 0 0 2070431756 291048 0 4085028521
k14 v97 0 0 2070431756 291049 0 557156163
k13 v91 0 0 2070431756 291050 0 61821766
k18 v66 0 0 2070431753 291051 0 2304327621
k6 v42 0 0 2070431756 291052 0 2812606541
k11 v34 0 0 2070431756 291053 0 799542136
k10 v16 0 0 2070431756 291054 0 3582984346
k15 v56 0 0 2070431756 291055 0 1163755047
k5 v80 0 0 2070431756 291056 0 1223196469
k1 v73 0 0 2070431756 291057 0 2987601155
k12 v31 0 0 2070431753 291058 0 3654497781
k3 v34 0 0 2070431756 291059 0 851145036
k16 v0 0 0 2070431756 291060 0 4056458751
k0 v4 0 0 2070431753 291061 0 4139801485
k19 v31 0 0 2070431752 291062 0 2609650083
k13 v14 0 0 2070431753 291063 0 1817995729
k4 v23 0 0 2070431752 291064 0 155058689
k5 v15 0 0 2070431756 291065 0 4028745816
k3 v79 0 0 2070431756 291066 0 332255692
k18 v90 0 0 2070431753 291067 0 359871713
k9 v3 0 0 2070431756 291068 0 550308595
k13 v2 0 0 2070431754 291069 0 3815282823
k11 v80 0 0 2070431756 291070 0 385936409
k3 v27 0 0 2070431756 291071 0 3382043006
k5 v41 0 0 2070431756 291072 0 2104252628
k8 v7 0 0 2070431756 291073 0 2604545686
k9 v70 0 0 2070431756 291074 0 900375618
k16 v65 0 0 2070431756 291075 0 3834338397
k13 v52 0 0 2070431757 291076 0 41508919
k4 v77 0 0 2070431757 291077 0 2835306989
k14 v43 0 0 2070431757 291078 0 285109711
k0 v17 0 0 2070431757 291079 0 3223179318
k7 v92 0 0 2070431757 291080 0 1648520581
k0 v3 0 0 2070431757 291081 0 2572213998
k11 v0 0 0 2070431757 291082 0 1611912361
k8 v31 0 0 2070431757 291083 0 1374724111
k12 v16 0 0 2070431756 291084 0 819871776
k15 v30 0 0 2070431756 291085 0 1067152743
k3 v23 0 0 2070431748 291086 0 3247758764
k7 v78 0 0 2070431756 291087 0 1702057810
k1 v74 0 0 2070431757 291088 0 280822930
k11 v28 0 0 2070431757 291089 0 1574555210
k7 v75 0 0 2070431757 291090 0 1359719825
k8 v50 0 0 2070431756 291091 0 1039439524
k15 v21 0 0 2070431756 291092 0 2342859087
k13 v85 0 0 2070431757 291093 0 1006997944
k14 v80 0 0 2070431756 291094 0 3806154576
k16 v15 0 0 2070431757 291095 0 1264121745
k16 v64 0 0 2070431752 291096 0 605361960
k10 v48 0 0 2070431757 291097 0 2950063841
k13 v56 0 0 2070431757 291098 0 3632892906
k14 v98 0 0 2070431755 291099 0 3690816466
k14 v57 0 0 2070431757 291100 0 3034840800
k18 v74 0 0 2070431757 291101 0 3866124707
k15 v72 0 0 2070431756 291102 0 507684682
k10 v13 0 0 2070431757 291103 0 3280397138
k13 v59 0 0 2070431756 291104 0 1935993011
k15 v3 0 0 2070431757 291105 0 1794484857
k18 v94 0 0 2070431757 291106 0 2063530964
k14 v15 0 0 2070431757 291107 0 596974096
k15 v74 0 0 2070431756 291108 0 1619972629
k5 v63 0 0 2070431757 291109 0 3251341200
k1 v50 0 0 2070431757 291110 0 3307223124
k6 v50 0 0 2070431757 291111 0 2860683707
k7 v93 0 0 2070431757 291112 0 2189322411
k7 v25 0 0 2070431757 291113 0 1101680554
k1 v11 0 0 2070431757 291114 0 3604136621
k19 v32 0 0 2070431757 291115 0 2390211882
k0 v47 0 0 2070431757 291116 0 1989627915
k9 v36 0 0 2070431757 291117 0 4173755814
k7 v48 0 0 2070431757 291118 0 3794965770
k4 v70 0 0 2070431757 291119 0 1795803431
k1 v88 0 0 2070431757 291120 0 4067221228
k2 v88 0 0 2070431756 291121 0 1362679310
k11 v26 0 0 2070431757 291122 0 318684757
k14 v99 0 0 2070431757 291123 0 2998484967
k2 v15 0 0 2070431757 291124 0 3969691280
k8 v99 0 0 2070431757 291125 0 4000070531
k10 v86 0 0 2070431757 291126 0 752327054
k1 v97 0 0 2070431757 291127 0 1583922068
k10 v29 0 0 2070431757 291128 0 268291114
k7 v61 0 0 2070431757 291129 0 3843552923
k12 v70 0 0 2070431757 291130 0 1592759597
k9 v3 0 0 2070431753 291131 0 127408720
k7 v64 0 0 2070431757 291132 0 749442424
k6 v42 0 0 2070431756 291133 0 42914523
k19 v9 0 0 2070431757 291134 0 3277795423
k13 v4 0 0 2070431757 291135 0 4211533875
k10 v75 0 0 2070431757 291136 0 3467194717
k18 v48 0 0 2070431757 291137 0 440715124
k13 v0 0 0 2070431757 291138 0 4554023
k2 v23 0 0 2070431757 291139 0 2815272412
k0 v70 0 0 2070431757 291140 0 3160150294
k2 v21 0 0 2070431756 291141 0 1816088387
k11 v27 0 0 2070431757 291142 0 1930754465
k17 v67 0 0 2070431757 291143 0 2503786017
k9 v54 0 0 2070431757 291144 0 3922958276
k8 v19 0 0 2070431757 291145 0 3474148935
k13 v13 0 0 2070431753 291146 0 1264027660
k2 v30 0 0 2070431757 291147 0 208818307
k0 v38 0 0 2070431756 291148 0 923617673
k17 v12 0 0 2070431757 291149 0 767426796
k4 v26 0 0 2070431757 291150 0 3032662082
k10 v25 0 0 2070431757 291151 0 138828813
k17 v92 0 0 2070431757 291152 0 3933911654
k9 v38 0 0 2070431757 291153 0 2187023129
k1 v13 0 0 2070431756 291154 0 3619626083
k15 v25 0 0 2070431757 291155 0 4144353870
k14 v9 0 0 2070431757 291156 0 120520623
k11 v82 0 0 2070431757 291157 0 3843932103
k14 v68 0 0 2070431757 291158 0 2104509633
k15 v8 0 0 2070431757 291159 0 4076453094
k6 v42 0 0 2070431757 291160 0 3821159277
k9 v96 0 0 2070431757 291161 0 1793445038
k13 v65 0 0 2070431757 291162 0 1160875025
k10 v50 0 0 2070431757 291163 0 2052839057
k12 v67 0 0 2070431757 291164 0 1121368015
k19 v43 0 0 2070431757 291165 0 2276988593
k8 v45 0 0 2070431757 291166 0 3115283236
k19 v52 0 0 2070431757 291167 0 1328794859
k9 v74 0 0 2070431757 291168 0 2720402907
k14 v65 0 0 2070431757 291169 0 3497839988
k4 v68 0 0 2070431757 291170 0 3158793200
k7 v86 0 0 2070431757 291171 0 428741723
k13 v70 0 0 2070431757 291172 0 4037260711
k10 v46 0 0 2070431757 291173 0 1616945901
k13 v43 0 0 2070431757 291174 0 1917771016
k19 v37 0 0 2070431757 291175 0 2708476295
k12 v19 0 0 2070431757 291176 0 20804165
k5 v97 0 0 2070431757 291177 0 1493162220
k5 v18 0 0 2070431757 291178 0 2248850804
k2 v58 0 0 2070431757 291179 0 4216393760
k15 v29 0 0 2070431757 291180 0 1369213107
k0 v18 0 0 2070431757 291181 0 3350923847
k10 v71 0 0 2070431758 291182 0 828236365
k12 v32 0 0 2070431758 291183 0 2021673364
k9 v47 0 0 2070431758 291184 0 161133144
k17 v67 0 0 2070431758 291185 0 324858479
k10 v7 0 0 2070431757 291186 0 1253029019
k11 v46 0 0 2070431758 291187 0 1292097708
k9 v64 0 0 2070431757 291188 0 929211215
k12 v47 0 0 2070431758 291189 0 3221419865
k14 v29 0 0 2070431758 291190 0 302848764
k11 v24 0 0 2070431757 291191 0 4282938619
k17 v9 0 0 2070431757 291192 0 1394634383
k1 v3 0 0 2070431757 291193 0 87086590
k1 v19 0 0 2070431758 291194 0 2621069067
k6 v32 0 0 2070431758 291195 0 623797473
k4 v53 0 0 2070431757 291196 0 2851064039
k15 v40 0 0 2070431758 291197 0 3367931613
k5 v51 0 0 2070431756 291198 0 2860218799
k17 v88 0 0 2070431757 291199 0 3361454441
k2 v21 0 0 2070431757 291200 0 2888989102
k2 v13 0 0 2070431758 291201 0 3722030636
k15 v93 0 0 2070431758 291202 0 2949983584
k10 v72 0 0 2070431757 291203 0 1114206780
k8 v85 0 0 2070431758 291204 0 1938480539
k11 v31 0 0 2070431757 291205 0 839939615
k9 v60 0 0 2070431757 291206 0 4222262222
k18 v14 0 0 2070431757 291207 0 1419930637
k17 v47 0 0 2070431758 291208 0 1586524937
k5 v44 0 0 2070431758 291209 0 266247484
k16 v27 0 0 2070431758 291210 0 4207246372
k13 v35 0 0 2070431758 291211 0 770044720
k1 v95 0 0 2070431758 291212 0 537016902
k19 v83 0 0 2070431757 291213 0 4044555665
k3 v91 0 0 2070431758 291214 0 3575883120
k11 v14 0 0 2070431758 291215 0 633135078
k7 v70 0 0 2070431758 291216 0 1373720983
k17 v10 0 0 2070431758 291217 0 3031245895
k8 v85 0 0 2070431758 291218 0 3741186208
k5 v84 0 0 2070431758 291219 0 957872838
k6 v94 0 0 2070431756 291220 0 371611463
k3 v12 0 0 2070431758 291221 0 541699024
k0 v7 0 0 2070431758 291222 0 2184067461
k0 v5 0 0 2070431758 291223 0 1375436360
k0 v37 0 0 2070431758 291224 0 3835017162
k7 v72 0 0 2070431758 291225 0 2990852737
k17 v67 0 0 2070431758 291226 0 659786644
k0 v25 0 0 2070431758 291227 0 2594967835
k12 v18 0 0 2070431758 291228 0 931601188
k1 v78 0 0 2070431758 291229 0 2754500553
k17 v68 0 0 2070431757 291230 0 3581158568
k19 v24 0 0 2070431758 291231 0 972230473
k11 v53 0 0 2070431758 291232 0 2596552551
k1 v51 0 0 2070431758 291233 0 1132149245
k9 v88 0 0 2070431753 291234 0 25465837
k14 v21 0 0 2070431748 291235 0 4210558576
k1 v60 0 0 2070431758 291236 0 544568349
k13 v37 0 0 2070431758 291237 0 3002463828
k0 v94 0 0 2070431752 291238 0 3065891832
k15 v78 0 0 2070431758 291239 0 2950356282
k3 v29 0 0 2070431758 291240 0 1957953464
k17 v11 0 0 2070431758 291241 0 2170255980
k17 v74 0 0 2070431758 291242 0 2009201782
k0 v41 0 0 2070431758 291243 0 1117603378
k14 v75 0 0 2070431758 291244 0 840522123
k10 v47 0 0 2070431758 291245 0 2593013046
k12 v95 0 0 2070431758 291246 0 1042957763
k4 v45 0 0 2070431758 291247 0 1749076476
k5 v15 0 0 2070431759 291248 0 891467868
k12 v37 0 0 2070431759 291249 0 2128619285
k13 v79 0 0 2070431758 291250 0 4063777789
k5 v86 0 0 2070431758 291251 0 1007267486
k19 v66 0 0 2070431758 291252 0 3462681103
k0 v91 0 0 2070431759 291253 0 656712392
k6 v69 0 0 2070431757 291254 0 1105923547
k13 v95 0 0 2070431759 291255 0 1125947005
k5 v5 0 0 2070431758 291256 0 1649044296
k9 v37 0 0 2070431758 291257 0 1362975614
k5 v39 0 0 2070431758 291258 0 3485003363
k17 v42 0 0 2070431758 291259 0 1791643836
k17 v74 0 0 2070431758 291260 0 1181960858
k11 v0 0 0 2070431759 291261 0 4263735513
k13 v34 0 0 2070431758 291262 0 1725992240
k19 v7 0 0 2070431759 291263 0 2484245192
k10 v32 0 0 2070431759 291264 0 248942272
k6 v57 0 0 2070431759 291265 0 769284469
k0 v97 0 0 2070431759 291266 0 3694556417
k1 v63 0 0 2070431759 291267 0 1554434787
k17 v69 0 0 2070431758 291268 0 2803975585
k7 v84 0 0 2070431759 291269 0 493109044
k6 v40 0 0 2070431759 291270 0 804381194
k13 v37 0 0 2070431758 291271 0 3819370766
k16 v51 0 0 2070431759 291272 0 3977279751
k19 v85 0 0 2070431759 291273 0 1681389252
k19 v44 0 0 2070431759 291274 0 2031769224
k2 v10 0 0 2070431758 291275 0 324218983
k0 v74 0 0 2070431758 291276 0 1832410834
k8 v44 0 0 2070431759 291277 0 3274616520
k6 v2 0 0 2070431759 291278 0 3957037541
k7 v57 0 0 2070431759 291279 0 467572378
k7 v38 0 0 2070431759 291280 0 1273110281
k18 v78 0 0 2070431756 291281 0 3846873728
k17 v35 0 0 2070431759 291282 0 3320789617
k9 v85 0 0 2070431759 291283 0 1694625966
k4 v60 0 0 2070431757 291284 0 1545183381
k4 v81 0 0 2070431759 291285 0 3860902928
k8 v55 0 0 2070431759 291286 0 735338604
k19 v14 0 0 2070431759 291287 0 3561538899
k19 v75 0 0 2070431759 291288 0 3230328604
k7 v1 0 0 2070431759 291289 0 1092470419
k11 v19 0 0 2070431759 291290 0 740523048
k6 v38 0 0 2070431757 291291 0 3720527001
k13 v70 0 0 2070431759 291292 0 4244776305
k13 v74 0 0 2070431759 291293 0 2868182889
k3 v37 0 0 2070431759 291294 0 1385128328
k11 v19 0 0 2070431759 291295 0 1364494445
k15 v39 0 0 2070431759 291296 0 2665577280
k16 v87 0 0 2070431759 291297 0 3054220238
k7 v73 0 0 2070431759 291298 0 2725404917
k0 v5 0 0 2070431759 291299 0 1810594237
k10 v52 0 0 2070431758 291300 0 3961279819
k14 v42 0 0 2070431759 291301 0 2787853977
k0 v38 0 0 2070431759 291302 0 3116553208
k9 v24 0 0 2070431759 291303 0 2013263166
k16 v12 0 0 2070431759 291304 0 3152668176
k3 v20 0 0 2070431759 291305 0 2187798830
k10 v20 0 0 2070431759 291306 0 3586458247
k17 v61 0 0 2070431760 291307 0 3946558331
k0 v73 0 0 2070431760 291308 0 1164215135
k0 v85 0 0 2070431759 291309 0 2995488523
k15 v28 0 0 2070431758 291310 0 1208177245
k13 v26 0 0 2070431760 291311 0 1329757553
k7 v91 0 0 2070431758 291312 0 999932928
k14 v13 0 0 2070431759 291313 0 2107372111
k5 v14 0 0 2070431759 291314 0 1116170648
k12 v61 0 0 2070431759 291315 0 1696782183
k5 v60 0 0 2070431759 291316 0 1471899163
k16 v73 0 0 2070431759 291317 0 39641444
k2 v64 0 0 2070431759 291318 0 4050401378
k10 v96 0 0 2070431760 291319 0 2945598929
k0 v55 0 0 2070431758 291320 0 79062753
k13 v25 0 0 2070431760 291321 0 3803025122
k11 v33 0 0 2070431760 291322 0 1072631939
k10 v68 0 0 2070431760 291323 0 47634251
k17 v27 0 0 2070431760 291324 0 1430826424
k11 v0 0 0 2070431760 291325 0 54025610
k17 v46 0 0 2070431759 291326 0 3538343508
k2 v20 0 0 2070431760 291327 0 241455864
k12 v80 0 0 2070431760 291328 0 1117783915
k16 v26 0 0 2070431759 291329 0 942679433
k14 v78 0 0 2070431759 291330 0 2440948572
k2 v36 0 0 2070431760 291331 0 1107656962
k7 v21 0 0 2070431759 291332 0 2858130277
k8 v61 0 0 2070431760 291333 0 4051391225
k9 v12 0 0 2070431760 291334 0 3808945528
k8 v76 0 0 2070431760 291335 0 3653226610
k10 v26 0 0 2070431759 291336 0 1403003147
k18 v97 0 0 2070431760 291337 0 1464583249
k12 v63 0 0 2070431760 291338 0 1057238054
k12 v64 0 0 2070431760 291339 0 3344677876
k11 v5 0 0 2070431759 291340 0 2005541516
k13 v96 0 0 2070431760 291341 0 392508431
k9 v41 0 0 2070431760 291342 0 2459475604
k6 v78 0 0 2070431760 291343 0 2116098890
k14 v57 0 0 2070431759 291344 0 1745176961
k0 v79 0 0 2070431760 291345 0 2698442224
k4 v14 0 0 2070431760 291346 0 3419079883
k8 v54 0 0 2070431760 291347 0 3234648964
k5 v5 0 0 2070431760 291348 0 2950655204
k16 v2 0 0 2070431760 291349 0 68626168
k8 v4 0 0 2070431760 291350 0 4050216541
k9 v45 0 0 2070431760 291351 0 4137307193
k10 v52 0 0 2070431760 291352 0 847893074
k16 v15 0 0 2070431760 291353 0 904213313
k16 v35 0 0 2070431759 291354 0 3097658133
k13 v85 0 0 2070431760 291355 0 1119376744
k11 v59 0 0 2070431759 291356 0 3643162900
k4 v8 0 0 2070431760 291357 0 2298247281
k10 v56 0 0 2070431760 291358 0 2257310081
k14 v56 0 0 2070431760 291359 0 2680963411
k14 v5 0 0 2070431760 291360 0 423962316
k9 v15 0 0 2070431760 291361 0 2046784837
k16 v67 0 0 2070431760 291362 0 2375109773
k17 v83 0 0 2070431760 291363 0 2463854833
k15 v6 0 0 2070431760 291364 0 3316173506
k15 v18 0 0 2070431760 291365 0 2706183438
k3 v56 0 0 2070431760 291366 0 1723939388
k13 v46 0 0 2070431760 291367 0 3932866996
k19 v68 0 0 2070431760 291368 0 2111901614
k2 v18 0 0 2070431760 291369 0 1898677243
k12 v68 0 0 2070431760 291370 0 3265697162
k6 v45 0 0 2070431760 291371 0 2199798751
k1 v16 0 0 2070431760 291372 0 4227875421
k16 v70 0 0 2070431760 291373 0 3956683510
k19 v91 0 0 2070431760 291374 0 1681868879
k6 v36 0 0 2070431759 291375 0 134113959
k16 v11 0 0 2070431761 291376 0 3377592493
k17 v50 0 0 2070431760 291377 0 4027391067
k11 v75 0 0 2070431761 291378 0 2579211026
k11 v89 0 0 2070431761 291379 0 528687254
k18 v95 0 0 2070431760 291380 0 3734096891
k1 v56 0 0 2070431761 291381 0 35803782
k6 v76 0 0 2070431760 291382 0 2010683400
k7 v59 0 0 2070431760 291383 0 1844130497
k11 v43 0 0 2070431760 291384 0 231060619
k8 v21 0 0 2070431760 291385 0 3113033253
k14 v19 0 0 2070431761 291386 0 2990586571
k6 v68 0 0 2070431761 291387 0 1076339754
k17 v35 0 0 2070431761 291388 0 1842647790
k2 v31 0 0 2070431761 291389 0 2875671270
k16 v30 0 0 2070431761 291390 0 339101722
k19 v45 0 0 2070431761 291391 0 960558228
k2 v98 0 0 2070431761 291392 0 1893405925
k12 v33 0 0 2070431761 291393 0 2431580032
k10 v19 0 0 2070431761 291394 0 2179470317
k2 v85 0 0 2070431760 291395 0 3669690255
k10 v35 0 0 2070431761 291396 0 2217496057
k1 v6 0 0 2070431761 291397 0 524107052
k15 v48 0 0 2070431760 291398 0 2459741019
k5 v44 0 0 2070431761 291399 0 2658264632
k0 v11 0 0 2070431761 291400 0 3761455674
k3 v59 0 0 2070431761 291401 0 15702095
k4 v18 0 0 2070431761 291402 0 719678687
k1 v62 0 0 2070431761 291403 0 2518888639
k16 v47 0 0 2070431761 291404 0 1795141347
k4 v58 0 0 2070431761 291405 0 2002648739
k16 v67 0 0 2070431760 291406 0 1890045314
k3 v26 0 0 2070431761 291407 0 1137559984
k5 v34 0 0 2070431761 291408 0 2089505303
k1 v12 0 0 2070431761 291409 0 86728301
k14 v72 0 0 2070431761 291410 0 2991816901
k0 v73 0 0 2070431761 291411 0 3289999878
k10 v55 0 0 2070431761 291412 0 2243552314
k14 v38 0 0 2070431761 291413 0 3700586371
k0 v70 0 0 2070431761 291414 0 382194569
k14 v14 0 0 2070431761 291415 0 3174755475
k0 v2 0 0 2070431761 291416 0 3425168117
k9 v92 0 0 2070431761 291417 0 3206632324
k1 v53 0 0 2070431761 291418 0 1785477862
k16 v29 0 0 2070431761 291419 0 827782200
k13 v96 0 0 2070431761 291420 0 1536049627
k7 v3 0 0 2070431760 291421 0 1295304691
k0 v11 0 0 2070431761 291422 0 3514954966
k0 v53 0 0 2070431761 291423 0 279820192
k18 v39 0 0 2070431761 291424 0 4095182574
k6 v40 0 0 2070431760 291425 0 1474604182
k14 v64 0 0 2070431761 291426 0 4256597841
k11 v68 0 0 2070431759 291427 0 1188882380
k19 v96 0 0 2070431761 291428 0 2121816860
k18 v56 0 0 2070431761 291429 0 3407580484
k11 v46 0 0 2070431761 291430 0 520844886
k2 v34 0 0 2070431761 291431 0 3652636585
k3 v45 0 0 2070431762 291432 0 3957836867
k11 v96 0 0 2070431761 291433 0 2633477062
k16 v8 0 0 2070431760 291434 0 2117392055
k5 v14 0 0 2070431761 291435 0 799511422
k0 v49 0 0 2070431761 291436 0 2765556338
k0 v28 0 0 2070431762 291437 0 2685993552
k13 v30 0 0 2070431761 291438 0 3615503418
k11 v3 0 0 2070431761 291439 0 1352338780
k18 v9 0 0 2070431761 291440 0 2103984750
k0 v81 0 0 2070431762 291441 0 3397801644
k10 v71 0 0 2070431761 291442 0 693882101
k2 v94 0 0 2070431762 291443 0 2708911174
k8 v50 0 0 2070431760 291444 0 953897895
k6 v66 0 0 2070431762 291445 0 1907051505
k18 v96 0 0 2070431762 291446 0 4052412183
k1 v28 0 0 2070431762 291447 0 1042677249
k11 v85 0 0 2070431762 291448 0 3299913023
k2 v0 0 0 2070431761 291449 0 2850720733
k8 v43 0 0 2070431762 291450 0 790836669
k3 v54 0 0 2070431762 291451 0 1056594922
k9 v43 0 0 2070431762 291452 0 2254880235
k15 v16 0 0 2070431761 291453 0 3184820113
k12 v31 0 0 2070431762 291454 0 254005749
k18 v73 0 0 2070431762 291455 0 589300300
k12 v12 0 0 2070431762 291456 0 1987641280
k1 v18 0 0 2070431762 291457 0 1157174997
k7 v39 0 0 2070431762 291458 0 2936554075
k14 v82 0 0 2070431762 291459 0 2785155997
k0 v6 0 0 2070431762 291460 0 1599125324
k11 v70 0 0 2070431761 291461 0 4293302986
k19 v16 0 0 2070431762 291462 0 685970911
k9 v26 0 0 2070431762 291463 0 1082976042
k19 v46 0 0 2070431761 291464 0 2098541215
k18 v99 0 0 2070431762 291465 0 2780565659
k13 v41 0 0 2070431762 291466 0 3452395938
k9 v11 0 0 2070431762 291467 0 3199862366
k12 v35 0 0 2070431762 291468 0 4013804537
k8 v25 0 0 2070431762 291469 0 2394532030
k7 v63 0 0 2070431761 291470 0 820788421
k17 v8 0 0 2070431762 291471 0 1363667347
k15 v74 0 0 2070431762 291472 0 355986967
k14 v90 0 0 2070431762 291473 0 176018027
k10 v83 0 0 2070431762 291474 0 1964190571
k6 v52 0 0 2070431762 291475 0 1176411154
k12 v55 0 0 2070431762 291476 0 2252441990
k7 v38 0 0 2070431762 291477 0 1316204988
k5 v50 0 0 2070431762 291478 0 1335602670
k14 v28 0 0 2070431762 291479 0 866478022
k8 v97 0 0 2070431762 291480 0 3251094500
k11 v15 0 0 2070431762 291481 0 2789238266
k2 v7 0 0 2070431762 291482 0 751766018
k17 v20 0 0 2070431762 291483 0 690497534
k15 v73 0 0 2070431762 291484 0 2843060287
k14 v36 0 0 2070431761 291485 0 2632032493
k10 v23 0 0 2070431762 291486 0 2370766559
k12 v81 0 0 2070431762 291487 0 1916443376
k19 v25 0 0 2070431762 291488 0 203759478
k6 v72 0 0 2070431762 291489 0 87266654
k1 v9 0 0 2070431762 291490 0 1069278352
k2 v92 0 0 2070431762 291491 0 532404290
k1 v98 0 0 2070431762 291492 0 359010946
k5 v18 0 0 2070431762 291493 0 701729574
k13 v11 0 0 2070431762 291494 0 2039399224
k4 v27 0 0 2070431762 291495 0 3816502454
k2 v30 0 0 2070431762 291496 0 1526870018
k13 v99 0 0 2070431763 291497 0 639651745
k5 v80 0 0 2070431763 291498 0 561909289
k15 v59 0 0 2070431762 291499 0 2932350214
k2 v31 0 0 2070431763 291500 0 335081654
k5 v99 0 0 2070431762 291501 0 3961358206
k6 v10 0 0 2070431762 291502 0 1822099714
k9 v3 0 0 2070431763 291503 0 2164747545
k19 v85 0 0 2070431762 291504 0 3607719596
k2 v95 0 0 2070431762 291505 0 771680063
k17 v69 0 0 2070431763 291506 0 3290369207
k10 v19 0 0 2070431762 291507 0 250618782
k13 v97 0 0 2070431762 291508 0 3280422013
k8 v4 0 0 2070431763 291509 0 2374256576
k11 v97 0 0 2070431762 291510 0 3876222891
k2 v5 0 0 2070431763 291511 0 3068883769
k11 v57 0 0 2070431763 291512 0 782047354
k3 v90 0 0 2070431763 291513 0 104141019
k8 v46 0 0 2070431763 291514 0 333115265
k10 v79 0 0 2070431763 291515 0 127086195
k19 v30 0 0 2070431763 291516 0 1563507981
k10 v46 0 0 2070431763 291517 0 841268787
k17 v60 0 0 2070431762 291518 0 1867032164
k16 v92 0 0 2070431763 291519 0 2807137485
k12 v78 0 0 2070431763 291520 0 4032007360
k8 v35 0 0 2070431763 291521 0 2862968335
k3 v31 0 0 2070431763 291522 0 3107564686
k12 v41 0 0 2070431763 291523 0 1490858004
k8 v9 0 0 2070431762 291524 0 1096149968
k8 v74 0 0 2070431763 291525 0 3109524726
k15 v69 0 0 2070431762 291526 0 3869707182
k4 v23 0 0 2070431763 291527 0 3890427255
k13 v18 0 0 2070431763 291528 0 1438968282
k15 v69 0 0 2070431763 291529 0 2912229375
k9 v76 0 0 2070431763 291530 0 2489292508
k14 v54 0 0 2070431763 291531 0 850565466
k8 v93 0 0 2070431763 291532 0 3311387173
k0 v98 0 0 2070431763 291533 0 4002360122
k11 v35 0 0 2070431763 291534 0 1202723032
k14 v71 0 0 2070431763 291535 0 2576387388
k4 v50 0 0 2070431763 291536 0 963945875
k3 v64 0 0 2070431763 291537 0 1663395270
k5 v57 0 0 2070431763 291538 0 3720397914
k9 v35 0 0 2070431763 291539 0 4174210276
k15 v21 0 0 2070431763 291540 0 4160225805
k7 v98 0 0 2070431762 291541 0 1676003085
k6 v11 0 0 2070431763 291542 0 3261045254
k19 v49 0 0 2070431763 291543 0 3084279823
k6 v34 0 0 2070431762 291544 0 2548165756
k0 v2 0 0 2070431763 291545 0 458759109
k4 v60 0 0 2070431763 291546 0 1193619957
k15 v60 0 0 2070431763 291547 0 3475483447
k6 v93 0 0 2070431763 291548 0 3616279926
k2 v28 0 0 2070431758 291549 0 3333598682
k3 v2 0 0 2070431763 291550 0 1586833655
k12 v58 0 0 2070431763 291551 0 147040889
k5 v64 0 0 2070431763 291552 0 4145389387
k10 v37 0 0 2070431763 291553 0 1572957941
k17 v14 0 0 2070431763 291554 0 794045483
k9 v44 0 0 2070431763 291555 0 1551231556
k8 v53 0 0 2070431763 291556 0 2461365854
k15 v61 0 0 2070431764 291557 0 2705847135
k9 v76 0 0 2070431759 291558 0 4031135851
k12 v49 0 0 2070431763 291559 0 984062121
k1 v46 0 0 2070431762 291560 0 630822252
k0 v68 0 0 2070431764 291561 0 2627865956
k15 v30 0 0 2070431763 291562 0 1022823481
k3 v4 0 0 2070431763 291563 0 4091369656
k13 v3 0 0 2070431762 291564 0 4221376764
k1 v70 0 0 2070431763 291565 0 1803124353
k0 v47 0 0 2070431764 291566 0 1270409983
k18 v9 0 0 2070431764 291567 0 3253823942
k8 v16 0 0 2070431764 291568 0 1036400692
k1 v53 0 0 2070431763 291569 0 2359393594
k8 v0 0 0 2070431763 291570 0 400818517
k3 v20 0 0 2070431764 291571 0 1688702055
k5 v82 0 0 2070431763 291572 0 2742934080
k6 v49 0 0 2070431764 291573 0 3275705744
k16 v87 0 0 2070431763 291574 0 2720191923
k10 v53 0 0 2070431763 291575 0 2966418306
k18 v46 0 0 2070431763 291576 0 789295334
k2 v90 0 0 2070431764 291577 0 4150413984
k15 v91 0 0 2070431764 291578 0 1766765776
k5 v59 0 0 2070431764 291579 0 3505332153
k18 v3 0 0 2070431764 291580 0 3543888437
k6 v70 0 0 2070431764 291581 0 2046232376
k6 v64 0 0 2070431764 291582 0 2213362748
k6 v4 0 0 2070431764 291583 0 3088026475
k9 v67 0 0 2070431762 291584 0 3396404351
k8 v29 0 0 2070431764 291585 0 2239207857
k2 v40 0 0 2070431764 291586 0 1307882127
k15 v85 0 0 2070431763 291587 0 1048088316
k2 v8 0 0 2070431763 291588 0 3735680338
k18 v85 0 0 2070431762 291589 0 4157057933
k13 v37 0 0 2070431764 291590 0 64418934
k11 v32 0 0 2070431764 291591 0 3704735425
k1 v40 0 0 2070431764 291592 0 1589585025
k3 v27 0 0 2070431764 291593 0 3175835004
k2 v60 0 0 2070431764 291594 0 2596584263
k19 v77 0 0 2070431764 291595 0 2172097607
k4 v37 0 0 2070431764 291596 0 694127113
k15 v92 0 0 2070431764 291597 0 1273088223
k4 v99 0 0 2070431764 291598 0 1863509227
k11 v96 0 0 2070431764 291599 0 2614341531
k12 v77 0 0 2070431764 291600 0 2537066104
k1 v0 0 0 2070431764 291601 0 3182150310
k0 v95 0 0 2070431764 291602 0 1542653048
k11 v84 0 0 2070431764 291603 0 692856418
k2 v12 0 0 2070431763 291604 0 776787691
k6 v60 0 0 2070431764 291605 0 2665988084
k9 v82 0 0 2070431764 291606 0 3670756739
k19 v22 0 0 2070431753 291607 0 1002700866
k14 v76 0 0 2070431756 291608 0 2900653812
k14 v99 0 0 2070431764 291609 0 1627848860
k18 v8 0 0 2070431763 291610 0 4142429237
k1 v47 0 0 2070431764 291611 0 2289053575
k11 v85 0 0 2070431764 291612 0 1425163858
k5 v82 0 0 2070431764 291613 0 2795188548
k1 v18 0 0 2070431764 291614 0 79375558
k8 v14 0 0 2070431764 291615 0 1432127902
k10 v71 0 0 2070431764 291616 0 2836729333
k10 v50 0 0 2070431764 291617 0 833422991
k16 v6 0 0 2070431749 291618 0 1397620116
k10 v27 0 0 2070431757 291619 0 2425303276
k19 v69 0 0 2070431765 291620 0 2825447530
k18 v44 0 0 2070431764 291621 0 3024041137
k18 v37 0 0 2070431765 291622 0 2515971198
k11 v59 0 0 2070431764 291623 0 877165298
k10 v55 0 0 2070431764 291624 0 860633866
k0 v24 0 0 2070431765 291625 0 3759666844
k14 v82 0 0 2070431765 291626 0 2216284229
k9 v53 0 0 2070431764 291627 0 232922553
k5 v19 0 0 2070431765 291628 0 64571352
k18 v14 0 0 2070431765 291629 0 1030699266
k1 v65 0 0 2070431765 291630 0 1884274119
k4 v54 0 0 2070431764 291631 0 547913466
k18 v19 0 0 2070431765 291632 0 1762167891
k19 v23 0 0 2070431765 291633 0 3345708315
k2 v38 0 0 2070431765 291634 0 1505017974
k1 v8 0 0 2070431765 291635 0 2331013079
k8 v90 0 0 2070431765 291636 0 3661687938
k8 v33 0 0 2070431764 291637 0 1634637980
k4 v66 0 0 2070431752 291638 0 3210216606
k5 v52 0 0 2070431765 291639 0 998998893
k3 v18 0 0 2070431763 291640 0 2169500121
k19 v66 0 0 2070431764 291641 0 97244454
k2 v33 0 0 2070431764 291642 0 4101630611
k8 v60 0 0 2070431765 291643 0 4000153964
k0 v25 0 0 2070431763 291644 0 1586071982
k6 v47 0 0 2070431765 291645 0 1355067480
k17 v43 0 0 2070431765 291646 0 2753405761
k13 v17 0 0 2070431764 291647 0 2990432113
k15 v2 0 0 2070431765 291648 0 1531593903
k13 v87 0 0 2070431765 291649 0 1514141833
k9 v86 0 0 2070431764 291650 0 3300377527
k4 v48 0 0 2070431764 291651 0 1758051389
k2 v35 0 0 2070431764 291652 0 1905794417
k13 v47 0 0 2070431765 291653 0 2518251513
k9 v37 0 0 2070431765 291654 0 1476048638
k5 v81 0 0 2070431765 291655 0 2496361290
k19 v6 0 0 2070431764 291656 0 2746113489
k2 v58 0 0 2070431764 291657 0 1283713631
k17 v82 0 0 2070431765 291658 0 1764807283
k18 v86 0 0 2070431765 291659 0 1220989923
k11 v50 0 0 2070431765 291660 0 746220679
k9 v84 0 0 2070431764 291661 0 354695715
k8 v31 0 0 2070431765 291662 0 481744928
k10 v15 0 0 2070431765 291663 0 2773942580
k1 v46 0 0 2070431765 291664 0 1501951647
k8 v47 0 0 2070431765 291665 0 3191035242
k19 v22 0 0 2070431765 291666 0 3652221171
k9 v18 0 0 2070431765 291667 0 3872008760
k1 v49 0 0 2070431765 291668 0 2309999026
k2 v80 0 0 2070431765 291669 0 702947831
k12 v28 0 0 2070431765 291670 0 2942398311
k0 v16 0 0 2070431765 291671 0 861930780
k1 v39 0 0 2070431765 291672 0 459656535
k15 v86 0 0 2070431765 291673 0 708568934
k2 v10 0 0 2070431765 291674 0 664977253
k10 v54 0 0 2070431764 291675 0 1241248742
k1 v16 0 0 2070431765 291676 0 3880941839
k1 v9 0 0 2070431765 291677 0 3668483791
k4 v47 0 0 2070431765 291678 0 180003749
k3 v63 0 0 2070431765 291679 0 3476152430
k2 v56 0 0 2070431765 291680 0 3729302578
k19 v61 0 0 2070431764 291681 0 3986000593
k2 v59 0 0 2070431765 291682 0 2430711441
k8 v62 0 0 2070431765 291683 0 767102596
k17 v87 0 0 2070431765 291684 0 3872906803
k14 v43 0 0 2070431765 291685 0 4040110299
k1 v33 0 0 2070431765 291686 0 591458128
k4 v38 0 0 2070431765 291687 0 2466647598
k13 v93 0 0 2070431765 291688 0 2601080939
k16 v89 0 0 2070431765 291689 0 3522298317
k8 v64 0 0 2070431760 291690 0 3415581889
k5 v9 0 0 2070431765 291691 0 3670902595
k3 v51 0 0 2070431765 291692 0 2542526656
k10 v90 0 0 2070431765 291693 0 2691932000
k0 v17 0 0 2070431765 291694 0 569304853
k11 v55 0 0 2070431766 291695 0 4283697155
k11 v85 0 0 2070431765 291696 0 4062696048
k15 v0 0 0 2070431765 291697 0 516210111
k16 v0 0 0 2070431764 291698 0 1821248686
k2 v8 0 0 2070431765 291699 0 313133133
k19 v26 0 0 2070431765 291700 0 2100703227
k13 v8 0 0 2070431766 291701 0 2656488706
k11 v15 0 0 2070431765 291702 0 2601435510
k10 v78 0 0 2070431765 291703 0 1493834120
k3 v22 0 0 2070431765 291704 0 2968703038
k13 v7 0 0 2070431766 291705 0 2258991143
k0 v17 0 0 2070431764 291706 0 1746917859
k4 v28 0 0 2070431766 291707 0 888978574
k10 v38 0 0 2070431766 291708 0 646497051
k2 v96 0 0 2070431766 291709 0 10560392
k19 v99 0 0 2070431766 291710 0 3490232731
k6 v2 0 0 2070431766 291711 0 3924262981
k16 v63 0 0 2070431765 291712 0 28387426
k3 v78 0 0 2070431766 291713 0 2865237046
k6 v95 0 0 2070431766 291714 0 456711083
k2 v7 0 0 2070431766 291715 0 4204791390
k6 v98 0 0 2070431766 291716 0 2673852292
k15 v5 0 0 2070431765 291717 0 2212584317
k9 v26 0 0 2070431765 291718 0 3192360595
k9 v76 0 0 2070431766 291719 0 2767208212
k5 v56 0 0 2070431766 291720 0 2471877068
k0 v65 0 0 2070431766 291721 0 3319164131
k9 v8 0 0 2070431766 291722 0 1258542497
k7 v95 0 0 2070431766 291723 0 3444316641
k15 v21 0 0 2070431766 291724 0 1978694996
k13 v33 0 0 2070431766 291725 0 3560295293
k6 v81 0 0 2070431766 291726 0 4202655671
k18 v30 0 0 2070431766 291727 0 1073126958
k9 v80 0 0 2070431766 291728 0 2006688503
k2 v6 0 0 2070431766 291729 0 825543757
k16 v46 0 0 2070431766 291730 0 1908557839
k3 v49 0 0 2070431766 291731 0 2231567231
k9 v23 0 0 2070431765 291732 0 1822843496
k7 v76 0 0 2070431766 291733 0 2968007340
k10 v28 0 0 2070431766 291734 0 396472784
k13 v63 0 0 2070431765 291735 0 3596296588
k15 v72 0 0 2070431766 291736 0 1687076622
k6 v33 0 0 2070431766 291737 0 1988413912
k4 v14 0 0 2070431766 291738 0 420126992
k8 v22 0 0 2070431766 291739 0 4291390930
k19 v96 0 0 2070431766 291740 0 2858158929
k4 v98 0 0 2070431766 291741 0 994261057
k9 v37 0 0 2070431766 291742 0 911285193
k12 v97 0 0 2070431766 291743 0 2454329807
k17 v2 0 0 2070431766 291744 0 4020019877
k6 v71 0 0 2070431766 291745 0 2580205544
k13 v33 0 0 2070431766 291746 0 4220904460
k13 v98 0 0 2070431764 291747 0 1408188739
k4 v94 0 0 2070431766 291748 0 968343267
k19 v42 0 0 2070431765 291749 0 321770225
k14 v33 0 0 2070431766 291750 0 3669274899
k8 v31 0 0 2070431766 291751 0 65951036
k4 v65 0 0 2070431766 291752 0 3957884982
k19 v34 0 0 2070431765 291753 0 96750529
k6 v11 0 0 2070431766 291754 0 1999540568
k2 v92 0 0 2070431766 291755 0 3828499766
k5 v59 0 0 2070431766 291756 0 3168737518
k19 v61 0 0 2070431767 291757 0 2233785986
k0 v18 0 0 2070431767 291758 0 38224196
k5 v82 0 0 2070431766 291759 0 2716078346
k11 v37 0 0 2070431766 291760 0 221294420
k12 v34 0 0 2070431767 291761 0 30272124
k13 v15 0 0 2070431766 291762 0 4237978062
k0 v97 0 0 2070431767 291763 0 3130548097
k3 v36 0 0 2070431767 291764 0 661504822
k13 v82 0 0 2070431767 291765 0 605934572
k14 v75 0 0 2070431766 291766 0 410136994
k18 v0 0 0 2070431766 291767 0 3512814532
k3 v40 0 0 2070431766 291768 0 2864092969
k4 v64 0 0 2070431767 291769 0 2744636540
k12 v33 0 0 2070431766 291770 0 888805127
k7 v61 0 0 2070431766 291771 0 4215922175
k18 v65 0 0 2070431767 291772 0 776601380
k9 v20 0 0 2070431766 291773 0 1402122716
k3 v91 0 0 2070431767 291774 0 115148697
k16 v95 0 0 2070431767 291775 0 3228489617
k5 v87 0 0 2070431767 291776 0 3268938026
k14 v8 0 0 2070431766 291777 0 2828681793
k13 v53 0 0 2070431767 291778 0 1573352067
k16 v14 0 0 2070431765 291779 0 1852550608
k10 v54 0 0 2070431767 291780 0 165879832
k2 v24 0 0 2070431766 291781 0 1380517153
k19 v30 0 0 2070431767 291782 0 416220663
k9 v13 0 0 2070431766 291783 0 2356754888
k18 v38 0 0 2070431766 291784 0 2224529033
k4 v33 0 0 2070431767 291785 0 1775998924
k3 v80 0 0 2070431767 291786 0 3305806590
k19 v9 0 0 2070431766 291787 0 879489018
k5 v72 0 0 2070431767 291788 0 815283368
k5 v66 0 0 2070431765 291789 0 3130090067
k8 v44 0 0 2070431767 291790 0 2636696512
k15 v1 0 0 2070431765 291791 0 2504345114
k3 v0 0 0 2070431767 291792 0 2167669740
k6 v42 0 0 2070431767 291793 0 3746903178
k14 v95 0 0 2070431766 291794 0 4074182829
k19 v94 0 0 2070431767 291795 0 3650558549
k13 v61 0 0 2070431767 291796 0 2013955688
k4 v10 0 0 2070431767 291797 0 289592270
k9 v63 0 0 2070431767 291798 0 3405909234
k12 v53 0 0 2070431767 291799 0 3576792092
k2 v96 0 0 2070431767 291800 0 1168803849
k0 v97 0 0 2070431767 291801 0 3560985063
k1 v65 0 0 2070431767 291802 0 3804565842
k8 v15 0 0 2070431767 291803 0 166924217
k12 v62 0 0 2070431767 291804 0 693397549
k4 v72 0 0 2070431767 291805 0 1211492831
k3 v86 0 0 2070431767 291806 0 391726789
k14 v78 0 0 2070431767 291807 0 662465076
k7 v61 0 0 2070431767 291808 0 3138216187
k17 v4 0 0 2070431767 291809 0 1305606441
k14 v29 0 0 2070431767 291810 0 2176527015
k9 v87 0 0 2070431767 291811 0 3516010940
k13 v3 0 0 2070431767 291812 0 302153542
k12 v52 0 0 2070431767 291813 0 482940478
k15 v68 0 0 2070431767 291814 0 154811018
k1 v10 0 0 2070431767 291815 0 3995843557
k3 v16 0 0 2070431767 291816 0 2897454618
k18 v78 0 0 2070431767 291817 0 643556022
k11 v33 0 0 2070431767 291818 0 444778568
k7 v19 0 0 2070431767 291819 0 1474849639
k11 v42 0 0 2070431767 291820 0 3701293319
k12 v32 0 0 2070431767 291821 0 3666136867
k8 v37 0 0 2070431767 291822 0 1030135143
k10 v41 0 0 2070431767 291823 0 3278550490
k18 v92 0 0 2070431767 291824 0 2347410338
k15 v41 0 0 2070431767 291825 0 236935451
k5 v52 0 0 2070431768 291826 0 3322648439
k11 v74 0 0 2070431767 291827 0 1826736374
k4 v11 0 0 2070431765 291828 0 3853388941
k12 v59 0 0 2070431767 291829 0 3591560085
k14 v9 0 0 2070431767 291830 0 293361620
k6 v98 0 0 2070431767 291831 0 1196682725
k18 v41 0 0 2070431767 291832 0 3674910090
k7 v5 0 0 2070431768 291833 0 1674639006
k1 v10 0 0 2070431767 291834 0 4105461450
k8 v80 0 0 2070431768 291835 0 359489085
k14 v12 0 0 2070431768 291836 0 1143558776
k8 v98 0 0 2070431768 291837 0 626682259
k13 v16 0 0 2070431768 291838 0 3808300033
k3 v79 0 0 2070431768 291839 0 2066549232
k14 v25 0 0 2070431767 291840 0 1413928359
k10 v71 0 0 2070431768 291841 0 1475296165
k5 v60 0 0 2070431768 291842 0 389733038
k19 v80 0 0 2070431768 291843 0 3613476029
k4 v75 0 0 2070431767 291844 0 3076773585
k7 v92 0 0 2070431768 291845 0 859203106
k12 v38 0 0 2070431765 291846 0 2222490133
k19 v91 0 0 2070431768 291847 0 1236285793
k7 v77 0 0 2070431768 291848 0 2128463040
k0 v46 0 0 2070431765 291849 0 2483274075
k18 v43 0 0 2070431768 291850 0 4267693978
k6 v37 0 0 2070431768 291851 0 660077521
k6 v1 0 0 2070431768 291852 0 662910196
k13 v97 0 0 2070431768 291853 0 1158847304
k11 v61 0 0 2070431767 291854 0 4141080113
k13 v1 0 0 2070431767 291855 0 2424584145
k18 v21 0 0 2070431768 291856 0 2499150678
k7 v56 0 0 2070431768 291857 0 2032437251
k16 v57 0 0 2070431767 291858 0 3554809509
k13 v37 0 0 2070431767 291859 0 2817223013
k3 v82 0 0 2070431768 291860 0 3527631876
k16 v63 0 0 2070431768 291861 0 3971311779
k8 v74 0 0 2070431768 291862 0 1579118182
k0 v80 0 0 2070431767 291863 0 2623892186
k7 v27 0 0 2070431768 291864 0 1557125255
k13 v24 0 0 2070431768 291865 0 3763029192
k6 v16 0 0 2070431768 291866 0 3958630772
k15 v66 0 0 2070431768 291867 0 3883935239
k15 v25 0 0 2070431768 291868 0 3712512953
k12 v1 0 0 2070431768 291869 0 4034900200
k0 v50 0 0 2070431768 291870 0 3346780113
k0 v13 0 0 2070431768 291871 0 1664137185
k9 v29 0 0 2070431768 291872 0 4292636429
k13 v75 0 0 2070431767 291873 0 2260150198
k11 v61 0 0 2070431767 291874 0 4116122207
k6 v19 0 0 2070431768 291875 0 3179520161
k6 v72 0 0 2070431767 291876 0 2344714096
k13 v56 0 0 2070431768 291877 0 1888926889
k14 v46 0 0 2070431768 291878 0 510507862
k9 v19 0 0 2070431768 291879 0 1731605541
k1 v43 0 0 2070431768 291880 0 1730653292
k19 v4 0 0 2070431768 291881 0 2575912117
k4 v71 0 0 2070431768 291882 0 2146333126
k1 v71 0 0 2070431768 291883 0 4258925504
k0 v66 0 0 2070431768 291884 0 1467372254
k14 v44 0 0 2070431768 291885 0 1783755946
k14 v46 0 0 2070431768 291886 0 2343752165
k9 v41 0 0 2070431768 291887 0 3792768769
k18 v60 0 0 2070431768 291888 0 1966310006
k13 v9 0 0 2070431768 291889 0 1880240016
k7 v82 0 0 2070431768 291890 0 3645080234
k3 v96 0 0 2070431768 291891 0 288586431
k4 v96 0 0 2070431768 291892 0 1286058450
k10 v45 0 0 2070431768 291893 0 1492296654
k14 v96 0 0 2070431768 291894 0 278353667
k13 v66 0 0 2070431768 291895 0 857764290
k18 v53 0 0 2070431768 291896 0 1053100774
k16 v62 0 0 2070431768 291897 0 3570709342
k17 v78 0 0 2070431768 291898 0 15754981
k10 v50 0 0 2070431768 291899 0 374151365
k8 v87 0 0 2070431769 291900 0 4279162185
k11 v85 0 0 2070431769 291901 0 3178986017
k7 v35 0 0 2070431769 291902 0 790270298
k16 v90 0 0 2070431768 291903 0 2165232402
k10 v81 0 0 2070431769 291904 0 361926633
k2 v62 0 0 2070431768 291905 0 1538878962
k8 v48 0 0 2070431768 291906 0 778702781
k18 v31 0 0 2070431769 291907 0 1625953433
k5 v20 0 0 2070431768 291908 0 1083832614
k6 v28 0 0 2070431769 291909 0 2115381110
k8 v4 0 0 2070431769 291910 0 2257728974
k5 v44 0 0 2070431768 291911 0 675923655
k6 v78 0 0 2070431768 291912 0 3718845233
k15 v82 0 0 2070431768 291913 0 2738713866
k7 v50 0 0 2070431769 291914 0 2771749170
k15 v56 0 0 2070431769 291915 0 3757160216
k18 v87 0 0 2070431769 291916 0 2734447023
k6 v44 0 0 2070431769 291917 0 3294386402
k1 v52 0 0 2070431768 291918 0 3794715222
k19 v7 0 0 2070431769 291919 0 2235488003
k3 v88 0 0 2070431769 291920 0 4131982109
k2 v98 0 0 2070431769 291921 0 3959116566
k17 v79 0 0 2070431768 291922 0 730938797
k17 v93 0 0 2070431768 291923 0 3058737250
k5 v72 0 0 2070431769 291924 0 1693422451
k1 v94 0 0 2070431769 291925 0 709137092
k19 v12 0 0 2070431769 291926 0 2859161557
k9 v45 0 0 2070431768 291927 0 433522411
k2 v40 0 0 2070431769 291928 0 255045822
k11 v62 0 0 2070431769 291929 0 1152224868
k5 v35 0 0 2070431768 291930 0 1045864182
k13 v87 0 0 2070431769 291931 0 2556780829
k1 v17 0 0 2070431769 291932 0 4003211912
k19 v79 0 0 2070431769 291933 0 311514905
k1 v80 0 0 2070431769 291934 0 3819610485
k14 v21 0 0 2070431768 291935 0 51358199
k2 v81 0 0 2070431769 291936 0 3256795532
k5 v30 0 0 2070431769 291937 0 2520242352
k17 v48 0 0 2070431766 291938 0 3679392903
k12 v67 0 0 2070431769 291939 0 402656625
k17 v17 0 0 2070431768 291940 0 4075777340
k3 v25 0 0 2070431769 291941 0 2629322824
k10 v2 0 0 2070431769 291942 0 3856686844
k17 v61 0 0 2070431769 291943 0 4172031468
k12 v91 0 0 2070431769 291944 0 1624733506
k1 v67 0 0 2070431767 291945 0 3640606368
k14 v21 0 0 2070431765 291946 0 3060332896
k6 v32 0 0 2070431766 291947 0 4134769448
k6 v96 0 0 2070431768 291948 0 3954867847
k15 v25 0 0 2070431768 291949 0 2137780723
k9 v48 0 0 2070431767 291950 0 1017680552
k8 v43 0 0 2070431769 291951 0 2570633335
k9 v53 0 0 2070431769 291952 0 3065838334
k2 v18 0 0 2070431769 291953 0 4184878695
k12 v94 0 0 2070431769 291954 0 1251986794
k15 v18 0 0 2070431769 291955 0 3556331544
k11 v19 0 0 2070431769 291956 0 2649725198
k17 v42 0 0 2070431769 291957 0 3597649512
k7 v16 0 0 2070431769 291958 0 2555639692
k17 v19 0 0 2070431769 291959 0 4156422075
k8 v40 0 0 2070431769 291960 0 768344741
k6 v15 0 0 2070431769 291961 0 2131580290
k11 v43 0 0 2070431769 291962 0 569623880
k15 v37 0 0 2070431769 291963 0 532560027
k10 v11 0 0 2070431769 291964 0 2872539571
k15 v81 0 0 2070431769 291965 0 2469103965
k8 v17 0 0 2070431769 291966 0 401704085
k12 v76 0 0 2070431770 291967 0 1925272996
k8 v97 0 0 2070431769 291968 0 2894110829
k0 v27 0 0 2070431769 291969 0 3956169119
k3 v38 0 0 2070431767 291970 0 3152302161
k3 v39 0 0 2070431770 291971 0 3659941644
k5 v0 0 0 2070431770 291972 0 70917647
k2 v98 0 0 2070431770 291973 0 3610442775
k13 v86 0 0 2070431769 291974 0 2273052354
k3 v63 0 0 2070431768 291975 0 2699209445
k10 v99 0 0 2070431769 291976 0 552251074
k6 v40 0 0 2070431769 291977 0 2386349833
k13 v10 0 0 2070431770 291978 0 502682011
k13 v74 0 0 2070431769 291979 0 3020521773
k5 v54 0 0 2070431770 291980 0 1707556961
k14 v71 0 0 2070431769 291981 0 717161641
k19 v97 0 0 2070431770 291982 0 3319578886
k4 v80 0 0 2070431770 291983 0 866491516
k17 v33 0 0 2070431766 291984 0 540715338
k0 v69 0 0 2070431769 291985 0 1189377093
k3 v64 0 0 2070431769 291986 0 2910656534
k5 v30 0 0 2070431770 291987 0 2455124025
k13 v88 0 0 2070431770 291988 0 827935484
k7 v54 0 0 2070431769 291989 0 1369909161
k5 v36 0 0 2070431769 291990 0 1354913396
k13 v61 0 0 2070431770 291991 0 3391781574
k10 v59 0 0 2070431770 291992 0 1898398825
k19 v32 0 0 2070431770 291993 0 934888036
k4 v53 0 0 2070431770 291994 0 2053022485
k1 v17 0 0 2070431769 291995 0 2890545561
k16 v43 0 0 2070431770 291996 0 810471607
k4 v21 0 0 2070431770 291997 0 4065984514
k3 v0 0 0 2070431770 291998 0 2260369679
k0 v15 0 0 2070431768 291999 0 2649287251
k5 v34 0 0 2070431770 292000 0 2806063429
k11 v70 0 0 2070431770 292001 0 3900186402
k15 v32 0 0 2070431770 292002 0 457088837
k6 v93 0 0 2070431770 292003 0 3673941283
k16 v36 0 0 2070431770 292004 0 1970072231
k1 v14 0 0 2070431770 292005 0 1051620846
k14 v2 0 0 2070431770 292006 0 3904412182
k10 v98 0 0 2070431770 292007 0 1799719026
k5 v24 0 0 2070431770 292008 0 4030867667
k10 v71 0 0 2070431770 292009 0 3736421560
k9 v26 0 0 2070431770 292010 0 4084358357
k13 v50 0 0 2070431770 292011 0 3773343617
k8 v77 0 0 2070431770 292012 0 2993907936
k1 v5 0 0 2070431770 292013 0 1412375993
k10 v98 0 0 2070431770 292014 0 1101705606
k3 v12 0 0 2070431770 292015 0 1457082853
k18 v2 0 0 2070431770 292016 0 211305761
k12 v51 0 0 2070431770 292017 0 1218892181
k16 v82 0 0 2070431770 292018 0 3357192016
k7 v58 0 0 2070431770 292019 0 3218873343
k11 v80 0 0 2070431770 292020 0 3203560739
k5 v84 0 0 2070431770 292021 0 3811725311
k9 v77 0 0 2070431769 292022 0 594686725
k14 v74 0 0 2070431770 292023 0 201853392
k5 v25 0 0 2070431770 292024 0 974424311
k2 v18 0 0 2070431769 292025 0 2429397566
k15 v79 0 0 2070431770 292026 0 1549603308
k3 v83 0 0 2070431769 292027 0 2983343096
k10 v28 0 0 2070431770 292028 0 2981481286
k3 v38 0 0 2070431770 292029 0 1274741235
k5 v42 0 0 2070431770 292030 0 1220773009
k6 v50 0 0 2070431770 292031 0 1915320831
k11 v48 0 0 2070431770 292032 0 668378857
k1 v18 0 0 2070431770 292033 0 3112456666
k13 v26 0 0 2070431770 292034 0 1944034343
k11 v70 0 0 2070431770 292035 0 2387764351
k12 v37 0 0 2070431770 292036 0 539471017
k10 v85 0 0 2070431770 292037 0 1082700568
k19 v8 0 0 2070431770 292038 0 3517085759
k9 v9 0 0 2070431770 292039 0 3341877942
k4 v59 0 0 2070431770 292040 0 2069323814
k2 v67 0 0 2070431769 292041 0 3847546353
k3 v16 0 0 2070431770 292042 0 1371467408
k13 v32 0 0 2070431770 292043 0 3907417250
k13 v59 0 0 2070431770 292044 0 1676180699
k0 v29 0 0 2070431770 292045 0 1872475048
k13 v21 0 0 2070431770 292046 0 2783071923
k8 v48 0 0 2070431770 292047 0 3461262476
k6 v8 0 0 2070431770 292048 0 1654130292
k15 v62 0 0 2070431770 292049 0 1927309687
k8 v88 0 0 2070431769 292050 0 3220329177
k6 v95 0 0 2070431770 292051 0 1780865183
k9 v21 0 0 2070431770 292052 0 654913560
k12 v23 0 0 2070431769 292053 0 2162050033
k13 v10 0 0 2070431770 292054 0 2289041315
k3 v14 0 0 2070431771 292055 0 425288818
k3 v60 0 0 2070431770 292056 0 3654572590
k7 v28 0 0 2070431771 292057 0 2199591019
k11 v15 0 0 2070431770 292058 0 3804672857
k10 v47 0 0 2070431770 292059 0 658741605
k0 v39 0 0 2070431770 292060 0 2394034205
k8 v93 0 0 2070431770 292061 0 20171343
k3 v14 0 0 2070431770 292062 0 2566147186
k7 v95 0 0 2070431771 292063 0 227339790
k4 v64 0 0 2070431771 292064 0 492500380
k4 v19 0 0 2070431771 292065 0 3690415144
k8 v89 0 0 2070431771 292066 0 1243054006
k6 v20 0 0 2070431770 292067 0 1264556746
k10 v92 0 0 2070431771 292068 0 1945061551
k17 v38 0 0 2070431771 292069 0 2322483573
k3 v83 0 0 2070431770 292070 0 4033636540
k9 v84 0 0 2070431771 292071 0 699821887
k5 v13 0 0 2070431771 292072 0 1494413874
k5 v76 0 0 2070431771 292073 0 2646480554
k18 v19 0 0 2070431770 292074 0 84655138
k15 v37 0 0 2070431770 292075 0 2059063064
k12 v33 0 0 2070431771 292076 0 2775183282
k14 v2 0 0 2070431771 292077 0 944160076
k0 v34 0 0 2070431771 292078 0 1028847121
k10 v18 0 0 2070431771 292079 0 433175185
k6 v75 0 0 2070431771 292080 0 1686337187
k7 v70 0 0 2070431771 292081 0 3445718313
k5 v23 0 0 2070431771 292082 0 693123052
k18 v77 0 0 2070431771 292083 0 1652106215
k4 v59 0 0 2070431771 292084 0 3666566360
k7 v97 0 0 2070431769 292085 0 1595416056
k15 v62 0 0 2070431771 292086 0 818449474
k4 v43 0 0 2070431770 292087 0 4123208741
k12 v72 0 0 2070431771 292088 0 1193851644
k3 v56 0 0 2070431770 292089 0 2846476932
k11 v75 0 0 2070431770 292090 0 3577267699
k3 v13 0 0 2070431771 292091 0 2506882689
k8 v27 0 0 2070431770 292092 0 826523261
k7 v22 0 0 2070431771 292093 0 3111683125
k14 v60 0 0 2070431771 292094 0 1384192175
k0 v19 0 0 2070431771 292095 0 3505889926
k3 v17 0 0 2070431770 292096 0 1483572097
k18 v17 0 0 2070431771 292097 0 4058679570
k9 v70 0 0 2070431771 292098 0 4027751691
k12 v77 0 0 2070431771 292099 0 1954230677
k1 v67 0 0 2070431771 292100 0 4051774914
k16 v13 0 0 2070431771 292101 0 3007555707
k4 v47 0 0 2070431771 292102 0 3160147322
k12 v65 0 0 2070431771 292103 0 1827500263
k3 v60 0 0 2070431771 292104 0 2571083196
k9 v0 0 0 2070431771 292105 0 3848829420
k10 v3 0 0 2070431771 292106 0 2775078315
k6 v61 0 0 2070431771 292107 0 1281015422
k7 v77 0 0 2070431770 292108 0 2279757488
k19 v25 0 0 2070431771 292109 0 4071089869
k2 v70 0 0 2070431771 292110 0 4164443077
k2 v95 0 0 2070431771 292111 0 426161707
k14 v68 0 0 2070431771 292112 0 800022342
k17 v53 0 0 2070431771 292113 0 155012769
k7 v68 0 0 2070431771 292114 0 91914410
k12 v82 0 0 2070431771 292115 0 167647093
k16 v27 0 0 2070431771 292116 0 3358801201
k0 v93 0 0 2070431771 292117 0 646537105
k3 v40 0 0 2070431771 292118 0 3498883578
k10 v3 0 0 2070431771 292119 0 590488403
k16 v18 0 0 2070431771 292120 0 2611926572
k17 v94 0 0 2070431771 292121 0 4009900324
k7 v88 0 0 2070431771 292122 0 2192152005
k19 v99 0 0 2070431771 292123 0 2249616471
k18 v65 0 0 2070431771 292124 0 3439829633
k4 v99 0 0 2070431771 292125 0 1102086887
k15 v35 0 0 2070431765 292126 0 2058704382
k12 v35 0 0 2070431771 292127 0 2250696360
k17 v23 0 0 2070431771 292128 0 2171121515
k3 v75 0 0 2070431771 292129 0 2605016094
k6 v96 0 0 2070431769 292130 0 1754443947
k18 v8 0 0 2070431771 292131 0 1667153997
k17 v52 0 0 2070431771 292132 0 1992659144
k19 v50 0 0 2070431768 292133 0 1079503153
k1 v34 0 0 2070431772 292134 0 1001298835
k18 v75 0 0 2070431771 292135 0 1241807465
k1 v81 0 0 2070431771 292136 0 4067534200
k13 v48 0 0 2070431772 292137 0 1303306589
k19 v98 0 0 2070431771 292138 0 21488877
k8 v25 0 0 2070431772 292139 0 4017616116
k1 v62 0 0 2070431772 292140 0 1401770722
k14 v55 0 0 2070431771 292141 0 3473295904
k8 v3 0 0 2070431771 292142 0 362901245
k10 v12 0 0 2070431771 292143 0 248589081
k7 v7 0 0 2070431772 292144 0 1594047873
k0 v84 0 0 2070431771 292145 0 1827330805
k3 v52 0 0 2070431771 292146 0 500212621
k1 v82 0 0 2070431772 292147 0 3473131669
k2 v4 0 0 2070431772 292148 0 395757703
k5 v12 0 0 2070431772 292149 0 3958689376
k4 v31 0 0 2070431772 292150 0 3958028669
k4 v24 0 0 2070431771 292151 0 3358514270
k19 v89 0 0 2070431772 292152 0 2333593582
k15 v25 0 0 2070431772 292153 0 2162764282
k17 v54 0 0 2070431772 292154 0 784257482
k18 v34 0 0 2070431772 292155 0 3080208069
k11 v18 0 0 2070431772 292156 0 814610530
k10 v39 0 0 2070431772 292157 0 860232140
k1 v26 0 0 2070431772 292158 0 3330432319
k10 v14 0 0 2070431772 292159 0 4283446162
k13 v35 0 0 2070431772 292160 0 3683792260
k4 v78 0 0 2070431771 292161 0 2491275465
k17 v3 0 0 2070431772 292162 0 786421182
k5 v74 0 0 2070431772 292163 0 1619094167
k10 v58 0 0 2070431770 292164 0 3411201451
k8 v93 0 0 2070431772 292165 0 2680581971
k3 v41 0 0 2070431772 292166 0 2695413332
k7 v74 0 0 2070431772 292167 0 3917184122
k10 v41 0 0 2070431772 292168 0 1118104496
k12 v32 0 0 2070431771 292169 0 4276667753
k17 v47 0 0 2070431772 292170 0 2032471796
k6 v73 0 0 2070431772 292171 0 3302292876
k13 v12 0 0 2070431772 292172 0 3991313119
k10 v36 0 0 2070431772 292173 0 674330759
k14 v23 0 0 2070431772 292174 0 3548126290
k11 v53 0 0 2070431772 292175 0 951050252
k9 v62 0 0 2070431771 292176 0 2309427192
k14 v8 0 0 2070431772 292177 0 1499495924
k15 v7 0 0 2070431772 292178 0 3041883610
k12 v27 0 0 2070431772 292179 0 3321232188
k15 v91 0 0 2070431772 292180 0 3005057446
k13 v83 0 0 2070431772 292181 0 316161935
k16 v90 0 0 2070431772 292182 0 2460608863
k3 v84 0 0 2070431772 292183 0 3418405577
k11 v80 0 0 2070431771 292184 0 2736738826
k6 v45 0 0 2070431772 292185 0 1423532163
k4 v4 0 0 2070431772 292186 0 4076750573
k13 v38 0 0 2070431772 292187 0 672958692
k7 v83 0 0 2070431772 292188 0 3375129602
k9 v1 0 0 2070431771 292189 0 581524510
k12 v21 0 0 2070431772 292190 0 2592796842
k16 v65 0 0 2070431772 292191 0 3755577242
k8 v70 0 0 2070431772 292192 0 2814246867
k8 v83 0 0 2070431772 292193 0 1561988214
k7 v44 0 0 2070431772 292194 0 2987715175
k8 v29 0 0 2070431770 292195 0 3745907896
k11 v45 0 0 2070431772 292196 0 48595086
k9 v54 0 0 2070431772 292197 0 3952085862
k2 v84 0 0 2070431772 292198 0 2995119073
k17 v33 0 0 2070431772 292199 0 2238969270
k18 v94 0 0 2070431773 292200 0 3540889360
k8 v66 0 0 2070431772 292201 0 2316117562
k0 v32 0 0 2070431772 292202 0 1649892003
k2 v65 0 0 2070431772 292203 0 4206729661
k0 v83 0 0 2070431773 292204 0 3274460520
k2 v16 0 0 2070431773 292205 0 2785277239
k4 v86 0 0 2070431772 292206 0 375807736
k4 v2 0 0 2070431773 292207 0 3217691825
k14 v1 0 0 2070431773 292208 0 4245959994
k9 v41 0 0 2070431773 292209 0 277733782
k14 v90 0 0 2070431772 292210 0 1349373013
k4 v12 0 0 2070431773 292211 0 1619706663
k17 v98 0 0 2070431772 292212 0 2305114456
k19 v65 0 0 2070431773 292213 0 1273219160
k1 v44 0 0 2070431772 292214 0 1131963979
k1 v41 0 0 2070431773 292215 0 3175319435
k13 v7 0 0 2070431772 292216 0 1325781384
k3 v38 0 0 2070431773 292217 0 4088945996
k1 v89 0 0 2070431773 292218 0 2721915577
k14 v67 0 0 2070431772 292219 0 754867873
k3 v53 0 0 2070431773 292220 0 2062609260
k17 v43 0 0 2070431773 292221 0 4127701367
k13 v94 0 0 2070431771 292222 0 3603326106
k1 v4 0 0 2070431772 292223 0 3676467024
k15 v92 0 0 2070431773 292224 0 2874158030
k14 v21 0 0 2070431773 292225 0 3632084484
k6 v82 0 0 2070431773 292226 0 2050208440
k3 v48 0 0 2070431773 292227 0 2551801165
k15 v15 0 0 2070431772 292228 0 268028857
k4 v4 0 0 2070431773 292229 0 2800644228
k0 v73 0 0 2070431773 292230 0 3910383899
k3 v64 0 0 2070431773 292231 0 4168324202
k11 v48 0 0 2070431770 292232 0 2380230242
k1 v39 0 0 2070431773 292233 0 480355465
k14 v21 0 0 2070431772 292234 0 202272236
k15 v39 0 0 2070431773 292235 0 1087235019
k6 v27 0 0 2070431773 292236 0 2437742747
k8 v18 0 0 2070431773 292237 0 1654977092
k0 v3 0 0 2070431773 292238 0 64101985
k15 v33 0 0 2070431772 292239 0 2009533543
k6 v45 0 0 2070431773 292240 0 4272669394
k19 v2 0 0 2070431773 292241 0 1992080037
k19 v36 0 0 2070431773 292242 0 1991897373
k5 v2 0 0 2070431773 292243 0 3414629801
k16 v19 0 0 2070431773 292244 0 3468229711
k8 v99 0 0 2070431773 292245 0 357086323
k12 v24 0 0 2070431773 292246 0 832420624
k19 v10 0 0 2070431772 292247 0 2810419566
k0 v5 0 0 2070431773 292248 0 2193528113
k6 v10 0 0 2070431773 292249 0 2311073441
k15 v65 0 0 2070431773 292250 0 1730335218
k2 v83 0 0 2070431773 292251 0 1426499631
k5 v11 0 0 2070431773 292252 0 2020908838
k13 v17 0 0 2070431773 292253 0 49021087
k6 v56 0 0 2070431772 292254 0 1742512939
k14 v91 0 0 2070431773 292255 0 2212408084
k6 v41 0 0 2070431773 292256 0 3890144314
k7 v55 0 0 2070431773 292257 0 3028375400
k0 v94 0 0 2070431773 292258 0 399304066
k11 v16 0 0 2070431773 292259 0 1894908090
k7 v89 0 0 2070431773 292260 0 2187447374
k17 v2 0 0 2070431773 292261 0 3196719691
k18 v98 0 0 2070431773 292262 0 914394315
k15 v56 0 0 2070431773 292263 0 2600399681
k17 v66 0 0 2070431773 292264 0 1127691404
k12 v34 0 0 2070431773 292265 0 2263793443
k10 v11 0 0 2070431773 292266 0 2400972395
k17 v38 0 0 2070431773 292267 0 4240550669
k9 v12 0 0 2070431771 292268 0 1840538103
k5 v42 0 0 2070431773 292269 0 3142333019
k12 v9 0 0 2070431772 292270 0 318907675
k19 v86 0 0 2070431773 292271 0 20879122
k3 v43 0 0 2070431773 292272 0 3520579739
k11 v95 0 0 2070431772 292273 0 3479730300
k19 v69 0 0 2070431773 292274 0 3541639110
k10 v6 0 0 2070431773 292275 0 4027607137
k12 v31 0 0 2070431773 292276 0 2274055880
k1 v29 0 0 2070431773 292277 0 3760081615
k19 v21 0 0 2070431773 292278 0 4035871427
k18 v30 0 0 2070431772 292279 0 1156702480
k3 v36 0 0 2070431773 292280 0 2865806179
k14 v95 0 0 2070431774 292281 0 2873237251
k10 v33 0 0 2070431774 292282 0 3307632781
k19 v5 0 0 2070431774 292283 0 2786168521
k9 v32 0 0 2070431774 292284 0 1740311784
k0 v50 0 0 2070431773 292285 0 3546082824
k16 v5 0 0 2070431774 292286 0 133980876
k9 v12 0 0 2070431774 292287 0 2823970390
k6 v13 0 0 2070431773 292288 0 912829262
k19 v85 0 0 2070431774 292289 0 1742151412
k0 v39 0 0 2070431774 292290 0 2880278865
k9 v28 0 0 2070431774 292291 0 3552686394
k9 v23 0 0 2070431774 292292 0 3399383425
k5 v2 0 0 2070431773 292293 0 3277819642
k2 v80 0 0 2070431774 292294 0 2215109085
k3 v25 0 0 2070431774 292295 0 3973309020
k12 v98 0 0 2070431774 292296 0 3193607972
k0 v16 0 0 2070431774 292297 0 2092398282
k7 v25 0 0 2070431772 292298 0 2672702469
k16 v99 0 0 2070431774 292299 0 1559826750
k5 v29 0 0 2070431774 292300 0 406127970
k10 v20 0 0 2070431774 292301 0 1758974919
k15 v59 0 0 2070431774 292302 0 1234084079
k0 v48 0 0 2070431773 292303 0 833104511
k14 v90 0 0 2070431773 292304 0 1104479389
k2 v96 0 0 2070431773 292305 0 994941732
k12 v51 0 0 2070431774 292306 0 3330288631
k8 v5 0 0 2070431774 292307 0 152398174
k3 v11 0 0 2070431774 292308 0 3689130305
k12 v84 0 0 2070431774 292309 0 3259197812
k6 v34 0 0 2070431774 292310 0 1184486235
k9 v56 0 0 2070431774 292311 0 359746264
k6 v33 0 0 2070431774 292312 0 2515212106
k4 v1 0 0 2070431774 292313 0 3350501428
k13 v53 0 0 2070431774 292314 0 2764685082
k1 v60 0 0 2070431774 292315 0 2392445900
k4 v85 0 0 2070431774 292316 0 3336443879
k11 v65 0 0 2070431774 292317 0 2639208454
k7 v35 0 0 2070431774 292318 0 1884588225
k11 v37 0 0 2070431774 292319 0 1143077921
k0 v35 0 0 2070431773 292320 0 3333893415
k4 v83 0 0 2070431774 292321 0 268083884
k16 v29 0 0 2070431773 292322 0 1607320317
k9 v66 0 0 2070431774 292323 0 1579095264
k10 v40 0 0 2070431774 292324 0 3759797802
k14 v73 0 0 2070431774 292325 0 770288081
k12 v28 0 0 2070431774 292326 0 1415550005
k11 v39 0 0 2070431773 292327 0 3420007816
k4 v18 0 0 2070431774 292328 0 1449265269
k3 v89 0 0 2070431774 292329 0 3868135476
k4 v94 0 0 2070431774 292330 0 1774050519
k0 v9 0 0 2070431774 292331 0 930900842
k19 v84 0 0 2070431774 292332 0 1437431037
k8 v68 0 0 2070431774 292333 0 3713458020
k8 v3 0 0 2070431773 292334 0 2929201160
k15 v59 0 0 2070431773 292335 0 239894888
k8 v42 0 0 2070431774 292336 0 334531170
k1 v71 0 0 2070431774 292337 0 1167515128
k8 v41 0 0 2070431774 292338 0 584772134
k4 v1 0 0 2070431773 292339 0 874163657
k9 v56 0 0 2070431774 292340 0 178370930
k17 v6 0 0 2070431774 292341 0 1100628736
k0 v47 0 0 2070431774 292342 0 1507904218
k13 v46 0 0 2070431774 292343 0 1494464695
k17 v27 0 0 2070431774 292344 0 2236920163
k17 v38 0 0 2070431774 292345 0 2131391389
k18 v27 0 0 2070431774 292346 0 3244427369
k13 v93 0 0 2070431774 292347 0 3190039551
k0 v78 0 0 2070431774 292348 0 2760822930
k2 v32 0 0 2070431774 292349 0 368023231
k10 v11 0 0 2070431774 292350 0 1769904584
k9 v48 0 0 2070431774 292351 0 2488937213
k7 v68 0 0 2070431774 292352 0 3066054943
k17 v95 0 0 2070431773 292353 0 1429256595
k1 v78 0 0 2070431775 292354 0 1579163619
k3 v33 0 0 2070431774 292355 0 1183605270
k17 v57 0 0 2070431774 292356 0 3745988494
k11 v69 0 0 2070431774 292357 0 1232123185
k10 v16 0 0 2070431775 292358 0 2353640909
k9 v12 0 0 2070431775 292359 0 1243580272
k16 v52 0 0 2070431773 292360 0 828839299
k18 v50 0 0 2070431774 292361 0 84175371
k11 v68 0 0 2070431774 292362 0 1395049579
k10 v40 0 0 2070431774 292363 0 2823931953
k6 v15 0 0 2070431775 292364 0 1790130815
k7 v89 0 0 2070431775 292365 0 2177193705
k5 v93 0 0 2070431775 292366 0 2410804579
k7 v48 0 0 2070431774 292367 0 758448766
k12 v79 0 0 2070431774 292368 0 630304004
k19 v53 0 0 2070431774 292369 0 4178003741
k17 v60 0 0 2070431775 292370 0 3697895560
k3 v16 0 0 2070431772 292371 0 675654553
k0 v20 0 0 2070431775 292372 0 2155206472
k17 v8 0 0 2070431775 292373 0 2763576354
k11 v18 0 0 2070431774 292374 0 1834585986
k13 v36 0 0 2070431775 292375 0 2822907822
k15 v96 0 0 2070431775 292376 0 2945650204
k3 v41 0 0 2070431774 292377 0 3558286382
k10 v4 0 0 2070431775 292378 0 4053995074
k10 v18 0 0 2070431775 292379 0 2402163589
k6 v61 0 0 2070431773 292380 0 3844388599
k8 v65 0 0 2070431775 292381 0 2580436020
k3 v57 0 0 2070431772 292382 0 2141880474
k4 v14 0 0 2070431775 292383 0 2812111133
k18 v17 0 0 2070431775 292384 0 1308234226
k3 v94 0 0 2070431774 292385 0 1848008669
k13 v77 0 0 2070431775 292386 0 4289531053
k6 v44 0 0 2070431775 292387 0 2739206357
k14 v70 0 0 2070431775 292388 0 4141031198
k19 v24 0 0 2070431775 292389 0 3079686722
k3 v88 0 0 2070431775 292390 0 2463465284
k15 v14 0 0 2070431771 292391 0 2168112337
k3 v63 0 0 2070431775 292392 0 1096714766
k14 v5 0 0 2070431775 292393 0 554652357
k8 v52 0 0 2070431775 292394 0 2132930102
k4 v85 0 0 2070431775 292395 0 793384194
k10 v46 0 0 2070431775 292396 0 2532566530
k7 v85 0 0 2070431775 292397 0 1805209277
k8 v61 0 0 2070431775 292398 0 119762451
k0 v44 0 0 2070431775 292399 0 3520056598
k4 v90 0 0 2070431775 292400 0 1953214960
k10 v81 0 0 2070431775 292401 0 2650527917
k3 v96 0 0 2070431775 292402 0 3032995337
k0 v24 0 0 2070431775 292403 0 1327178604
k5 v5 0 0 2070431774 292404 0 1294324708
k8 v23 0 0 2070431775 292405 0 4173095263
k2 v2 0 0 2070431775 292406 0 925116715
k17 v74 0 0 2070431775 292407 0 3666327732
k17 v73 0 0 2070431775 292408 0 3160081128
k7 v51 0 0 2070431775 292409 0 2166359311
k12 v82 0 0 2070431775 292410 0 3340574200
k19 v58 0 0 2070431774 292411 0 2603907153
k7 v36 0 0 2070431775 292412 0 1953437094
k9 v33 0 0 2070431775 292413 0 2878195108
k8 v76 0 0 2070431775 292414 0 1187802387
k12 v85 0 0 2070431768 292415 0 3612364476
k0 v46 0 0 2070431775 292416 0 257805908
k13 v6 0 0 2070431775 292417 0 483888458
k8 v10 0 0 2070431775 292418 0 2556934668
k5 v90 0 0 2070431774 292419 0 4088564420
k12 v31 0 0 2070431775 292420 0 874407422
k1 v94 0 0 2070431775 292421 0 3140940993
k15 v40 0 0 2070431775 292422 0 2081497804
k10 v67 0 0 2070431775 292423 0 4221959972
k0 v54 0 0 2070431776 292424 0 3837190270
k3 v45 0 0 2070431776 292425 0 1911902426
k19 v27 0 0 2070431776 292426 0 2171511243
k10 v70 0 0 2070431776 292427 0 1876433102
k8 v41 0 0 2070431776 292428 0 4243242965
k13 v95 0 0 2070431776 292429 0 2147209426
k14 v88 0 0 2070431776 292430 0 4039711793
k14 v79 0 0 2070431776 292431 0 3231750424
k14 v16 0 0 2070431776 292432 0 1630519100
k8 v36 0 0 2070431776 292433 0 2524916962
k9 v0 0 0 2070431776 292434 0 3274575839
k7 v12 0 0 2070431776 292435 0 470596296
k17 v32 0 0 2070431776 292436 0 3650070817
k12 v76 0 0 2070431776 292437 0 128924869
k14 v85 0 0 2070431776 292438 0 2386661524
k6 v35 0 0 2070431776 292439 0 776648958
k13 v81 0 0 2070431776 292440 0 2072215534
k13 v55 0 0 2070431776 292441 0 2225351589
k11 v14 0 0 2070431776 292442 0 897684594
k16 v66 0 0 2070431776 292443 0 4178234697
k4 v51 0 0 2070431776 292444 0 3421367616
k5 v39 0 0 2070431776 292445 0 576972193
k17 v46 0 0 2070431776 292446 0 4224373413
k9 v37 0 0 2070431776 292447 0 155725553
k10 v45 0 0 2070431776 292448 0 3159960143
k4 v94 0 0 2070431776 292449 0 1656901343
k4 v99 0 0 2070431776 292450 0 76781836
k7 v61 0 0 2070431776 292451 0 3131295980
k18 v0 0 0 2070431776 292452 0 3963535525
k2 v70 0 0 2070431776 292453 0 3909573105
k2 v59 0 0 2070431776 292454 0 3124634559
k13 v74 0 0 2070431776 292455 0 1621737133
k7 v90 0 0 2070431776 292456 0 3700484675
k18 v84 0 0 2070431776 292457 0 1758865690
k15 v37 0 0 2070431776 292458 0 2241723371
k15 v40 0 0 2070431776 292459 0 338029153
k14 v29 0 0 2070431776 292460 0 1381232023
k17 v70 0 0 2070431776 292461 0 1211273018
k18 v26 0 0 2070431776 292462 0 471801217
k0 v40 0 0 2070431776 292463 0 2110371490
k15 v15 0 0 2070431776 292464 0 90471759
k4 v97 0 0 2070431776 292465 0 1650104439
k1 v0 0 0 2070431775 292466 0 3223293525
k16 v73 0 0 2070431775 292467 0 2755496001
k6 v64 0 0 2070431775 292468 0 1464987860
k1 v50 0 0 2070431776 292469 0 2207201122
k10 v69 0 0 2070431776 292470 0 1093935752
k13 v57 0 0 2070431775 292471 0 3265520787
k7 v17 0 0 2070431776 292472 0 2144228556
k15 v12 0 0 2070431776 292473 0 2862819116
k3 v84 0 0 2070431773 292474 0 1957272479
k14 v43 0 0 2070431775 292475 0 21090814
k10 v2 0 0 2070431777 292476 0 888242653
k8 v18 0 0 2070431775 292477 0 2259225795
k10 v88 0 0 2070431777 292478 0 4092567528
k4 v36 0 0 2070431775 292479 0 3857943010
k19 v50 0 0 2070431775 292480 0 3700401331
k14 v49 0 0 2070431776 292481 0 3085693978
k3 v12 0 0 2070431777 292482 0 2481873635
k1 v77 0 0 2070431775 292483 0 4176564975
k1 v71 0 0 2070431775 292484 0 865294845
k16 v1 0 0 2070431777 292485 0 3386409577
k3 v19 0 0 2070431776 292486 0 156908545
k12 v51 0 0 2070431775 292487 0 2163569449
k5 v69 0 0 2070431777 292488 0 3747538227
k4 v26 0 0 2070431775 292489 0 1903512897
k2 v38 0 0 2070431777 292490 0 2293768641
k15 v61 0 0 2070431777 292491 0 2565841832
k6 v15 0 0 2070431775 292492 0 2858607229
k8 v50 0 0 2070431777 292493 0 626799033
k14 v26 0 0 2070431777 292494 0 2371231505
k11 v22 0 0 2070431777 292495 0 1099927118
k4 v49 0 0 2070431776 292496 0 4077013437
k18 v59 0 0 2070431777 292497 0 3018217502
k9 v92 0 0 2070431777 292498 0 2686351847
k13 v36 0 0 2070431775 292499 0 2478734609
k3 v82 0 0 2070431777 292500 0 2908732500
k1 v43 0 0 2070431777 292501 0 197027959
k2 v3 0 0 2070431777 292502 0 3434526577
k7 v7 0 0 2070431777 292503 0 3502873257
k16 v7 0 0 2070431777 292504 0 3796834336
k14 v8 0 0 2070431777 292505 0 2845544640
k13 v0 0 0 2070431777 292506 0 2058628081
k9 v17 0 0 2070431777 292507 0 2660491435
k9 v31 0 0 2070431775 292508 0 1003055025
k0 v45 0 0 2070431776 292509 0 278762976
k18 v96 0 0 2070431777 292510 0 27035112
k8 v78 0 0 2070431777 292511 0 3638211113
k10 v56 0 0 2070431775 292512 0 1178447612
k12 v1 0 0 2070431777 292513 0 1951328773
k14 v24 0 0 2070431777 292514 0 4046937920
k18 v88 0 0 2070431777 292515 0 4207524180
k11 v1 0 0 2070431777 292516 0 809612032
k0 v2 0 0 2070431777 292517 0 4214545349
k9 v12 0 0 2070431777 292518 0 860046924
k8 v68 0 0 2070431777 292519 0 2413411263
k0 v36 0 0 2070431777 292520 0 3359584715
k8 v96 0 0 2070431777 292521 0 279661479
k6 v22 0 0 2070431777 292522 0 3337898484
k15 v90 0 0 2070431775 292523 0 1969748667
k4 v23 0 0 2070431777 292524 0 408880861
k1 v99 0 0 2070431777 292525 0 2475841392
k1 v29 0 0 2070431777 292526 0 3864235814
k13 v57 0 0 2070431777 292527 0 1756094950
k12 v37 0 0 2070431777 292528 0 2189234747
k16 v17 0 0 2070431777 292529 0 2147386260
k17 v51 0 0 2070431777 292530 0 2723619152
k12 v69 0 0 2070431777 292531 0 3332771591
k18 v67 0 0 2070431774 292532 0 2547220623
k8 v25 0 0 2070431777 292533 0 3524953421
k19 v68 0 0 2070431777 292534 0 2833955359
k16 v79 0 0 2070431777 292535 0 1028450318
k4 v59 0 0 2070431777 292536 0 358164494
k1 v9 0 0 2070431777 292537 0 3723161619
k7 v86 0 0 2070431777 292538 0 695321295
k16 v72 0 0 2070431777 292539 0 2743811194
k19 v92 0 0 2070431777 292540 0 3536406158
k5 v77 0 0 2070431777 292541 0 957876354
k8 v93 0 0 2070431777 292542 0 344044745
k14 v8 0 0 2070431777 292543 0 4173897626
k10 v22 0 0 2070431777 292544 0 1938006509
k5 v9 0 0 2070431777 292545 0 3056736020
k6 v28 0 0 2070431777 292546 0 4043329660
k13 v1 0 0 2070431777 292547 0 29460778
k11 v15 0 0 2070431777 292548 0 3726581829
k4 v30 0 0 2070431777 292549 0 2567948918
k0 v14 0 0 2070431777 292550 0 3816444095
k0 v96 0 0 2070431777 292551 0 358424068
k4 v63 0 0 2070431777 292552 0 1504949093
k19 v97 0 0 2070431777 292553 0 3551309669
k2 v41 0 0 2070431777 292554 0 3425243496
k6 v99 0 0 2070431777 292555 0 3764705627
k16 v52 0 0 2070431777 292556 0 3294256506
k3 v29 0 0 2070431777 292557 0 395410187
k7 v58 0 0 2070431777 292558 0 2631236425
k18 v82 0 0 2070431777 292559 0 107019962
k13 v71 0 0 2070431777 292560 0 1074021205
k9 v97 0 0 2070431777 292561 0 3921031913
k10 v42 0 0 2070431777 292562 0 3496007619
k12 v88 0 0 2070431777 292563 0 1156815000
k9 v57 0 0 2070431777 292564 0 2747976545
k8 v51 0 0 2070431777 292565 0 2776730913
k2 v40 0 0 2070431777 292566 0 2571040501
k1 v84 0 0 2070431778 292567 0 1443236529
k0 v12 0 0 2070431778 292568 0 1961290647
k6 v40 0 0 2070431778 292569 0 3352975621
k9 v19 0 0 2070431778 292570 0 340080930
k8 v98 0 0 2070431778 292571 0 3602436231
k10 v83 0 0 2070431778 292572 0 1525586387
k0 v20 0 0 2070431778 292573 0 654355460
k13 v58 0 0 2070431778 292574 0 3773960771
k3 v11 0 0 2070431778 292575 0 432442138
k5 v42 0 0 2070431778 292576 0 4255866956
k6 v1 0 0 2070431778 292577 0 4223771281
k13 v29 0 0 2070431778 292578 0 1086840913
k8 v2 0 0 2070431778 292579 0 22658645
k4 v15 0 0 2070431778 292580 0 1471761301
k16 v49 0 0 2070431778 292581 0 4148908708
k18 v13 0 0 2070431778 292582 0 3944945440
k11 v94 0 0 2070431778 292583 0 2906923126
k8 v39 0 0 2070431778 292584 0 79843506
k11 v72 0 0 2070431778 292585 0 2901546645
k12 v57 0 0 2070431778 292586 0 1047833865
k0 v11 0 0 2070431778 292587 0 1447663512
k14 v33 0 0 2070431777 292588 0 751636174
k15 v3 0 0 2070431778 292589 0 4148650848
k19 v63 0 0 2070431778 292590 0 709063449
k14 v29 0 0 2070431778 292591 0 3978489532
k4 v68 0 0 2070431778 292592 0 3153839061
k8 v91 0 0 2070431778 292593 0 380400379
k4 v66 0 0 2070431777 292594 0 762920344
k11 v93 0 0 2070431778 292595 0 462965588
k13 v34 0 0 2070431778 292596 0 4249970150
k12 v93 0 0 2070431777 292597 0 2255159879
k16 v89 0 0 2070431777 292598 0 3378551995
k7 v29 0 0 2070431778 292599 0 1500781790
k5 v75 0 0 2070431778 292600 0 642865873
k2 v69 0 0 2070431775 292601 0 2652526746
k10 v54 0 0 2070431778 292602 0 75565176
k7 v42 0 0 2070431778 292603 0 2058419851
k19 v37 0 0 2070431778 292604 0 2424655360
k14 v87 0 0 2070431778 292605 0 1290075317
k4 v35 0 0 2070431778 292606 0 4185985848
k11 v33 0 0 2070431778 292607 0 4126979516
k5 v70 0 0 2070431778 292608 0 3305242822
k7 v98 0 0 2070431778 292609 0 2140878956
k5 v16 0 0 2070431777 292610 0 2804378182
k16 v82 0 0 2070431778 292611 0 4015411312
k19 v56 0 0 2070431778 292612 0 1413987633
k3 v57 0 0 2070431778 292613 0 3481167534
k11 v9 0 0 2070431778 292614 0 1413069426
k6 v65 0 0 2070431778 292615 0 3017506304
k17 v4 0 0 2070431778 292616 0 2729411805
k0 v29 0 0 2070431778 292617 0 2917685160
k17 v89 0 0 2070431778 292618 0 2543164053
k0 v46 0 0 2070431778 292619 0 3116961729
k12 v33 0 0 2070431778 292620 0 3487354408
k4 v95 0 0 2070431778 292621 0 1953651098
k14 v26 0 0 2070431778 292622 0 2758839633
